image_name,image_path,true_label,true_label_enc,pred_label_enc,confidence,correct,prob_class_0,prob_class_1,prob_class_2,prob_class_3,prob_class_4,prob_class_5,prob_class_6,prob_class_7,prob_class_8,prob_class_9,prob_class_10,prob_class_11,prob_class_12,prob_class_13
1258.jpg,/mnt/data1/spring/multimodal_project/data/images/1258.jpg,12,12,12,0.866123,1,0.000201,0.000466,0.000586,0.000632,0.000812,0.003672,0.000452,6.7e-05,0.015786,0.000797,0.001937,0.000161,0.866123,0.10831
554.jpg,/mnt/data1/spring/multimodal_project/data/images/554.jpg,7,7,7,0.984607,1,0.000223,0.000388,0.00015,0.000653,0.000389,0.004742,0.000181,0.984607,0.001683,0.00249,0.000724,0.00122,0.002194,0.000355
171.jpg,/mnt/data1/spring/multimodal_project/data/images/171.jpg,3,3,3,0.926049,1,2.9e-05,0.073754,2e-05,0.926049,9.4e-05,1e-06,9e-06,2e-05,9e-06,1e-06,2e-06,8e-06,1e-06,2e-06
875.jpg,/mnt/data1/spring/multimodal_project/data/images/875.jpg,9,9,9,0.998488,1,1.2e-05,2.3e-05,2.1e-05,1e-05,1.1e-05,6e-06,6e-06,0.000177,0.000854,0.998488,0.000229,6e-05,7e-06,9.5e-05
1098.jpg,/mnt/data1/spring/multimodal_project/data/images/1098.jpg,11,11,11,0.965297,1,0.001924,0.005326,0.0041,0.000215,5.5e-05,0.001666,0.001454,0.019587,4.9e-05,0.000143,3.7e-05,0.965297,5.5e-05,9.2e-05
582.jpg,/mnt/data1/spring/multimodal_project/data/images/582.jpg,7,7,7,0.999821,1,2e-06,2e-06,3e-06,2e-06,4e-06,2e-06,2e-06,0.999821,0.0,2.5e-05,0.000132,1e-06,2e-06,1e-06
520.jpg,/mnt/data1/spring/multimodal_project/data/images/520.jpg,7,7,7,0.999957,1,1e-06,4e-06,0.0,3e-06,2e-06,1e-06,1e-06,0.999957,2e-06,2e-05,7e-06,2e-06,0.0,0.0
1103.jpg,/mnt/data1/spring/multimodal_project/data/images/1103.jpg,11,11,11,0.99941,1,1.5e-05,5e-05,6e-05,3.5e-05,2.7e-05,8e-05,2e-05,3.7e-05,2.2e-05,7.5e-05,9.8e-05,0.99941,1.2e-05,6e-05
267.jpg,/mnt/data1/spring/multimodal_project/data/images/267.jpg,5,5,5,0.846917,1,0.000451,0.107864,0.000727,0.017781,0.001901,0.846917,0.007732,0.002371,0.000414,0.000121,0.002094,0.006442,0.001266,0.003918
463.jpg,/mnt/data1/spring/multimodal_project/data/images/463.jpg,6,6,6,0.999887,1,7e-06,1.5e-05,8e-06,1e-05,3e-06,1.6e-05,0.999887,9e-06,1e-06,1e-06,0.0,3.9e-05,3e-06,1e-06
191.jpg,/mnt/data1/spring/multimodal_project/data/images/191.jpg,3,3,3,0.939341,1,5.4e-05,0.055957,0.00019,0.939341,0.004012,2.5e-05,0.000175,7.9e-05,2e-05,6e-06,9e-06,1.3e-05,3.9e-05,8.1e-05
1298.jpg,/mnt/data1/spring/multimodal_project/data/images/1298.jpg,13,13,13,0.881146,1,0.000887,0.000736,0.006782,0.000611,0.000344,0.00012,0.000664,0.01813,0.037909,0.032628,0.009766,0.000948,0.009329,0.881146
1166.jpg,/mnt/data1/spring/multimodal_project/data/images/1166.jpg,11,11,11,0.994238,1,9e-05,0.000311,7.5e-05,0.000128,1.8e-05,0.00014,0.004708,5.7e-05,0.000119,3.3e-05,3.7e-05,0.994238,2.8e-05,1.9e-05
796.jpg,/mnt/data1/spring/multimodal_project/data/images/796.jpg,8,8,8,0.965643,1,0.000193,0.000133,0.000171,2.8e-05,0.000132,0.00019,6.7e-05,0.000208,0.965643,0.028049,0.000431,0.00013,0.001394,0.003233
659.jpg,/mnt/data1/spring/multimodal_project/data/images/659.jpg,7,7,7,0.998358,1,0.000202,1.3e-05,3e-05,6e-06,7e-06,4.4e-05,2.4e-05,0.998358,1e-06,0.00094,0.000288,3.6e-05,1e-06,5e-05
1086.jpg,/mnt/data1/spring/multimodal_project/data/images/1086.jpg,10,10,10,0.999968,1,0.0,0.0,3e-06,1e-06,1e-06,1e-06,0.0,2e-06,1.9e-05,0.0,0.999968,0.0,3e-06,1e-06
1076.jpg,/mnt/data1/spring/multimodal_project/data/images/1076.jpg,10,10,10,0.993756,1,5e-05,9.1e-05,0.001173,0.000277,0.000263,0.000232,6.8e-05,0.000139,0.000322,4.8e-05,0.993756,1.8e-05,0.001997,0.001567
475.jpg,/mnt/data1/spring/multimodal_project/data/images/475.jpg,7,7,7,0.995635,1,8.6e-05,0.000463,0.001049,0.000155,0.001,9.4e-05,0.000369,0.995635,0.000121,0.000534,0.000205,0.000116,8e-05,9.3e-05
973.jpg,/mnt/data1/spring/multimodal_project/data/images/973.jpg,10,10,10,0.994335,1,3.5e-05,2.9e-05,0.000212,9.6e-05,0.000181,0.003953,4.2e-05,0.000709,0.000124,4.5e-05,0.994335,1.6e-05,0.000119,0.000103
699.jpg,/mnt/data1/spring/multimodal_project/data/images/699.jpg,7,7,7,0.862241,1,0.000684,0.025528,0.000152,0.009391,0.089788,0.00679,0.00469,0.862241,4e-05,2.9e-05,0.000534,3e-05,3.8e-05,6.7e-05
22.jpg,/mnt/data1/spring/multimodal_project/data/images/22.jpg,0,0,0,0.944856,1,0.944856,0.000112,0.036733,0.000124,0.000191,1.6e-05,0.000174,0.00015,0.000125,0.017416,1.5e-05,5.7e-05,2e-05,1.1e-05
329.jpg,/mnt/data1/spring/multimodal_project/data/images/329.jpg,5,5,5,0.999758,1,4e-06,1e-06,0.000111,3e-06,4e-06,0.999758,3e-06,5.8e-05,5e-06,2e-06,3e-05,8e-06,7e-06,7e-06
898.jpg,/mnt/data1/spring/multimodal_project/data/images/898.jpg,9,9,9,0.80182,1,0.001496,0.001283,0.000727,0.001196,0.000985,0.000659,0.002504,0.008129,0.119996,0.80182,0.003907,0.001574,0.003514,0.05221
807.jpg,/mnt/data1/spring/multimodal_project/data/images/807.jpg,8,8,8,0.998995,1,6.5e-05,1.4e-05,0.000101,1.7e-05,6e-06,2e-06,2.9e-05,5e-06,0.998995,0.000111,4e-06,2e-06,5.5e-05,0.000592
1324.jpg,/mnt/data1/spring/multimodal_project/data/images/1324.jpg,13,13,13,0.954904,1,0.000101,0.001625,0.000366,0.00095,0.00022,0.001341,0.001708,0.000219,0.000101,0.004088,0.017059,0.001135,0.016181,0.954904
999.jpg,/mnt/data1/spring/multimodal_project/data/images/999.jpg,10,10,10,0.956674,1,0.00026,0.000166,0.001069,0.000313,0.000184,0.024792,0.000157,0.006179,0.002565,0.000242,0.956674,0.000169,0.00073,0.0065
406.jpg,/mnt/data1/spring/multimodal_project/data/images/406.jpg,5,5,5,0.994969,1,1e-06,1e-05,8e-06,5e-06,2.7e-05,0.994969,1e-06,0.000218,3e-06,0.0,0.004714,1e-06,3.7e-05,5e-06
853.jpg,/mnt/data1/spring/multimodal_project/data/images/853.jpg,9,9,9,0.844947,1,0.000411,0.000439,0.000415,0.000158,0.000774,0.000976,0.000259,0.108315,0.009497,0.844947,0.027885,9.7e-05,0.000842,0.004987
817.jpg,/mnt/data1/spring/multimodal_project/data/images/817.jpg,9,9,9,0.980665,1,7.3e-05,6.1e-05,0.000221,4.3e-05,6.2e-05,6e-06,2e-05,0.000354,0.017055,0.980665,0.000352,3.6e-05,6.7e-05,0.000984
1344.jpg,/mnt/data1/spring/multimodal_project/data/images/1344.jpg,13,13,9,0.581848,0,0.000423,0.000755,0.001594,0.000667,0.000546,0.000252,0.000358,0.020083,0.003832,0.581848,0.013037,0.000611,0.001104,0.37489
207.jpg,/mnt/data1/spring/multimodal_project/data/images/207.jpg,4,4,4,0.982619,1,6.9e-05,0.000329,9.1e-05,0.014471,0.982619,0.000103,0.000431,0.001171,1.9e-05,1.5e-05,7.4e-05,3.3e-05,0.000434,0.000142
390.jpg,/mnt/data1/spring/multimodal_project/data/images/390.jpg,5,5,5,0.987009,1,2.5e-05,6.3e-05,0.000198,7.4e-05,0.000139,0.987009,8.3e-05,0.011807,2.3e-05,1.1e-05,0.000223,7e-05,0.000253,2e-05
872.jpg,/mnt/data1/spring/multimodal_project/data/images/872.jpg,9,9,9,0.998427,1,1.9e-05,2.2e-05,9e-06,1.3e-05,1.1e-05,3e-06,1.1e-05,0.000428,0.000548,0.998427,3.5e-05,5.9e-05,4e-06,0.000412
473.jpg,/mnt/data1/spring/multimodal_project/data/images/473.jpg,6,6,3,0.367383,0,0.000347,0.178662,0.010426,0.367383,0.204034,0.010685,0.064687,0.157927,0.000474,0.001202,6.6e-05,0.003635,0.000196,0.000275
447.jpg,/mnt/data1/spring/multimodal_project/data/images/447.jpg,6,6,6,0.996119,1,0.00012,0.001225,7.7e-05,0.001064,0.000491,5.8e-05,0.996119,0.000266,4.6e-05,4.1e-05,1e-05,0.000435,1.7e-05,3.2e-05
50.jpg,/mnt/data1/spring/multimodal_project/data/images/50.jpg,0,0,0,0.981271,1,0.981271,6e-05,0.014503,6.2e-05,6.1e-05,8e-06,5e-05,5.5e-05,0.000111,0.003767,9e-06,2.7e-05,8e-06,8e-06
908.jpg,/mnt/data1/spring/multimodal_project/data/images/908.jpg,9,9,9,0.999023,1,9e-06,1.7e-05,2e-05,5e-06,5e-06,1e-06,7e-06,0.000239,0.000396,0.999023,4.3e-05,8.1e-05,2e-06,0.000152
1351.jpg,/mnt/data1/spring/multimodal_project/data/images/1351.jpg,13,13,13,0.976032,1,0.000119,0.00014,0.000513,0.000402,0.00013,0.000369,0.000104,0.001778,0.003193,0.008251,0.00339,0.000195,0.005386,0.976032
762.jpg,/mnt/data1/spring/multimodal_project/data/images/762.jpg,8,8,8,0.976649,1,0.000336,0.000393,0.000805,0.00024,0.000263,0.000903,0.000187,0.001017,0.976649,0.009338,0.002323,0.00054,0.004492,0.002513
289.jpg,/mnt/data1/spring/multimodal_project/data/images/289.jpg,5,5,5,0.998738,1,4e-06,3.4e-05,8e-05,4.4e-05,1.2e-05,0.998738,9e-06,2e-05,6.8e-05,1e-06,0.000161,3.3e-05,0.000768,2.8e-05
192.jpg,/mnt/data1/spring/multimodal_project/data/images/192.jpg,3,3,3,0.96423,1,2.8e-05,0.025079,0.000242,0.96423,0.009501,2e-05,4.8e-05,0.000319,6e-06,6e-06,0.000409,8e-06,9.1e-05,1.6e-05
783.jpg,/mnt/data1/spring/multimodal_project/data/images/783.jpg,8,8,8,0.922872,1,0.001258,0.001644,0.001558,0.000404,0.000544,0.000568,0.00054,0.004138,0.922872,0.050993,0.00532,0.001392,0.002458,0.006312
589.jpg,/mnt/data1/spring/multimodal_project/data/images/589.jpg,7,7,7,0.967507,1,0.000319,0.000127,0.000252,0.000121,0.000112,0.000112,0.000129,0.967507,0.001513,0.009261,0.016434,0.00011,0.000144,0.00386
1171.jpg,/mnt/data1/spring/multimodal_project/data/images/1171.jpg,11,11,11,0.991792,1,0.000136,0.001515,0.000344,0.002177,0.000413,0.000143,0.000838,0.000347,0.000748,0.001293,6.2e-05,0.991792,5e-05,0.000142
1252.jpg,/mnt/data1/spring/multimodal_project/data/images/1252.jpg,12,12,12,0.910925,1,0.000187,0.000483,0.001066,0.001787,0.000468,0.007475,0.002445,0.000511,0.044286,0.001039,0.009107,0.000909,0.910925,0.019313
862.jpg,/mnt/data1/spring/multimodal_project/data/images/862.jpg,9,9,9,0.997273,1,8e-06,1.2e-05,4.4e-05,1.8e-05,8e-06,1.7e-05,1e-05,0.00137,9.4e-05,0.997273,2.8e-05,2.5e-05,4e-06,0.001089
1022.jpg,/mnt/data1/spring/multimodal_project/data/images/1022.jpg,10,10,10,0.999132,1,1.5e-05,1.4e-05,0.000124,3e-06,1.5e-05,5e-05,6e-06,0.000443,1.8e-05,1.4e-05,0.999132,3e-06,2.8e-05,0.000137
1158.jpg,/mnt/data1/spring/multimodal_project/data/images/1158.jpg,11,11,11,0.996067,1,1.1e-05,3.3e-05,0.002103,7e-06,4e-06,2.5e-05,9.3e-05,0.000953,9e-06,2.5e-05,0.000116,0.996067,2.4e-05,0.000528
508.jpg,/mnt/data1/spring/multimodal_project/data/images/508.jpg,7,7,7,0.99135,1,2.1e-05,0.001043,7e-05,0.000449,0.006309,0.000313,4e-05,0.99135,1.4e-05,3.2e-05,0.000323,5e-06,2.1e-05,1e-05
109.jpg,/mnt/data1/spring/multimodal_project/data/images/109.jpg,2,2,2,0.994577,1,0.003618,0.000188,0.994577,0.000287,7e-05,1.5e-05,0.000107,0.000122,8.8e-05,0.000406,3e-05,9.2e-05,0.000326,7.5e-05
838.jpg,/mnt/data1/spring/multimodal_project/data/images/838.jpg,9,9,9,0.997757,1,1.6e-05,2e-06,1.1e-05,7e-06,3e-06,0.0,4e-06,4e-06,0.002125,0.997757,6e-06,1e-06,4e-06,6e-05
1048.jpg,/mnt/data1/spring/multimodal_project/data/images/1048.jpg,10,10,10,0.999414,1,4e-06,1e-06,3e-06,1e-06,3e-06,0.000287,4e-06,0.000234,2e-06,1e-06,0.999414,1e-06,1e-06,4.2e-05
1096.jpg,/mnt/data1/spring/multimodal_project/data/images/1096.jpg,11,11,11,0.982385,1,0.001257,0.000853,0.000891,0.000739,0.000126,0.001631,0.003505,0.001018,0.004203,0.002925,0.000237,0.982385,0.000115,0.000116
77.jpg,/mnt/data1/spring/multimodal_project/data/images/77.jpg,1,1,1,0.947772,1,0.000265,0.947772,2.8e-05,0.051349,0.000117,6.7e-05,6.8e-05,0.000172,1.8e-05,0.0,2e-06,0.000125,3e-06,1.4e-05
1357.jpg,/mnt/data1/spring/multimodal_project/data/images/1357.jpg,13,13,13,0.998906,1,2e-06,1.4e-05,2.3e-05,3e-05,6e-06,9e-05,3e-06,1.6e-05,3.4e-05,1.4e-05,0.000455,6e-06,0.000401,0.998906
1367.jpg,/mnt/data1/spring/multimodal_project/data/images/1367.jpg,13,13,13,0.994536,1,3.9e-05,0.000136,2.6e-05,3e-05,1.6e-05,4.9e-05,3.8e-05,0.000758,0.000284,0.003309,0.0004,0.00022,0.00016,0.994536
451.jpg,/mnt/data1/spring/multimodal_project/data/images/451.jpg,6,6,6,0.981968,1,0.000435,0.008191,7.3e-05,0.000234,0.00787,2.3e-05,0.981968,0.000764,6.4e-05,0.000156,4e-06,7.6e-05,4.4e-05,9.8e-05
980.jpg,/mnt/data1/spring/multimodal_project/data/images/980.jpg,10,10,10,0.972247,1,5.9e-05,0.000141,0.000166,0.000385,0.000215,0.014997,0.000107,0.008474,0.001339,0.000164,0.972247,0.000107,0.000162,0.001437
232.jpg,/mnt/data1/spring/multimodal_project/data/images/232.jpg,4,4,4,0.997728,1,1.4e-05,0.000694,8e-06,0.000581,0.997728,2.1e-05,0.000502,0.0003,5.7e-05,4e-06,1.2e-05,9e-06,4.2e-05,2.8e-05
85.jpg,/mnt/data1/spring/multimodal_project/data/images/85.jpg,1,1,1,0.895079,1,0.000356,0.895079,0.000275,0.101321,0.0006,1.4e-05,0.00202,7.1e-05,4.3e-05,7.9e-05,8e-06,7.4e-05,1.2e-05,4.9e-05
307.jpg,/mnt/data1/spring/multimodal_project/data/images/307.jpg,5,5,5,0.998068,1,2.6e-05,4.6e-05,0.000195,2.5e-05,9e-06,0.998068,7e-06,0.000159,0.0003,3e-06,6.6e-05,0.000528,0.000535,3.2e-05
187.jpg,/mnt/data1/spring/multimodal_project/data/images/187.jpg,3,3,3,0.989771,1,1e-05,0.009586,6e-06,0.989771,0.000309,1.4e-05,0.000278,1e-05,1e-06,8e-06,1e-06,2e-06,5e-06,1e-06
301.jpg,/mnt/data1/spring/multimodal_project/data/images/301.jpg,5,5,5,0.997403,1,2.3e-05,0.000123,8e-05,7.2e-05,9.3e-05,0.997403,5.5e-05,0.000292,0.000305,3.8e-05,0.000393,8.7e-05,0.000943,9.2e-05
11.jpg,/mnt/data1/spring/multimodal_project/data/images/11.jpg,0,0,0,0.679538,1,0.679538,0.000139,0.316544,5.9e-05,0.000114,1.4e-05,0.000212,2.9e-05,1.5e-05,0.002564,2e-06,4.5e-05,0.000693,3.2e-05
975.jpg,/mnt/data1/spring/multimodal_project/data/images/975.jpg,10,10,10,0.978228,1,5.6e-05,4.6e-05,9.6e-05,4.1e-05,0.000193,0.00014,2.5e-05,0.000797,0.016901,0.002954,0.978228,2.6e-05,9.4e-05,0.000405
485.jpg,/mnt/data1/spring/multimodal_project/data/images/485.jpg,7,7,7,0.837077,1,0.000608,0.080392,0.008558,0.00814,0.013918,0.021108,0.004685,0.837077,0.002055,0.011357,0.000653,0.002243,0.004771,0.004435
38.jpg,/mnt/data1/spring/multimodal_project/data/images/38.jpg,0,0,2,0.563274,0,0.425468,0.000175,0.563274,0.000511,0.000481,0.000131,0.000234,0.001315,7.4e-05,0.00812,2e-05,8.5e-05,0.000101,1.2e-05
945.jpg,/mnt/data1/spring/multimodal_project/data/images/945.jpg,10,10,10,0.997992,1,4e-06,1.8e-05,1.7e-05,1.3e-05,2.6e-05,5.6e-05,1.2e-05,0.001232,0.000276,0.00029,0.997992,4e-06,1e-05,5e-05
197.jpg,/mnt/data1/spring/multimodal_project/data/images/197.jpg,3,3,3,0.802703,1,9e-06,0.197122,4e-06,0.802703,6e-06,2.2e-05,8e-06,0.000108,8e-06,0.0,1e-06,1e-06,2e-06,6e-06
594.jpg,/mnt/data1/spring/multimodal_project/data/images/594.jpg,7,7,7,0.999838,1,8e-06,4e-06,7e-06,4e-06,5e-06,8e-06,4e-06,0.999838,4e-06,5.8e-05,1.2e-05,3.2e-05,6e-06,1.1e-05
43.jpg,/mnt/data1/spring/multimodal_project/data/images/43.jpg,0,0,0,0.624789,1,0.624789,0.000551,0.34498,0.000315,0.000593,0.000147,0.000652,0.000798,0.000136,0.026671,1.9e-05,7.4e-05,0.000211,6.5e-05
900.jpg,/mnt/data1/spring/multimodal_project/data/images/900.jpg,9,9,9,0.865084,1,0.000662,0.000761,0.000752,0.000288,0.000259,0.000516,0.000494,0.006988,0.030942,0.865084,0.004672,0.002059,0.001481,0.085043
178.jpg,/mnt/data1/spring/multimodal_project/data/images/178.jpg,3,3,3,0.992235,1,2.2e-05,0.007603,1.4e-05,0.992235,7.7e-05,1e-05,6e-06,1.3e-05,3e-06,2e-06,5e-06,2e-06,7e-06,1e-06
198.jpg,/mnt/data1/spring/multimodal_project/data/images/198.jpg,3,3,3,0.890682,1,0.000121,0.103197,0.000426,0.890682,0.003719,0.000161,0.000104,0.001289,4.5e-05,1.4e-05,0.000102,9.1e-05,2.4e-05,2.4e-05
588.jpg,/mnt/data1/spring/multimodal_project/data/images/588.jpg,7,7,7,0.999936,1,3e-06,3e-06,3e-06,2e-06,4e-06,2e-06,2e-06,0.999936,3e-06,6e-06,3e-05,6e-06,1e-06,1e-06
1160.jpg,/mnt/data1/spring/multimodal_project/data/images/1160.jpg,11,11,11,0.932383,1,0.000411,0.010091,0.000321,0.000457,0.003748,0.030594,0.014986,0.000398,0.000629,0.004735,0.000596,0.932383,3.8e-05,0.000613
865.jpg,/mnt/data1/spring/multimodal_project/data/images/865.jpg,9,9,9,0.937151,1,0.000285,0.00045,0.000535,0.00028,0.000437,0.000518,0.000339,0.029564,0.010024,0.937151,0.016822,0.000351,0.000294,0.002948
153.jpg,/mnt/data1/spring/multimodal_project/data/images/153.jpg,2,2,2,0.99738,1,0.000967,2.1e-05,0.99738,1.8e-05,7.3e-05,3e-06,2e-05,1.1e-05,9e-06,0.001448,3e-06,5e-06,3.9e-05,3e-06
575.jpg,/mnt/data1/spring/multimodal_project/data/images/575.jpg,7,7,7,0.985587,1,3e-06,1.3e-05,7e-06,6e-06,4.1e-05,0.000175,4e-06,0.985587,2e-06,2.4e-05,0.014088,6e-06,1e-05,3.4e-05
1177.jpg,/mnt/data1/spring/multimodal_project/data/images/1177.jpg,12,12,12,0.783786,1,0.00017,0.00047,0.001008,0.000177,0.000154,0.000232,0.000212,5.8e-05,0.004812,0.000568,0.001269,0.000214,0.783786,0.206869
130.jpg,/mnt/data1/spring/multimodal_project/data/images/130.jpg,2,2,2,0.991061,1,0.002684,0.000106,0.991061,5.5e-05,1.5e-05,1e-06,1.2e-05,9e-06,0.001759,6.1e-05,0.000364,0.002404,0.000112,0.001357
410.jpg,/mnt/data1/spring/multimodal_project/data/images/410.jpg,5,5,5,0.992932,1,4e-06,1.9e-05,1.3e-05,0.000188,1e-05,0.992932,1.6e-05,2.8e-05,2.1e-05,0.0,0.006738,1e-06,2.6e-05,4e-06
136.jpg,/mnt/data1/spring/multimodal_project/data/images/136.jpg,2,2,2,0.996783,1,0.000765,1.9e-05,0.996783,3.2e-05,3.9e-05,4e-06,3.8e-05,2.8e-05,1e-05,0.002198,9e-06,1.7e-05,4.8e-05,9e-06
1146.jpg,/mnt/data1/spring/multimodal_project/data/images/1146.jpg,11,11,11,0.994173,1,0.000203,3.8e-05,0.00014,5e-05,1.7e-05,9.6e-05,0.000121,0.004613,1.2e-05,0.000395,4.9e-05,0.994173,1.8e-05,7.5e-05
1239.jpg,/mnt/data1/spring/multimodal_project/data/images/1239.jpg,12,12,12,0.894309,1,2.9e-05,9.8e-05,0.000375,0.000136,4.8e-05,0.001473,6.4e-05,1.2e-05,0.001548,3.5e-05,8.8e-05,2.1e-05,0.894309,0.101763
1018.jpg,/mnt/data1/spring/multimodal_project/data/images/1018.jpg,10,10,10,0.870769,1,0.000421,0.000627,0.002196,0.000773,0.000386,0.010102,0.000798,0.008474,0.019167,0.001187,0.870769,0.000879,0.030999,0.053222
813.jpg,/mnt/data1/spring/multimodal_project/data/images/813.jpg,8,8,8,0.992289,1,0.001814,0.000147,0.001161,1e-06,4e-06,4e-06,1e-06,2e-06,0.992289,0.00087,6.7e-05,4e-06,0.000124,0.003512
1220.jpg,/mnt/data1/spring/multimodal_project/data/images/1220.jpg,12,12,12,0.995158,1,0.000347,0.000113,0.000911,0.000158,0.000171,8.5e-05,0.000121,5.2e-05,0.00014,7.1e-05,7e-06,0.00198,0.995158,0.000687
765.jpg,/mnt/data1/spring/multimodal_project/data/images/765.jpg,8,8,8,0.979091,1,0.001266,0.000286,0.00027,4.5e-05,0.00012,0.000753,0.000166,8.6e-05,0.979091,0.012289,0.000647,9.1e-05,0.002308,0.002581
1260.jpg,/mnt/data1/spring/multimodal_project/data/images/1260.jpg,12,12,12,0.916863,1,0.00081,0.002315,0.002933,0.000911,0.000985,0.032552,0.001314,0.001925,0.011626,0.002806,0.005051,0.002609,0.916863,0.017301
145.jpg,/mnt/data1/spring/multimodal_project/data/images/145.jpg,2,2,2,0.924491,1,0.067387,0.000154,0.924491,8.7e-05,0.000217,7.1e-05,0.000134,0.000114,1.3e-05,0.007123,7e-06,2.5e-05,0.00017,6e-06
982.jpg,/mnt/data1/spring/multimodal_project/data/images/982.jpg,10,10,10,0.999699,1,1e-06,1e-06,9e-06,1e-06,5e-06,0.000198,0.0,5.6e-05,0.0,1e-06,0.999699,0.0,0.0,2.7e-05
1183.jpg,/mnt/data1/spring/multimodal_project/data/images/1183.jpg,12,12,12,0.941587,1,0.000104,0.000156,0.000325,0.000285,0.000157,0.000773,0.000347,0.000235,0.007668,0.00023,0.001466,0.000154,0.941587,0.046514
1029.jpg,/mnt/data1/spring/multimodal_project/data/images/1029.jpg,10,10,10,0.993675,1,7.7e-05,6.1e-05,0.001598,0.000112,1.9e-05,0.000366,2.8e-05,0.000266,0.000674,2.1e-05,0.993675,0.000151,0.000817,0.002138
251.jpg,/mnt/data1/spring/multimodal_project/data/images/251.jpg,5,5,5,0.910837,1,0.000108,0.000332,0.008952,0.000572,0.016252,0.910837,0.004632,0.011273,0.006062,0.000601,0.002794,0.000286,0.029148,0.008151
737.jpg,/mnt/data1/spring/multimodal_project/data/images/737.jpg,8,8,8,0.951595,1,0.000279,0.000134,0.000388,5.9e-05,0.000133,1.6e-05,1e-04,0.000313,0.951595,0.030345,0.002625,0.000118,0.00111,0.012785
766.jpg,/mnt/data1/spring/multimodal_project/data/images/766.jpg,8,8,8,0.989014,1,0.000374,0.000147,0.000157,5e-05,5.4e-05,0.000689,0.000138,0.000552,0.989014,0.002079,0.000574,0.00056,0.004931,0.00068
352.jpg,/mnt/data1/spring/multimodal_project/data/images/352.jpg,5,5,5,0.941902,1,2.1e-05,0.000126,0.000106,0.000102,3.8e-05,0.941902,0.000225,0.057215,6.6e-05,2.9e-05,4.2e-05,5e-05,1.7e-05,6.1e-05
290.jpg,/mnt/data1/spring/multimodal_project/data/images/290.jpg,5,5,5,0.996205,1,7.1e-05,0.000106,0.000377,0.000128,0.000107,0.996205,0.000102,0.000222,0.000131,1.6e-05,0.002183,2.4e-05,0.000133,0.000195
830.jpg,/mnt/data1/spring/multimodal_project/data/images/830.jpg,9,9,9,0.980267,1,7.4e-05,4.2e-05,5.8e-05,1.4e-05,3.6e-05,5e-06,2.2e-05,0.000998,0.017993,0.980267,0.000284,3.2e-05,5.2e-05,0.000123
269.jpg,/mnt/data1/spring/multimodal_project/data/images/269.jpg,5,5,5,0.995322,1,2.3e-05,5.2e-05,0.000246,9.3e-05,6.6e-05,0.995322,5.8e-05,9.7e-05,0.000366,9e-06,0.003241,2.3e-05,0.000229,0.000174
1193.jpg,/mnt/data1/spring/multimodal_project/data/images/1193.jpg,12,12,12,0.999267,1,1e-05,2.1e-05,4.1e-05,1e-05,4e-06,9.9e-05,5e-06,2e-06,0.000222,0.0,9e-06,1e-05,0.999267,0.000299
399.jpg,/mnt/data1/spring/multimodal_project/data/images/399.jpg,5,5,5,0.997584,1,4e-06,1.7e-05,6e-05,1.7e-05,7e-06,0.997584,7e-06,0.000217,7e-05,2e-06,0.001849,7e-06,0.000157,2e-06
127.jpg,/mnt/data1/spring/multimodal_project/data/images/127.jpg,2,2,2,0.995874,1,0.00282,2e-05,0.995874,2.8e-05,4.2e-05,7e-06,2.9e-05,4.5e-05,4.1e-05,0.000907,3e-06,2.7e-05,0.000109,4.9e-05
1143.jpg,/mnt/data1/spring/multimodal_project/data/images/1143.jpg,11,11,11,0.999675,1,2.4e-05,1.7e-05,3.9e-05,3e-06,1e-06,5e-06,5e-06,0.000179,1e-06,7e-06,7e-06,0.999675,0.0,3.8e-05
801.jpg,/mnt/data1/spring/multimodal_project/data/images/801.jpg,8,8,8,0.925647,1,0.012885,0.000273,0.02662,0.000221,0.000122,2.3e-05,0.000125,0.000578,0.925647,0.017604,0.003397,0.002014,0.0022,0.00829
672.jpg,/mnt/data1/spring/multimodal_project/data/images/672.jpg,7,7,7,0.769681,1,0.000114,0.000208,0.000313,0.000412,0.000328,0.006925,0.00166,0.769681,1.8e-05,6.8e-05,0.215337,4.4e-05,0.000173,0.004721
105.jpg,/mnt/data1/spring/multimodal_project/data/images/105.jpg,2,2,2,0.998522,1,0.000692,2.2e-05,0.998522,2e-05,3.5e-05,1.1e-05,2.8e-05,1.3e-05,2e-05,0.000582,4e-06,2e-05,2.2e-05,8e-06
1185.jpg,/mnt/data1/spring/multimodal_project/data/images/1185.jpg,12,12,12,0.963607,1,4e-05,8.2e-05,0.000347,9.3e-05,6.8e-05,0.00039,4.9e-05,0.000169,0.005992,0.000472,0.000145,1e-05,0.963607,0.028535
991.jpg,/mnt/data1/spring/multimodal_project/data/images/991.jpg,10,10,10,0.969851,1,0.000135,0.001554,0.000772,0.000941,0.000557,0.009682,0.001254,0.010109,0.000264,0.001024,0.969851,0.000773,0.000194,0.00289
1181.jpg,/mnt/data1/spring/multimodal_project/data/images/1181.jpg,12,12,12,0.993883,1,3.9e-05,0.000104,0.000272,7.3e-05,4e-05,0.001525,9.2e-05,5.9e-05,0.000369,3.5e-05,0.000295,3.1e-05,0.993883,0.003184
161.jpg,/mnt/data1/spring/multimodal_project/data/images/161.jpg,2,2,2,0.593758,1,0.018868,0.007975,0.593758,0.019584,0.056428,0.019146,0.00519,0.174871,0.010162,0.05572,0.001511,0.00569,2.6e-05,0.03107
860.jpg,/mnt/data1/spring/multimodal_project/data/images/860.jpg,9,9,9,0.982892,1,0.000111,0.00033,0.000159,0.000203,0.000121,0.000173,0.000147,0.010741,0.00158,0.982892,0.001436,0.000311,2.8e-05,0.001767
800.jpg,/mnt/data1/spring/multimodal_project/data/images/800.jpg,8,8,8,0.928096,1,0.001941,0.001148,0.0037,0.000494,0.000506,0.000126,0.000817,0.000147,0.928096,0.028895,0.003882,0.004685,0.003038,0.022526
1127.jpg,/mnt/data1/spring/multimodal_project/data/images/1127.jpg,11,11,11,0.9996,1,1.4e-05,3.1e-05,1.8e-05,3e-06,2e-06,3.2e-05,3.8e-05,4.7e-05,3e-06,0.000147,6e-06,0.9996,5e-06,5.5e-05
602.jpg,/mnt/data1/spring/multimodal_project/data/images/602.jpg,7,7,7,0.999968,1,2e-06,1e-06,2e-06,1e-06,1e-06,1e-06,1e-06,0.999968,0.0,1.6e-05,5e-06,1e-06,0.0,2e-06
1170.jpg,/mnt/data1/spring/multimodal_project/data/images/1170.jpg,11,11,11,0.999176,1,1.2e-05,9.5e-05,1.4e-05,9e-06,1e-06,0.0,0.000494,4.8e-05,4.7e-05,8.7e-05,0.0,0.999176,1e-06,1.6e-05
355.jpg,/mnt/data1/spring/multimodal_project/data/images/355.jpg,5,5,5,0.997639,1,2e-06,9e-06,3.2e-05,1.3e-05,1.2e-05,0.997639,8e-06,0.000663,1e-06,8e-06,0.0016,2e-06,6e-06,5e-06
732.jpg,/mnt/data1/spring/multimodal_project/data/images/732.jpg,8,8,8,0.963985,1,0.000113,4.9e-05,0.000295,4.5e-05,7.8e-05,8.5e-05,7.8e-05,9.2e-05,0.963985,0.020704,0.011039,1.8e-05,0.000751,0.00267
202.jpg,/mnt/data1/spring/multimodal_project/data/images/202.jpg,4,4,4,0.990846,1,9.5e-05,0.001295,0.000312,0.005551,0.990846,1.2e-05,0.001019,0.000589,2.6e-05,5.5e-05,6.9e-05,1.2e-05,0.000102,1.7e-05
745.jpg,/mnt/data1/spring/multimodal_project/data/images/745.jpg,8,8,8,0.972236,1,0.000109,8.8e-05,0.000217,6e-05,8.2e-05,2.6e-05,8.3e-05,0.001085,0.972236,0.018705,0.005228,9.2e-05,0.000318,0.001671
943.jpg,/mnt/data1/spring/multimodal_project/data/images/943.jpg,10,10,10,0.998798,1,4e-06,3e-06,9e-06,2e-06,1.3e-05,6e-06,6e-06,0.001009,3.1e-05,8.8e-05,0.998798,3e-06,1e-06,2.6e-05
308.jpg,/mnt/data1/spring/multimodal_project/data/images/308.jpg,5,5,5,0.998918,1,5e-06,2.1e-05,0.000104,1.1e-05,4.1e-05,0.998918,4e-06,0.000143,2.1e-05,2e-06,9.3e-05,1.4e-05,0.000561,6.2e-05
529.jpg,/mnt/data1/spring/multimodal_project/data/images/529.jpg,7,7,7,0.882992,1,0.001309,0.001299,0.001236,0.001276,0.00109,0.028665,0.001407,0.882992,0.025017,0.007484,0.026302,0.00171,0.00576,0.014453
503.jpg,/mnt/data1/spring/multimodal_project/data/images/503.jpg,7,7,7,0.946586,1,0.002611,0.005866,0.001334,0.003205,0.003957,0.01172,0.004819,0.946586,0.002123,0.002327,0.00984,0.001413,0.002922,0.001278
434.jpg,/mnt/data1/spring/multimodal_project/data/images/434.jpg,6,6,6,0.979526,1,5.3e-05,0.019647,6e-06,0.000268,5e-05,9.9e-05,0.979526,1.4e-05,5.4e-05,6e-06,2e-06,0.000236,3.5e-05,4e-06
531.jpg,/mnt/data1/spring/multimodal_project/data/images/531.jpg,7,7,7,0.977862,1,7.6e-05,0.000135,4.7e-05,0.000221,0.000183,0.00094,8e-05,0.977862,0.000524,0.000271,0.01953,7.6e-05,2.4e-05,3.1e-05
616.jpg,/mnt/data1/spring/multimodal_project/data/images/616.jpg,7,7,7,0.998813,1,2e-05,5.4e-05,9e-06,4e-06,7e-06,1e-05,1.9e-05,0.998813,9e-06,0.00017,0.0007,1e-05,7e-06,0.000166
89.jpg,/mnt/data1/spring/multimodal_project/data/images/89.jpg,1,1,1,0.896477,1,1.3e-05,0.896477,8.6e-05,0.102671,0.00038,7e-06,0.00017,0.000144,1.1e-05,1e-06,3e-06,5e-06,1.5e-05,1.7e-05
643.jpg,/mnt/data1/spring/multimodal_project/data/images/643.jpg,7,7,7,0.983702,1,7.3e-05,2.8e-05,0.00013,4.1e-05,3.3e-05,8.4e-05,3.3e-05,0.983702,9e-06,0.001339,0.013985,9e-06,2e-06,0.000531
555.jpg,/mnt/data1/spring/multimodal_project/data/images/555.jpg,7,7,7,0.939267,1,0.000263,0.000539,0.000189,0.001011,0.000339,0.00113,0.000173,0.939267,0.006353,0.014031,0.033929,0.000918,0.00124,0.000618
784.jpg,/mnt/data1/spring/multimodal_project/data/images/784.jpg,8,8,8,0.83498,1,0.000559,0.001127,0.0043,0.000186,0.000449,0.00211,0.000837,0.002804,0.83498,0.004385,0.00308,0.00495,0.010863,0.129371
47.jpg,/mnt/data1/spring/multimodal_project/data/images/47.jpg,0,0,0,0.920859,1,0.920859,0.000274,0.070445,0.000253,0.000192,4.5e-05,0.000122,0.000764,0.000211,0.006524,9e-05,5.3e-05,7.2e-05,9.8e-05
964.jpg,/mnt/data1/spring/multimodal_project/data/images/964.jpg,10,10,10,0.996715,1,1.2e-05,1.3e-05,0.000196,2.3e-05,4e-05,0.00066,8e-06,0.001687,4.7e-05,0.000127,0.996715,1.8e-05,2.4e-05,0.00043
92.jpg,/mnt/data1/spring/multimodal_project/data/images/92.jpg,1,1,1,0.92628,1,3.9e-05,0.92628,7.7e-05,0.065068,0.007693,6e-06,0.000607,0.000151,2.4e-05,7e-06,2e-06,2.7e-05,1.5e-05,3e-06
517.jpg,/mnt/data1/spring/multimodal_project/data/images/517.jpg,7,7,7,0.749949,1,0.000544,0.001666,0.00051,0.000952,0.001406,0.004103,0.00038,0.749949,0.003515,0.006401,0.227834,0.000357,0.000218,0.002166
175.jpg,/mnt/data1/spring/multimodal_project/data/images/175.jpg,3,3,3,0.962586,1,1e-05,0.035364,4.3e-05,0.962586,0.001891,1e-06,3.1e-05,2.2e-05,1e-05,1e-06,1e-06,1.2e-05,1.9e-05,7e-06
208.jpg,/mnt/data1/spring/multimodal_project/data/images/208.jpg,4,4,4,0.995953,1,8e-05,0.000971,5.4e-05,0.00068,0.995953,2.6e-05,0.001687,0.000258,5.8e-05,9e-06,6e-06,1.5e-05,0.000184,2e-05
606.jpg,/mnt/data1/spring/multimodal_project/data/images/606.jpg,7,7,7,0.981855,1,0.000524,0.000292,0.000393,0.000203,0.000109,0.005793,0.000455,0.981855,0.003367,0.000309,0.005159,0.000954,0.000484,0.000103
1314.jpg,/mnt/data1/spring/multimodal_project/data/images/1314.jpg,13,13,13,0.989485,1,0.000376,6.3e-05,0.002961,0.000143,6.4e-05,1.5e-05,3.7e-05,0.000313,0.000275,0.001788,0.000451,2e-05,0.004009,0.989485
792.jpg,/mnt/data1/spring/multimodal_project/data/images/792.jpg,8,8,8,0.952382,1,0.000619,0.001188,0.00123,0.000799,0.000323,0.001422,0.000508,0.002107,0.952382,0.023909,0.004386,0.002643,0.004248,0.004236
683.jpg,/mnt/data1/spring/multimodal_project/data/images/683.jpg,7,7,7,0.985282,1,4e-06,1.1e-05,1.8e-05,2.1e-05,0.000102,0.013562,2.2e-05,0.985282,1e-06,1e-05,0.000905,4.3e-05,5e-06,1.4e-05
897.jpg,/mnt/data1/spring/multimodal_project/data/images/897.jpg,9,9,9,0.963036,1,0.000158,0.000254,0.000212,0.0002,0.000225,0.000169,0.000162,0.009142,0.008941,0.963036,0.00339,0.00081,0.000722,0.01258
718.jpg,/mnt/data1/spring/multimodal_project/data/images/718.jpg,8,8,8,0.835842,1,0.000619,0.001369,0.001685,0.000682,0.000504,0.000476,0.000583,0.032658,0.835842,0.01612,0.099174,0.000583,0.001276,0.008429
753.jpg,/mnt/data1/spring/multimodal_project/data/images/753.jpg,8,8,8,0.990744,1,0.000114,0.000129,0.000711,0.000103,0.000119,0.000664,0.000116,0.00106,0.990744,0.002728,0.000306,0.000381,0.001486,0.001339
727.jpg,/mnt/data1/spring/multimodal_project/data/images/727.jpg,8,8,8,0.883786,1,0.000116,0.000121,0.000368,4.6e-05,0.00016,6.2e-05,5.9e-05,0.000143,0.883786,0.020105,0.084742,2.6e-05,0.001244,0.009023
871.jpg,/mnt/data1/spring/multimodal_project/data/images/871.jpg,9,9,9,0.772328,1,0.000543,0.000589,0.000586,0.000638,0.000802,0.000208,0.000442,0.203977,0.012081,0.772328,0.003684,0.00116,0.000256,0.002706
887.jpg,/mnt/data1/spring/multimodal_project/data/images/887.jpg,9,9,9,0.790115,1,0.001473,0.001701,0.000722,0.000997,0.000721,0.002132,0.001036,0.120456,0.060744,0.790115,0.009702,0.002871,0.000518,0.006812
196.jpg,/mnt/data1/spring/multimodal_project/data/images/196.jpg,3,3,3,0.984733,1,0.000249,0.012194,0.000382,0.984733,0.001405,2.1e-05,0.000127,0.000233,0.000133,7.3e-05,0.000192,0.000156,3.4e-05,6.9e-05
1053.jpg,/mnt/data1/spring/multimodal_project/data/images/1053.jpg,10,10,10,0.99814,1,1.3e-05,5e-06,4.8e-05,4e-06,6e-06,8e-06,3e-06,0.001548,7.8e-05,4.3e-05,0.99814,1e-06,6e-06,9.7e-05
849.jpg,/mnt/data1/spring/multimodal_project/data/images/849.jpg,9,9,9,0.999879,1,1e-06,1e-06,1e-06,0.0,1e-06,0.0,0.0,8.4e-05,8e-06,0.999879,1e-06,0.0,0.0,2.3e-05
1000.jpg,/mnt/data1/spring/multimodal_project/data/images/1000.jpg,10,10,10,0.99327,1,6.5e-05,6.6e-05,4.9e-05,8.6e-05,0.000166,0.002545,4.2e-05,0.001203,0.000131,0.000862,0.99327,0.000131,0.000127,0.001255
798.jpg,/mnt/data1/spring/multimodal_project/data/images/798.jpg,8,8,8,0.990837,1,0.000228,0.000175,0.000229,6.5e-05,6.7e-05,0.000259,8.1e-05,0.000296,0.990837,0.003372,0.002701,7.7e-05,0.000652,0.000961
814.jpg,/mnt/data1/spring/multimodal_project/data/images/814.jpg,9,9,9,0.992739,1,3.3e-05,5.6e-05,8.4e-05,3.9e-05,4.9e-05,1.2e-05,2.6e-05,0.000757,0.003092,0.992739,0.002771,2e-05,4.3e-05,0.000281
934.jpg,/mnt/data1/spring/multimodal_project/data/images/934.jpg,9,9,9,0.809798,1,0.000123,0.009233,0.002574,0.000112,0.001572,4e-06,0.000182,0.000861,0.072091,0.809798,6e-06,0.00671,0.001341,0.095392
102.jpg,/mnt/data1/spring/multimodal_project/data/images/102.jpg,2,2,2,0.962667,1,0.025927,0.000882,0.962667,0.000471,0.000354,0.00035,0.000844,0.000302,0.000933,0.004866,9.9e-05,0.000206,0.001954,0.000146
911.jpg,/mnt/data1/spring/multimodal_project/data/images/911.jpg,9,9,9,0.992807,1,1.9e-05,2.8e-05,1.1e-05,1.6e-05,1.3e-05,3.7e-05,2.3e-05,0.006158,0.000237,0.992807,0.000121,0.000206,2.1e-05,0.000304
15.jpg,/mnt/data1/spring/multimodal_project/data/images/15.jpg,0,0,0,0.568805,1,0.568805,0.000319,0.420175,0.000308,0.000569,4.4e-05,0.000408,6.3e-05,0.001476,0.00733,4.7e-05,0.000168,0.000169,0.000118
138.jpg,/mnt/data1/spring/multimodal_project/data/images/138.jpg,2,2,2,0.987965,1,0.002741,0.00356,0.987965,0.001512,0.000765,0.000526,0.000252,0.000293,0.000107,0.00024,2.4e-05,2.9e-05,0.001909,7.6e-05
1304.jpg,/mnt/data1/spring/multimodal_project/data/images/1304.jpg,13,13,13,0.981881,1,0.000181,0.000649,0.002621,0.000306,0.000285,0.000901,0.000148,0.001401,0.001867,0.004123,0.003181,0.000554,0.001902,0.981881
847.jpg,/mnt/data1/spring/multimodal_project/data/images/847.jpg,9,9,2,0.809175,0,0.027601,0.000723,0.809175,0.000544,0.001629,0.000298,0.002332,0.010339,0.000339,0.146136,0.000214,0.000274,0.000339,5.7e-05
1232.jpg,/mnt/data1/spring/multimodal_project/data/images/1232.jpg,12,12,12,0.937229,1,5.3e-05,7.4e-05,0.000298,0.000167,7.1e-05,0.057126,7.8e-05,3.6e-05,5.1e-05,7e-06,0.000154,9.1e-05,0.937229,0.004564
1147.jpg,/mnt/data1/spring/multimodal_project/data/images/1147.jpg,11,11,11,0.995173,1,1.7e-05,4.5e-05,0.000128,7e-06,1e-06,0.0,4e-06,0.003721,2.3e-05,6e-05,0.000802,0.995173,0.0,1.7e-05
850.jpg,/mnt/data1/spring/multimodal_project/data/images/850.jpg,9,9,9,0.973232,1,0.000201,6.3e-05,6.1e-05,3.3e-05,5.8e-05,1.4e-05,4.2e-05,0.000458,0.025394,0.973232,0.000191,9e-06,5.9e-05,0.000185
663.jpg,/mnt/data1/spring/multimodal_project/data/images/663.jpg,7,7,7,0.953797,1,0.000153,7.6e-05,0.000148,3.3e-05,0.000105,0.000875,0.000127,0.953797,0.000141,0.021189,0.023012,0.000177,9e-06,0.000156
770.jpg,/mnt/data1/spring/multimodal_project/data/images/770.jpg,8,8,8,0.913185,1,0.00088,0.001043,0.000859,0.000402,0.000334,0.009144,0.00091,0.005755,0.913185,0.044296,0.003028,0.002095,0.010343,0.007726
1023.jpg,/mnt/data1/spring/multimodal_project/data/images/1023.jpg,10,10,10,0.999747,1,2e-06,1e-06,1e-06,1e-06,2e-06,7.5e-05,1e-06,0.000155,3e-06,4e-06,0.999747,0.0,1e-06,8e-06
44.jpg,/mnt/data1/spring/multimodal_project/data/images/44.jpg,0,0,0,0.803284,1,0.803284,0.000404,0.187624,0.000493,0.00053,0.000164,0.000539,0.000188,0.000336,0.005725,8.7e-05,0.000166,0.000388,7.1e-05
811.jpg,/mnt/data1/spring/multimodal_project/data/images/811.jpg,8,8,8,0.995176,1,0.000402,1.3e-05,6.5e-05,2e-06,1e-06,4e-06,3e-06,1e-06,0.995176,0.002027,2.4e-05,2e-06,0.002121,0.00016
1238.jpg,/mnt/data1/spring/multimodal_project/data/images/1238.jpg,12,12,12,0.99428,1,2e-06,2.9e-05,0.000117,4.7e-05,3.6e-05,0.003114,6.9e-05,2e-06,8.5e-05,1e-06,1.1e-05,2.1e-05,0.99428,0.002188
1280.jpg,/mnt/data1/spring/multimodal_project/data/images/1280.jpg,12,12,12,0.746527,1,1.5e-05,0.000652,0.042658,0.001563,0.002949,0.012417,0.000496,0.000353,0.089928,0.000294,6.9e-05,0.000131,0.746527,0.101949
1119.jpg,/mnt/data1/spring/multimodal_project/data/images/1119.jpg,11,11,11,0.998987,1,1.8e-05,9e-05,8.3e-05,2.5e-05,5e-06,0.000312,0.000161,6.9e-05,8e-06,9.7e-05,3.5e-05,0.998987,3.9e-05,7.2e-05
1101.jpg,/mnt/data1/spring/multimodal_project/data/images/1101.jpg,11,11,11,0.994379,1,6.7e-05,0.000102,7.7e-05,3.4e-05,2.4e-05,0.000191,8.9e-05,0.000193,0.00037,0.003013,0.000605,0.994379,0.000136,0.000718
465.jpg,/mnt/data1/spring/multimodal_project/data/images/465.jpg,6,6,6,0.991938,1,0.001302,0.002266,0.000292,0.001091,0.000353,0.00046,0.991938,0.000753,0.000249,0.000536,1.6e-05,0.000373,0.000243,0.00013
318.jpg,/mnt/data1/spring/multimodal_project/data/images/318.jpg,5,5,5,0.997263,1,8.1e-05,7.9e-05,0.000612,9.6e-05,0.000119,0.997263,0.00013,0.000364,5.5e-05,1.8e-05,4.7e-05,0.000486,0.000575,7.5e-05
1373.jpg,/mnt/data1/spring/multimodal_project/data/images/1373.jpg,13,13,13,0.988464,1,0.000108,0.000321,0.000104,0.000118,5.1e-05,0.000132,0.000108,0.000598,0.003387,0.002615,0.000708,0.000116,0.003171,0.988464
265.jpg,/mnt/data1/spring/multimodal_project/data/images/265.jpg,5,5,5,0.995482,1,1.8e-05,7.9e-05,6.3e-05,0.000237,0.000162,0.995482,0.000298,0.000486,3.1e-05,6e-06,0.000149,5.2e-05,0.00282,0.000118
412.jpg,/mnt/data1/spring/multimodal_project/data/images/412.jpg,6,6,6,0.994251,1,1.8e-05,0.000338,7.2e-05,0.000355,0.000848,0.000677,0.994251,0.000636,2.3e-05,2.3e-05,2.1e-05,0.002322,0.000153,0.000264
703.jpg,/mnt/data1/spring/multimodal_project/data/images/703.jpg,8,8,8,0.697192,1,7.6e-05,0.000768,0.001974,0.000316,0.001334,0.000745,0.000757,0.003384,0.697192,0.001197,0.000105,0.000153,0.226859,0.065141
499.jpg,/mnt/data1/spring/multimodal_project/data/images/499.jpg,7,7,7,0.98544,1,0.000352,0.002396,0.004358,0.001019,0.000354,0.00012,2.1e-05,0.98544,0.003133,0.001151,0.001218,4.5e-05,0.000209,0.000184
493.jpg,/mnt/data1/spring/multimodal_project/data/images/493.jpg,7,7,7,0.997371,1,0.000117,0.000478,0.000638,0.000103,9.6e-05,2.4e-05,1e-05,0.997371,0.000868,0.000225,7e-06,3e-06,7e-06,5.2e-05
778.jpg,/mnt/data1/spring/multimodal_project/data/images/778.jpg,8,8,8,0.913017,1,0.001809,0.002103,0.000396,0.000322,0.000755,0.006921,0.001313,0.008332,0.913017,0.020958,0.002855,0.00282,0.013351,0.025048
116.jpg,/mnt/data1/spring/multimodal_project/data/images/116.jpg,2,2,2,0.997425,1,0.001354,2.8e-05,0.997425,4.4e-05,7e-05,7.4e-05,3.5e-05,2.6e-05,5.7e-05,0.000478,7e-06,4.9e-05,0.000276,7.7e-05
590.jpg,/mnt/data1/spring/multimodal_project/data/images/590.jpg,7,7,7,0.960752,1,4.3e-05,3.3e-05,7.2e-05,3.4e-05,3.1e-05,3.6e-05,1.2e-05,0.960752,4.4e-05,0.001839,0.037026,5e-06,4.1e-05,2.9e-05
1195.jpg,/mnt/data1/spring/multimodal_project/data/images/1195.jpg,12,12,12,0.998858,1,1.3e-05,6e-06,7.8e-05,6e-06,9e-06,1.6e-05,5e-06,3e-06,6.2e-05,3e-06,2.3e-05,4e-06,0.998858,0.000915
1114.jpg,/mnt/data1/spring/multimodal_project/data/images/1114.jpg,11,11,11,0.999485,1,6e-06,4.8e-05,1.1e-05,6e-06,3e-06,0.000144,2.1e-05,4e-05,3e-06,0.000153,3e-05,0.999485,1e-06,4.8e-05
224.jpg,/mnt/data1/spring/multimodal_project/data/images/224.jpg,4,4,4,0.994156,1,0.000234,0.001588,3.3e-05,0.000589,0.994156,3.6e-05,0.002897,0.000302,7e-05,8e-06,1e-05,5e-05,2e-05,9e-06
1356.jpg,/mnt/data1/spring/multimodal_project/data/images/1356.jpg,13,13,13,0.945319,1,0.000408,0.000892,0.000828,0.001547,0.000306,0.001108,0.000151,0.004717,0.012611,0.012149,0.015762,0.000231,0.003971,0.945319
797.jpg,/mnt/data1/spring/multimodal_project/data/images/797.jpg,8,8,8,0.913726,1,0.002069,0.004422,0.006615,0.001378,0.000822,0.00678,0.002023,0.004049,0.913726,0.008395,0.015174,0.013888,0.009021,0.01164
781.jpg,/mnt/data1/spring/multimodal_project/data/images/781.jpg,8,8,8,0.84731,1,0.003757,0.003906,0.001508,0.000802,0.000993,0.04709,0.001371,0.054102,0.84731,0.007969,0.009879,0.002517,0.012788,0.006009
384.jpg,/mnt/data1/spring/multimodal_project/data/images/384.jpg,5,5,5,0.997582,1,4e-06,9e-06,4.9e-05,1.2e-05,6e-05,0.997582,7.2e-05,0.00208,5e-06,4e-06,8e-05,2e-06,4.2e-05,0.0
1062.jpg,/mnt/data1/spring/multimodal_project/data/images/1062.jpg,10,10,10,0.997632,1,8e-06,3e-06,3.5e-05,8e-06,6e-06,0.000236,5e-06,0.001925,1.6e-05,1.7e-05,0.997632,1e-06,4.9e-05,5.7e-05
80.jpg,/mnt/data1/spring/multimodal_project/data/images/80.jpg,1,1,1,0.895289,1,0.000187,0.895289,5.6e-05,0.097808,0.000417,4e-06,0.005913,2.7e-05,4.5e-05,3.5e-05,1e-05,0.000162,1.9e-05,2.6e-05
526.jpg,/mnt/data1/spring/multimodal_project/data/images/526.jpg,7,7,7,0.971208,1,8.3e-05,0.000301,0.00011,0.000341,0.000352,0.0224,0.000106,0.971208,0.000444,0.000589,0.002983,0.000267,0.000271,0.000544
453.jpg,/mnt/data1/spring/multimodal_project/data/images/453.jpg,6,6,6,0.889166,1,0.001443,0.01568,0.00364,0.003385,0.081183,0.000389,0.889166,0.0038,0.000322,0.000293,1.7e-05,0.000221,0.000407,5.3e-05
976.jpg,/mnt/data1/spring/multimodal_project/data/images/976.jpg,10,10,10,0.997916,1,1.3e-05,7e-06,1.1e-05,6e-06,1.2e-05,3.1e-05,2e-06,0.000152,0.000822,0.000967,0.997916,4e-06,2.5e-05,3.2e-05
230.jpg,/mnt/data1/spring/multimodal_project/data/images/230.jpg,4,4,4,0.998441,1,4.1e-05,8.5e-05,8e-06,0.000432,0.998441,9e-05,0.000584,0.000304,7e-06,1e-06,3e-06,1e-06,2e-06,1e-06
126.jpg,/mnt/data1/spring/multimodal_project/data/images/126.jpg,2,2,2,0.893743,1,0.038077,0.000973,0.893743,0.002567,0.000457,0.00017,0.001376,0.000299,0.023276,0.007096,0.000901,0.00296,0.020024,0.008081
974.jpg,/mnt/data1/spring/multimodal_project/data/images/974.jpg,10,10,10,0.987802,1,8.2e-05,0.000177,0.000306,8.8e-05,0.000716,0.001905,0.000214,0.000436,0.004521,0.000893,0.987802,0.000129,0.000593,0.002138
977.jpg,/mnt/data1/spring/multimodal_project/data/images/977.jpg,10,10,10,0.997091,1,5e-05,3.4e-05,5.2e-05,5.9e-05,9.2e-05,0.001537,2.5e-05,0.000674,8.7e-05,3e-05,0.997091,2.1e-05,6.4e-05,0.000183
780.jpg,/mnt/data1/spring/multimodal_project/data/images/780.jpg,8,8,8,0.848515,1,0.000581,0.001108,0.002081,0.000438,0.000395,0.002664,0.000362,0.003263,0.848515,0.087433,0.00273,0.000908,0.005987,0.043537
1173.jpg,/mnt/data1/spring/multimodal_project/data/images/1173.jpg,12,12,12,0.964241,1,0.000126,0.000336,0.000615,0.000235,0.000216,0.000482,0.000306,0.000478,0.007123,0.000113,0.000574,0.000433,0.964241,0.024721
1052.jpg,/mnt/data1/spring/multimodal_project/data/images/1052.jpg,10,10,10,0.992749,1,1.1e-05,2.3e-05,0.000285,7e-06,1e-05,0.000121,1.1e-05,0.006126,3.9e-05,8.5e-05,0.992749,1e-06,2.2e-05,0.000508
546.jpg,/mnt/data1/spring/multimodal_project/data/images/546.jpg,7,7,7,0.975178,1,5.5e-05,0.000357,0.000105,0.000381,7.4e-05,0.016287,7.4e-05,0.975178,7.5e-05,0.000948,0.000144,0.002497,0.000262,0.003561
655.jpg,/mnt/data1/spring/multimodal_project/data/images/655.jpg,7,7,7,0.999964,1,1e-06,2e-06,1e-06,2e-06,4e-06,5e-06,1e-06,0.999964,0.0,2e-06,1.4e-05,2e-06,0.0,2e-06
205.jpg,/mnt/data1/spring/multimodal_project/data/images/205.jpg,4,4,4,0.997277,1,1.3e-05,0.000115,0.000108,0.000953,0.997277,6.8e-05,0.000286,0.000917,5e-06,7e-06,2.6e-05,3.3e-05,0.000167,2.5e-05
768.jpg,/mnt/data1/spring/multimodal_project/data/images/768.jpg,8,8,8,0.850113,1,0.000532,0.002214,0.001163,0.001089,0.000499,0.050924,0.000774,0.052283,0.850113,0.007387,0.015299,0.004821,0.004394,0.008508
756.jpg,/mnt/data1/spring/multimodal_project/data/images/756.jpg,8,8,8,0.900654,1,0.00056,0.000367,0.000246,0.000345,0.000204,0.002365,0.000331,0.002635,0.900654,0.087849,0.001599,0.000916,0.000475,0.001455
712.jpg,/mnt/data1/spring/multimodal_project/data/images/712.jpg,8,8,8,0.911196,1,0.000795,0.000244,0.001747,0.000124,6.5e-05,0.000657,8.8e-05,5e-05,0.911196,0.057433,0.006005,3.6e-05,0.001532,0.020028
1308.jpg,/mnt/data1/spring/multimodal_project/data/images/1308.jpg,13,13,13,0.998195,1,3e-06,1.1e-05,8.6e-05,2.2e-05,6e-06,6e-06,3e-06,3e-06,2.7e-05,2e-06,0.00116,5e-06,0.000473,0.998195
445.jpg,/mnt/data1/spring/multimodal_project/data/images/445.jpg,6,6,6,0.9816,1,0.002113,0.003703,0.001227,0.001571,0.002383,0.000171,0.9816,0.001724,0.00021,0.002755,8.1e-05,0.002256,6.1e-05,0.000145
304.jpg,/mnt/data1/spring/multimodal_project/data/images/304.jpg,5,5,5,0.995882,1,4.6e-05,6.4e-05,0.001051,7.4e-05,4.9e-05,0.995882,0.000825,7.2e-05,0.000469,1.6e-05,4.3e-05,0.000643,0.000714,5.2e-05
61.jpg,/mnt/data1/spring/multimodal_project/data/images/61.jpg,0,0,0,0.852328,1,0.852328,0.000367,0.137865,0.000596,0.000221,6.4e-05,0.000389,0.001419,0.000647,0.001901,7.3e-05,0.000238,0.003758,0.000134
1354.jpg,/mnt/data1/spring/multimodal_project/data/images/1354.jpg,13,13,13,0.867842,1,8.4e-05,0.000177,0.000158,0.000112,9.8e-05,9.1e-05,0.000116,0.002276,0.004084,0.122538,0.000495,0.000377,0.001554,0.867842
959.jpg,/mnt/data1/spring/multimodal_project/data/images/959.jpg,10,10,10,0.999724,1,2e-06,9e-06,2.1e-05,3e-06,2.1e-05,7.5e-05,1.3e-05,2.4e-05,3.1e-05,3.9e-05,0.999724,7e-06,2e-06,2.8e-05
918.jpg,/mnt/data1/spring/multimodal_project/data/images/918.jpg,9,9,9,0.755375,1,0.000368,0.001075,0.000773,0.000638,0.000874,0.000326,0.00128,0.133013,0.034307,0.755375,0.053895,0.001337,0.00076,0.01598
1375.jpg,/mnt/data1/spring/multimodal_project/data/images/1375.jpg,13,13,13,0.974294,1,3.2e-05,0.000182,7.7e-05,0.000127,4.1e-05,0.000328,3.8e-05,0.004734,0.001732,0.016189,0.000642,0.000165,0.001417,0.974294
236.jpg,/mnt/data1/spring/multimodal_project/data/images/236.jpg,4,4,4,0.994699,1,3.7e-05,0.002862,5.9e-05,0.001284,0.994699,1e-04,0.000315,0.000303,5.8e-05,1.2e-05,1.8e-05,1.2e-05,0.000178,6.1e-05
189.jpg,/mnt/data1/spring/multimodal_project/data/images/189.jpg,3,3,3,0.990086,1,5e-06,0.003099,3.2e-05,0.990086,0.00662,3e-05,2.3e-05,8.7e-05,2e-06,0.0,1e-06,4e-06,7e-06,2e-06
201.jpg,/mnt/data1/spring/multimodal_project/data/images/201.jpg,4,4,4,0.954321,1,7.1e-05,0.002606,0.000121,0.015014,0.954321,0.00072,0.000667,0.02601,1.4e-05,1.8e-05,0.000115,1e-04,0.000178,4.5e-05
509.jpg,/mnt/data1/spring/multimodal_project/data/images/509.jpg,7,7,7,0.993373,1,0.00022,2.2e-05,7e-06,4.8e-05,0.003996,0.000336,0.000131,0.993373,1e-06,0.000572,2.1e-05,0.0,0.001269,3e-06
1225.jpg,/mnt/data1/spring/multimodal_project/data/images/1225.jpg,12,12,12,0.984308,1,0.000329,0.00127,0.000396,0.00104,0.000283,0.009679,0.000351,6.6e-05,0.001415,3e-05,0.00013,0.00035,0.984308,0.000353
1387.jpg,/mnt/data1/spring/multimodal_project/data/images/1387.jpg,13,13,13,0.872133,1,0.000643,0.009593,0.00167,0.017377,0.005282,0.00284,0.01264,0.007093,0.016695,0.026459,0.000277,0.012969,0.01433,0.872133
921.jpg,/mnt/data1/spring/multimodal_project/data/images/921.jpg,9,9,9,0.869166,1,0.003162,0.004021,0.000666,0.001353,0.000275,8.3e-05,0.000832,0.017099,0.00925,0.869166,0.001121,0.008934,0.000735,0.083302
1079.jpg,/mnt/data1/spring/multimodal_project/data/images/1079.jpg,10,10,10,0.999754,1,6e-06,1e-06,1.1e-05,3.3e-05,2.4e-05,8.8e-05,1e-06,1.6e-05,1.1e-05,0.0,0.999754,1e-06,1.6e-05,3.8e-05
901.jpg,/mnt/data1/spring/multimodal_project/data/images/901.jpg,9,9,9,0.921928,1,0.000221,0.000191,0.000147,0.000123,0.000118,0.000103,0.000174,0.001423,0.063922,0.921928,0.006485,0.000278,0.00033,0.004559
791.jpg,/mnt/data1/spring/multimodal_project/data/images/791.jpg,8,8,8,0.670384,1,0.000203,0.000189,0.000265,0.000107,0.00023,0.001012,0.000199,0.001292,0.670384,0.318801,0.001088,0.00036,0.000772,0.005098
49.jpg,/mnt/data1/spring/multimodal_project/data/images/49.jpg,0,0,0,0.941976,1,0.941976,0.000228,0.041656,0.000421,0.000248,5.8e-05,0.00048,7.1e-05,0.000699,0.01389,2.7e-05,7.5e-05,0.00014,3e-05
370.jpg,/mnt/data1/spring/multimodal_project/data/images/370.jpg,5,5,5,0.999929,1,3e-06,5e-06,7e-06,1e-06,0.0,0.999929,2e-06,5e-06,0.0,0.0,3.4e-05,4e-06,5e-06,3e-06
173.jpg,/mnt/data1/spring/multimodal_project/data/images/173.jpg,3,3,3,0.930215,1,0.000426,0.068216,0.000321,0.930215,9.8e-05,4.5e-05,0.000284,6.1e-05,3.7e-05,2e-06,4.8e-05,0.000107,9.4e-05,4.6e-05
141.jpg,/mnt/data1/spring/multimodal_project/data/images/141.jpg,2,2,2,0.999048,1,0.000594,1.4e-05,0.999048,9e-06,3.2e-05,0.0,6e-06,2e-06,7e-06,0.000274,0.0,6e-06,6e-06,1e-06
919.jpg,/mnt/data1/spring/multimodal_project/data/images/919.jpg,9,9,9,0.997917,1,2e-05,2.2e-05,8e-06,1.3e-05,3e-06,7e-06,1.3e-05,0.000179,0.001241,0.997917,2.9e-05,4e-05,5e-06,0.000502
408.jpg,/mnt/data1/spring/multimodal_project/data/images/408.jpg,5,5,5,0.992539,1,7e-06,5.2e-05,3.1e-05,2.5e-05,1.6e-05,0.992539,1e-05,0.000167,0.000491,2e-06,0.005849,3e-06,0.000794,1.6e-05
324.jpg,/mnt/data1/spring/multimodal_project/data/images/324.jpg,5,5,5,0.998509,1,8e-06,1.8e-05,5.1e-05,9e-06,8.9e-05,0.998509,1.1e-05,0.001097,2.8e-05,4e-06,1e-06,3.1e-05,0.000141,4e-06
652.jpg,/mnt/data1/spring/multimodal_project/data/images/652.jpg,7,7,7,0.997207,1,2.5e-05,4.8e-05,5.8e-05,3.1e-05,8.8e-05,0.00068,1.8e-05,0.997207,5e-06,0.000132,0.001644,3.7e-05,8e-06,1.9e-05
110.jpg,/mnt/data1/spring/multimodal_project/data/images/110.jpg,2,2,2,0.997072,1,0.001964,3.8e-05,0.997072,4.7e-05,3.1e-05,2e-06,3.3e-05,1.4e-05,2.9e-05,0.000503,7e-06,1.4e-05,0.000227,2e-05
565.jpg,/mnt/data1/spring/multimodal_project/data/images/565.jpg,7,7,7,0.99983,1,3e-06,5e-06,3e-06,4e-06,8e-06,9e-06,6e-06,0.99983,3e-06,1.3e-05,0.000103,1e-05,2e-06,2e-06
539.jpg,/mnt/data1/spring/multimodal_project/data/images/539.jpg,7,7,7,0.986792,1,0.000185,0.00058,0.000209,0.000467,0.000175,0.001195,0.000136,0.986792,0.003406,0.004561,0.00024,0.000378,0.00129,0.000386
962.jpg,/mnt/data1/spring/multimodal_project/data/images/962.jpg,10,10,10,0.999408,1,5e-06,8e-06,1.1e-05,1.2e-05,2.5e-05,0.00012,9e-06,4.8e-05,0.000306,3.8e-05,0.999408,6e-06,2e-06,3e-06
374.jpg,/mnt/data1/spring/multimodal_project/data/images/374.jpg,5,5,5,0.999825,1,3e-06,1e-05,5e-06,1.6e-05,2e-06,0.999825,2e-06,3.1e-05,1.2e-05,0.0,2.5e-05,1e-06,6.7e-05,1e-06
469.jpg,/mnt/data1/spring/multimodal_project/data/images/469.jpg,6,6,6,0.97346,1,0.004035,0.002915,0.003739,0.002831,0.002207,0.001791,0.97346,0.001884,0.000759,0.000449,0.000101,0.00112,0.004487,0.000223
878.jpg,/mnt/data1/spring/multimodal_project/data/images/878.jpg,9,9,9,0.945259,1,0.000387,0.000477,0.001241,0.000642,0.001286,0.000844,0.000283,0.011251,0.019823,0.945259,0.008925,0.000648,0.000911,0.008025
1.jpg,/mnt/data1/spring/multimodal_project/data/images/1.jpg,0,0,0,0.915895,1,0.915895,0.001269,0.016415,0.000285,3.5e-05,0.000125,1.9e-05,0.002542,0.055179,0.006201,0.00029,0.000715,0.000782,0.000248
786.jpg,/mnt/data1/spring/multimodal_project/data/images/786.jpg,8,8,8,0.853413,1,0.001655,0.004312,0.000867,0.001328,0.001279,0.04695,0.002715,0.039365,0.853413,0.018366,0.002611,0.008748,0.012861,0.005528
1030.jpg,/mnt/data1/spring/multimodal_project/data/images/1030.jpg,10,10,10,0.99995,1,0.0,0.0,5e-06,0.0,0.0,1e-06,0.0,4e-06,0.0,1e-06,0.99995,0.0,0.0,3.8e-05
1139.jpg,/mnt/data1/spring/multimodal_project/data/images/1139.jpg,11,11,11,0.94332,1,0.00022,0.000745,0.000477,0.000365,0.000149,0.024006,0.001061,0.025139,0.000314,0.002441,0.000155,0.94332,0.000561,0.001048
1006.jpg,/mnt/data1/spring/multimodal_project/data/images/1006.jpg,10,10,10,0.999916,1,0.0,1e-06,3e-06,2e-06,1e-06,2e-05,1e-06,3.7e-05,1e-06,3e-06,0.999916,0.0,0.0,1.4e-05
613.jpg,/mnt/data1/spring/multimodal_project/data/images/613.jpg,7,7,7,0.996125,1,0.000266,0.000591,0.000245,0.000336,0.000227,0.000329,3.2e-05,0.996125,0.000159,7.3e-05,0.001408,3.2e-05,9e-06,0.000168
429.jpg,/mnt/data1/spring/multimodal_project/data/images/429.jpg,6,6,6,0.97741,1,0.000277,0.005205,0.000375,0.010505,0.004883,2.4e-05,0.97741,0.000667,0.000111,0.000215,5.9e-05,0.000156,2e-05,9.2e-05
1123.jpg,/mnt/data1/spring/multimodal_project/data/images/1123.jpg,11,11,11,0.999542,1,2.4e-05,2.7e-05,2.1e-05,7e-06,3e-06,1.4e-05,2.1e-05,2.3e-05,3.8e-05,3.9e-05,8.7e-05,0.999542,1e-05,0.000144
924.jpg,/mnt/data1/spring/multimodal_project/data/images/924.jpg,9,9,9,0.998861,1,2.5e-05,1e-06,4e-06,0.0,0.0,0.0,0.0,0.0,0.00088,0.998861,0.0,0.0,2e-06,0.000225
34.jpg,/mnt/data1/spring/multimodal_project/data/images/34.jpg,0,0,0,0.966266,1,0.966266,1.1e-05,0.032391,3e-05,2.6e-05,4e-06,3.2e-05,7e-06,2e-05,0.001188,1e-06,9e-06,1.4e-05,1e-06
334.jpg,/mnt/data1/spring/multimodal_project/data/images/334.jpg,5,5,5,0.946204,1,0.000112,0.000699,0.001859,0.00042,0.000454,0.946204,0.00014,0.04474,0.000931,0.000144,0.003065,4.8e-05,0.000699,0.000483
560.jpg,/mnt/data1/spring/multimodal_project/data/images/560.jpg,7,7,7,0.999402,1,1.5e-05,9e-06,1.7e-05,1.3e-05,1.5e-05,3.4e-05,1.9e-05,0.999402,2.1e-05,8.9e-05,0.000274,5.3e-05,1.2e-05,2.8e-05
351.jpg,/mnt/data1/spring/multimodal_project/data/images/351.jpg,5,5,5,0.999597,1,0.0,2e-06,1.3e-05,2e-06,0.000156,0.999597,5e-06,0.000118,3e-06,0.0,9.9e-05,1e-06,3e-06,0.0
829.jpg,/mnt/data1/spring/multimodal_project/data/images/829.jpg,9,9,9,0.988561,1,0.000144,7.8e-05,0.000124,0.000113,7.9e-05,6e-06,5.3e-05,0.000394,0.005776,0.988561,0.003259,2e-05,3.2e-05,0.001362
1172.jpg,/mnt/data1/spring/multimodal_project/data/images/1172.jpg,11,11,11,0.995699,1,9.3e-05,0.000236,0.001698,0.000297,6.6e-05,6.3e-05,0.000104,9.4e-05,0.000223,0.001221,8.3e-05,0.995699,2.1e-05,0.000104
1201.jpg,/mnt/data1/spring/multimodal_project/data/images/1201.jpg,12,12,12,0.997921,1,3e-06,4e-06,1.9e-05,3e-06,1e-06,7e-06,3e-06,1e-06,1.9e-05,1e-06,4e-06,1e-06,0.997921,0.002013
750.jpg,/mnt/data1/spring/multimodal_project/data/images/750.jpg,8,8,8,0.99478,1,6.2e-05,2.4e-05,0.000122,1.5e-05,3.1e-05,4e-06,1.3e-05,1.5e-05,0.99478,0.000909,0.001126,2.4e-05,0.000305,0.002572
857.jpg,/mnt/data1/spring/multimodal_project/data/images/857.jpg,9,9,9,0.857959,1,0.000649,0.000479,0.00048,0.000413,0.000565,0.000219,0.000357,0.061794,0.046103,0.857959,0.024934,0.000464,0.000601,0.004981
692.jpg,/mnt/data1/spring/multimodal_project/data/images/692.jpg,7,7,7,0.913889,1,3.4e-05,3.2e-05,0.000136,6.7e-05,0.001189,0.006661,1.6e-05,0.913889,6.6e-05,3.9e-05,0.077792,2e-06,7.1e-05,6e-06
1135.jpg,/mnt/data1/spring/multimodal_project/data/images/1135.jpg,11,11,11,0.999357,1,9e-06,2.2e-05,2.5e-05,5e-06,6e-06,0.000225,4.2e-05,0.000182,2e-06,6.7e-05,1.7e-05,0.999357,1.6e-05,2.5e-05
148.jpg,/mnt/data1/spring/multimodal_project/data/images/148.jpg,2,2,2,0.998576,1,0.000815,1.3e-05,0.998576,4.8e-05,8.2e-05,9e-06,2.1e-05,1.3e-05,1e-05,0.000348,3e-06,2e-05,3.8e-05,3e-06
907.jpg,/mnt/data1/spring/multimodal_project/data/images/907.jpg,9,9,9,0.791761,1,0.003218,0.003098,0.002054,0.001525,0.002058,0.001679,0.002405,0.007749,0.06155,0.791761,0.003575,0.005317,0.001263,0.112748
1255.jpg,/mnt/data1/spring/multimodal_project/data/images/1255.jpg,12,12,12,0.96016,1,2.8e-05,0.000104,0.000371,0.000801,0.000118,0.01229,8.2e-05,9.4e-05,0.002053,5.4e-05,0.00045,3.1e-05,0.96016,0.023365
1084.jpg,/mnt/data1/spring/multimodal_project/data/images/1084.jpg,10,10,10,0.998562,1,5.3e-05,3.5e-05,3.9e-05,0.000223,0.00023,0.000281,1.5e-05,7.5e-05,0.00029,1e-06,0.998562,1.2e-05,0.000104,8.2e-05
1224.jpg,/mnt/data1/spring/multimodal_project/data/images/1224.jpg,12,12,12,0.997541,1,0.000547,4.4e-05,0.000136,7.5e-05,5.6e-05,0.000327,6.5e-05,2.3e-05,0.000664,9.3e-05,3.8e-05,8e-05,0.997541,0.000313
1092.jpg,/mnt/data1/spring/multimodal_project/data/images/1092.jpg,11,11,11,0.504823,1,0.001941,0.002371,9.8e-05,0.000854,0.003171,0.000114,0.483568,0.001674,0.000465,0.00026,3.5e-05,0.504823,5.9e-05,0.000567
33.jpg,/mnt/data1/spring/multimodal_project/data/images/33.jpg,0,0,0,0.978514,1,0.978514,7.1e-05,0.018699,3.6e-05,4.1e-05,5e-06,7.3e-05,3e-05,2.5e-05,0.002468,2e-06,1.9e-05,1.5e-05,2e-06
55.jpg,/mnt/data1/spring/multimodal_project/data/images/55.jpg,0,0,0,0.998692,1,0.998692,0.000123,0.00028,5.6e-05,2.5e-05,4e-06,6.8e-05,1.4e-05,6.3e-05,0.000548,2.1e-05,9.7e-05,6e-06,3e-06
1156.jpg,/mnt/data1/spring/multimodal_project/data/images/1156.jpg,11,11,11,0.99999,1,0.0,1e-06,6e-06,0.0,0.0,0.0,1e-06,0.0,0.0,1e-06,0.0,0.99999,0.0,2e-06
398.jpg,/mnt/data1/spring/multimodal_project/data/images/398.jpg,5,5,5,0.997482,1,4e-06,1.3e-05,3.2e-05,1e-05,8e-06,0.997482,6e-06,0.001607,9e-06,1e-06,0.000767,0.0,6.1e-05,1e-06
1012.jpg,/mnt/data1/spring/multimodal_project/data/images/1012.jpg,10,10,10,0.996147,1,1e-05,1.8e-05,0.000114,3e-05,1.1e-05,0.000203,1.6e-05,0.00285,0.000142,3.4e-05,0.996147,3e-06,0.000102,0.000318
1383.jpg,/mnt/data1/spring/multimodal_project/data/images/1383.jpg,13,13,13,0.911304,1,0.001916,0.001159,0.006966,0.002561,0.000669,0.002072,0.00039,0.013613,0.006587,0.023407,0.007461,0.001418,0.020476,0.911304
423.jpg,/mnt/data1/spring/multimodal_project/data/images/423.jpg,6,6,6,0.992567,1,0.000167,0.001853,0.000106,0.000292,0.002512,3.1e-05,0.992567,0.000989,2.9e-05,0.001099,7e-06,0.000221,3.2e-05,9.4e-05
1094.jpg,/mnt/data1/spring/multimodal_project/data/images/1094.jpg,11,11,11,0.998046,1,0.000156,7.7e-05,0.000254,9e-06,3e-06,0.001201,0.00015,1.1e-05,1.9e-05,5e-06,3.4e-05,0.998046,1.4e-05,1.9e-05
134.jpg,/mnt/data1/spring/multimodal_project/data/images/134.jpg,2,2,2,0.953595,1,0.034417,6.6e-05,0.953595,0.00057,0.000391,0.000635,0.000996,0.000625,7.2e-05,0.008034,2.9e-05,0.000345,0.000211,1.2e-05
1386.jpg,/mnt/data1/spring/multimodal_project/data/images/1386.jpg,13,13,13,0.991673,1,2.1e-05,0.000208,0.000474,0.000207,8.7e-05,0.000216,6.5e-05,0.001894,0.002373,0.001079,8e-06,4.8e-05,0.001648,0.991673
1131.jpg,/mnt/data1/spring/multimodal_project/data/images/1131.jpg,11,11,11,0.996091,1,0.000106,0.000223,0.000134,5.4e-05,3.9e-05,0.000448,0.000217,0.000846,0.000368,0.000409,0.000716,0.996091,3.9e-05,0.00031
542.jpg,/mnt/data1/spring/multimodal_project/data/images/542.jpg,7,7,7,0.997505,1,9e-06,5.6e-05,4.9e-05,0.00015,6.3e-05,0.000403,1.3e-05,0.997505,0.000172,0.000721,0.000184,0.00024,0.000231,0.000203
159.jpg,/mnt/data1/spring/multimodal_project/data/images/159.jpg,2,2,2,0.973097,1,0.016564,0.000944,0.973097,0.000756,0.00234,1.2e-05,0.000468,0.000945,0.000765,0.002183,7.6e-05,0.000826,0.000137,0.000887
731.jpg,/mnt/data1/spring/multimodal_project/data/images/731.jpg,8,8,8,0.97213,1,0.00038,0.00029,0.000693,0.000156,5.3e-05,5.5e-05,0.000192,0.00019,0.97213,0.006184,0.009765,0.000343,0.00028,0.009289
339.jpg,/mnt/data1/spring/multimodal_project/data/images/339.jpg,5,5,5,0.997737,1,1.5e-05,1.6e-05,3.7e-05,1.3e-05,9e-06,0.997737,2.2e-05,0.002018,3e-06,3e-06,7.3e-05,1.5e-05,2.7e-05,1.3e-05
789.jpg,/mnt/data1/spring/multimodal_project/data/images/789.jpg,8,8,8,0.945822,1,0.000176,0.000768,0.000401,0.000352,0.000489,0.007002,0.000267,0.015999,0.945822,0.001732,0.00487,0.002041,0.009522,0.01056
69.jpg,/mnt/data1/spring/multimodal_project/data/images/69.jpg,1,1,1,0.960568,1,0.000144,0.960568,6e-06,0.03765,0.000609,4.4e-05,0.000361,0.000528,2.1e-05,2.7e-05,1.1e-05,1.3e-05,6e-06,1.1e-05
1229.jpg,/mnt/data1/spring/multimodal_project/data/images/1229.jpg,12,12,12,0.947493,1,0.000386,0.000153,0.000612,0.001284,0.000222,0.042764,7.4e-05,0.000609,0.000609,2.5e-05,0.000225,0.001543,0.947493,0.004
1319.jpg,/mnt/data1/spring/multimodal_project/data/images/1319.jpg,13,13,13,0.92657,1,0.000195,0.000238,0.000632,0.00021,0.000118,8.7e-05,0.00037,0.000236,0.002993,0.063294,0.000313,0.001129,0.003617,0.92657
505.jpg,/mnt/data1/spring/multimodal_project/data/images/505.jpg,7,7,7,0.984477,1,0.001436,0.006199,0.00036,0.00081,0.001027,0.000201,0.001565,0.984477,0.000403,0.000791,0.001646,0.000214,0.000763,0.00011
1333.jpg,/mnt/data1/spring/multimodal_project/data/images/1333.jpg,13,13,13,0.898542,1,0.001834,0.003514,0.004246,0.001302,0.000968,0.00367,0.00245,0.019501,0.010428,0.022398,0.006963,0.014681,0.009503,0.898542
685.jpg,/mnt/data1/spring/multimodal_project/data/images/685.jpg,7,7,7,0.976909,1,0.000905,0.00103,0.000609,0.002479,0.001663,0.005676,0.008023,0.976909,5.2e-05,0.000529,0.000739,0.00027,9.9e-05,0.001017
889.jpg,/mnt/data1/spring/multimodal_project/data/images/889.jpg,9,9,9,0.982858,1,0.000214,3.8e-05,4.1e-05,5.1e-05,1.4e-05,0.000267,6.7e-05,0.000678,0.014668,0.982858,0.000423,9.8e-05,3.2e-05,0.000551
19.jpg,/mnt/data1/spring/multimodal_project/data/images/19.jpg,0,0,0,0.997227,1,0.997227,0.000236,0.001851,4.4e-05,1.4e-05,7e-06,7e-06,2.5e-05,8e-06,0.000114,1.1e-05,0.000396,5.1e-05,9e-06
891.jpg,/mnt/data1/spring/multimodal_project/data/images/891.jpg,9,9,9,0.935175,1,0.000496,0.000741,0.000997,0.000981,0.000606,0.000326,0.001372,0.005158,0.017238,0.935175,0.001678,0.00235,0.004506,0.028377
1294.jpg,/mnt/data1/spring/multimodal_project/data/images/1294.jpg,13,13,13,0.965539,1,0.000117,0.000561,0.001255,0.000332,0.00015,0.002527,0.000191,0.002293,0.000731,0.000359,0.006725,0.000315,0.018904,0.965539
1346.jpg,/mnt/data1/spring/multimodal_project/data/images/1346.jpg,13,13,13,0.916197,1,0.000528,0.001149,0.000418,0.001075,0.000468,0.010734,0.001016,0.006011,0.012079,0.008585,0.011592,0.000606,0.029542,0.916197
1329.jpg,/mnt/data1/spring/multimodal_project/data/images/1329.jpg,13,13,13,0.844028,1,0.000187,0.000286,0.00038,0.000391,0.000224,0.001399,0.000335,0.044002,0.001631,0.09988,0.005034,0.000285,0.00194,0.844028
1142.jpg,/mnt/data1/spring/multimodal_project/data/images/1142.jpg,11,11,11,0.999664,1,4e-06,2e-06,1.8e-05,0.0,0.0,0.0,3e-06,0.000282,0.0,1.5e-05,9e-06,0.999664,0.0,2e-06
1361.jpg,/mnt/data1/spring/multimodal_project/data/images/1361.jpg,13,13,13,0.999415,1,1e-06,1e-05,4e-06,4e-06,1e-06,1.2e-05,1e-06,4e-06,1.3e-05,3.2e-05,7e-06,2e-06,0.000495,0.999415
757.jpg,/mnt/data1/spring/multimodal_project/data/images/757.jpg,8,8,8,0.952334,1,0.000651,0.000324,0.000949,0.000214,0.000275,0.00233,0.000396,0.00073,0.952334,0.017519,0.007296,0.001055,0.003502,0.012425
158.jpg,/mnt/data1/spring/multimodal_project/data/images/158.jpg,2,2,2,0.990488,1,0.006589,6.4e-05,0.990488,0.000282,0.000184,5.9e-05,0.00018,0.000105,3.4e-05,0.001165,7.2e-05,3e-05,0.000734,1.4e-05
553.jpg,/mnt/data1/spring/multimodal_project/data/images/553.jpg,7,7,7,0.967981,1,0.000281,0.000395,0.000377,0.000664,0.000483,0.006093,0.000294,0.967981,0.001839,0.008072,0.005931,0.001816,0.005213,0.000562
755.jpg,/mnt/data1/spring/multimodal_project/data/images/755.jpg,8,8,8,0.987363,1,9.7e-05,0.000159,0.000248,0.000125,0.000239,0.000318,0.000177,0.001255,0.987363,0.005562,0.002932,0.000314,0.000919,0.000291
774.jpg,/mnt/data1/spring/multimodal_project/data/images/774.jpg,8,8,8,0.943665,1,0.000117,0.000348,0.000276,6.5e-05,0.000184,0.001175,8.2e-05,0.004152,0.943665,0.039389,0.006926,2.5e-05,0.000251,0.003344
169.jpg,/mnt/data1/spring/multimodal_project/data/images/169.jpg,3,3,3,0.981664,1,9.1e-05,0.014139,0.000426,0.981664,0.001306,0.0002,0.001319,0.000322,6.4e-05,2.4e-05,2.4e-05,7.8e-05,0.000316,2.7e-05
411.jpg,/mnt/data1/spring/multimodal_project/data/images/411.jpg,6,6,6,0.972804,1,0.00024,0.009374,0.000176,0.003318,0.002351,0.002309,0.972804,0.001488,0.000256,4.6e-05,0.000301,0.003992,0.0032,0.000145
1337.jpg,/mnt/data1/spring/multimodal_project/data/images/1337.jpg,13,13,13,0.99379,1,1.2e-05,3e-05,6.3e-05,4.3e-05,3.9e-05,4e-05,1.1e-05,0.000579,0.001959,0.000296,0.002723,2.2e-05,0.000391,0.99379
675.jpg,/mnt/data1/spring/multimodal_project/data/images/675.jpg,7,7,7,0.96166,1,5e-05,9e-05,8.7e-05,7e-05,0.000294,0.016202,0.000121,0.96166,8e-06,0.000206,0.021005,3e-05,7e-06,0.00017
454.jpg,/mnt/data1/spring/multimodal_project/data/images/454.jpg,6,6,6,0.998202,1,1.6e-05,0.00113,4e-06,2.3e-05,0.000447,7e-06,0.998202,8.5e-05,4e-06,4e-06,0.0,7.3e-05,2e-06,4e-06
846.jpg,/mnt/data1/spring/multimodal_project/data/images/846.jpg,9,9,9,0.999261,1,6e-06,5e-06,3e-06,3e-06,3e-06,1e-06,2e-06,0.000316,9.5e-05,0.999261,6e-06,4e-06,1e-06,0.000294
971.jpg,/mnt/data1/spring/multimodal_project/data/images/971.jpg,10,10,10,0.99699,1,1.7e-05,1.2e-05,5.4e-05,3.5e-05,7.9e-05,0.00039,1.1e-05,0.001995,0.00022,4.8e-05,0.99699,5e-06,1.8e-05,0.000125
315.jpg,/mnt/data1/spring/multimodal_project/data/images/315.jpg,5,5,5,0.979927,1,0.000153,0.000179,0.000697,0.000272,0.000379,0.979927,5.6e-05,0.00125,0.004166,9.4e-05,0.003549,0.000101,0.008902,0.000275
500.jpg,/mnt/data1/spring/multimodal_project/data/images/500.jpg,7,7,7,0.988944,1,0.001126,6.7e-05,0.000974,0.00069,0.004376,0.002312,0.000173,0.988944,5.1e-05,7.7e-05,0.001145,1.1e-05,4.7e-05,6e-06
65.jpg,/mnt/data1/spring/multimodal_project/data/images/65.jpg,1,1,1,0.59724,1,0.00016,0.59724,0.000906,0.194071,0.174902,0.000577,0.008812,8.9e-05,0.000229,1.9e-05,1e-06,9.5e-05,0.02286,4e-05
17.jpg,/mnt/data1/spring/multimodal_project/data/images/17.jpg,0,0,0,0.960397,1,0.960397,9.8e-05,0.035717,8.2e-05,8.3e-05,3.7e-05,8.7e-05,7.3e-05,7e-05,0.003196,6e-06,7.2e-05,7.6e-05,6e-06
1064.jpg,/mnt/data1/spring/multimodal_project/data/images/1064.jpg,10,10,10,0.992756,1,0.000131,2.2e-05,0.000157,2.4e-05,7.1e-05,0.000519,6.6e-05,0.005845,7.4e-05,8.2e-05,0.992756,7.9e-05,4.6e-05,0.00013
256.jpg,/mnt/data1/spring/multimodal_project/data/images/256.jpg,5,5,5,0.970507,1,0.000264,0.001983,0.002891,0.00309,0.000547,0.970507,0.000599,0.00802,0.001431,0.000147,0.004865,0.001652,0.002907,0.001097
794.jpg,/mnt/data1/spring/multimodal_project/data/images/794.jpg,8,8,8,0.91459,1,0.001397,0.001993,0.001823,0.001025,0.007162,0.001205,0.001218,0.005626,0.91459,0.013781,0.03549,0.001432,0.00124,0.012019
157.jpg,/mnt/data1/spring/multimodal_project/data/images/157.jpg,2,2,2,0.997028,1,0.001863,4.3e-05,0.997028,3.7e-05,0.000136,1.6e-05,6.3e-05,9e-06,5e-05,0.000625,4e-06,3.1e-05,7.9e-05,1.6e-05
1299.jpg,/mnt/data1/spring/multimodal_project/data/images/1299.jpg,13,13,13,0.697184,1,0.000479,0.000417,0.002219,0.000685,0.000447,0.000172,0.000408,0.001148,0.122162,0.002576,0.166026,0.000668,0.005408,0.697184
513.jpg,/mnt/data1/spring/multimodal_project/data/images/513.jpg,7,7,7,0.968018,1,0.000233,0.000741,0.000478,0.000361,0.000726,0.004864,0.000274,0.968018,0.001717,0.013327,0.005402,0.001781,0.001915,0.000162
1362.jpg,/mnt/data1/spring/multimodal_project/data/images/1362.jpg,13,13,13,0.99491,1,1.1e-05,6.5e-05,7.7e-05,0.000113,2.4e-05,0.001236,2.4e-05,9.9e-05,3e-05,4.1e-05,0.00068,2.9e-05,0.002661,0.99491
401.jpg,/mnt/data1/spring/multimodal_project/data/images/401.jpg,5,5,5,0.996436,1,6e-06,4.3e-05,1.5e-05,5.6e-05,1.9e-05,0.996436,1.8e-05,0.000558,2.1e-05,1e-06,0.002605,3e-06,0.000216,4e-06
1237.jpg,/mnt/data1/spring/multimodal_project/data/images/1237.jpg,12,12,12,0.940594,1,9.5e-05,0.000365,0.000719,0.000428,0.000318,0.005038,0.000496,0.00031,0.007039,0.000268,0.000693,7.6e-05,0.940594,0.043559
492.jpg,/mnt/data1/spring/multimodal_project/data/images/492.jpg,7,7,7,0.994544,1,5.5e-05,0.001147,0.000846,6.6e-05,9.8e-05,8e-06,6e-06,0.994544,0.000749,0.002387,1.3e-05,3e-06,1.5e-05,6.6e-05
1207.jpg,/mnt/data1/spring/multimodal_project/data/images/1207.jpg,12,12,12,0.97192,1,5.5e-05,0.000171,0.000707,8.6e-05,6.3e-05,0.000436,6.6e-05,0.000261,0.00099,0.000332,0.000108,1.6e-05,0.97192,0.024789
1350.jpg,/mnt/data1/spring/multimodal_project/data/images/1350.jpg,13,13,13,0.890598,1,0.001815,0.00141,0.002866,0.000871,0.000468,0.000894,0.001741,0.012281,0.046701,0.025962,0.005102,0.005064,0.004226,0.890598
785.jpg,/mnt/data1/spring/multimodal_project/data/images/785.jpg,8,8,8,0.964155,1,8.5e-05,0.000164,0.000101,7.6e-05,0.000112,0.0009,9.4e-05,0.001727,0.964155,0.024015,0.005924,9.9e-05,0.000278,0.002271
671.jpg,/mnt/data1/spring/multimodal_project/data/images/671.jpg,7,7,7,0.888434,1,0.004336,0.000474,0.001062,0.002101,0.000505,0.046357,0.000451,0.888434,0.000551,0.000904,0.053149,0.000551,0.000388,0.000738
1028.jpg,/mnt/data1/spring/multimodal_project/data/images/1028.jpg,10,10,10,0.989913,1,4.4e-05,2.8e-05,4.7e-05,5.4e-05,5.4e-05,0.005897,0.000131,0.001834,0.000349,7.3e-05,0.989913,3.2e-05,0.000337,0.001207
863.jpg,/mnt/data1/spring/multimodal_project/data/images/863.jpg,9,9,9,0.987996,1,0.000143,0.000144,0.000145,9.1e-05,3.5e-05,0.000162,7.8e-05,0.000548,0.00678,0.987996,0.000627,0.000333,5.3e-05,0.002866
1097.jpg,/mnt/data1/spring/multimodal_project/data/images/1097.jpg,11,11,11,0.995904,1,0.000311,0.000179,0.000173,0.000139,3.8e-05,0.000284,0.000505,0.000638,0.001127,0.000158,0.000114,0.995904,0.000112,0.000317
259.jpg,/mnt/data1/spring/multimodal_project/data/images/259.jpg,5,5,5,0.982944,1,0.000209,0.001016,0.000405,0.00212,0.000335,0.982944,0.002132,0.000592,0.000624,0.000103,0.007455,0.000629,0.000345,0.001091
424.jpg,/mnt/data1/spring/multimodal_project/data/images/424.jpg,6,6,6,0.975282,1,9.5e-05,0.019717,0.000112,0.001343,0.001285,1.2e-05,0.975282,0.000214,0.000173,0.001138,1.7e-05,0.000275,0.000103,0.000235
483.jpg,/mnt/data1/spring/multimodal_project/data/images/483.jpg,7,7,7,0.994426,1,0.000344,0.000197,0.002239,0.000472,0.000509,0.00047,9.3e-05,0.994426,0.000189,0.00056,0.00026,1.5e-05,0.000152,7.7e-05
913.jpg,/mnt/data1/spring/multimodal_project/data/images/913.jpg,9,9,9,0.622436,1,0.001392,0.001526,0.0009,0.001034,0.00074,0.002712,0.001383,0.230792,0.018646,0.622436,0.022415,0.002148,0.001097,0.092781
325.jpg,/mnt/data1/spring/multimodal_project/data/images/325.jpg,5,5,5,0.996438,1,1e-05,2.2e-05,5.1e-05,2.1e-05,0.000276,0.996438,1.6e-05,0.002548,0.000151,1.1e-05,1e-05,7.1e-05,0.000367,9e-06
1066.jpg,/mnt/data1/spring/multimodal_project/data/images/1066.jpg,10,10,10,0.999664,1,2e-06,1e-06,3.3e-05,2e-06,5e-06,4.9e-05,4e-06,6.4e-05,8e-06,4.6e-05,0.999664,1e-06,2e-06,0.000119
527.jpg,/mnt/data1/spring/multimodal_project/data/images/527.jpg,7,7,7,0.950384,1,0.000912,0.001796,0.001047,0.001517,0.001136,0.005517,0.001186,0.950384,0.00283,0.008971,0.009425,0.011184,0.000591,0.003505
1128.jpg,/mnt/data1/spring/multimodal_project/data/images/1128.jpg,11,11,11,0.998428,1,5.9e-05,0.000116,0.000102,2.2e-05,9e-06,0.000117,8.3e-05,0.000517,9e-06,0.000474,1.8e-05,0.998428,6e-06,3.8e-05
568.jpg,/mnt/data1/spring/multimodal_project/data/images/568.jpg,7,7,7,0.997813,1,2.1e-05,1.6e-05,1.8e-05,2e-05,3.4e-05,1.7e-05,1e-05,0.997813,1.1e-05,8.3e-05,0.001905,1.3e-05,9e-06,3e-05
79.jpg,/mnt/data1/spring/multimodal_project/data/images/79.jpg,1,1,1,0.87206,1,3.5e-05,0.87206,4.3e-05,0.121339,0.001028,7e-06,0.004981,4.8e-05,0.00016,5.3e-05,8e-06,4.1e-05,0.000173,2.5e-05
99.jpg,/mnt/data1/spring/multimodal_project/data/images/99.jpg,2,2,2,0.986263,1,0.00753,0.000156,0.986263,0.000468,0.000393,0.000195,0.000249,0.000148,0.000689,0.002377,0.000115,0.00012,0.001106,0.000191
1273.jpg,/mnt/data1/spring/multimodal_project/data/images/1273.jpg,12,12,12,0.95461,1,0.000215,7.4e-05,0.00226,0.00026,0.000332,0.000459,0.000155,6.2e-05,0.008314,0.00141,0.001218,9.3e-05,0.95461,0.030538
698.jpg,/mnt/data1/spring/multimodal_project/data/images/698.jpg,7,7,7,0.95028,1,0.00276,0.016825,0.000745,0.001255,0.001323,0.018975,0.001172,0.95028,0.000386,0.000371,0.003957,0.001736,8.6e-05,0.000129
1285.jpg,/mnt/data1/spring/multimodal_project/data/images/1285.jpg,12,12,12,0.977166,1,6e-06,0.0,0.000111,4.9e-05,0.0,0.022332,0.0,0.0,7.3e-05,1e-06,0.000156,0.0,0.977166,0.000106
812.jpg,/mnt/data1/spring/multimodal_project/data/images/812.jpg,8,8,8,0.987335,1,0.007514,0.000778,0.000319,5.2e-05,3.7e-05,0.000399,7.5e-05,1.2e-05,0.987335,0.001762,0.000321,2.9e-05,0.000908,0.000461
894.jpg,/mnt/data1/spring/multimodal_project/data/images/894.jpg,9,9,9,0.984036,1,0.000439,0.000563,0.00035,0.0003,0.000148,7.7e-05,0.00032,0.003675,0.00313,0.984036,0.000265,0.000702,0.000122,0.005873
1228.jpg,/mnt/data1/spring/multimodal_project/data/images/1228.jpg,12,12,12,0.967236,1,9.5e-05,0.00017,0.000689,0.000384,0.000173,0.007279,0.000109,0.000312,0.014518,0.000537,0.00091,6.6e-05,0.967236,0.007522
676.jpg,/mnt/data1/spring/multimodal_project/data/images/676.jpg,7,7,7,0.99767,1,2.6e-05,1e-05,7e-06,1.4e-05,4.5e-05,0.001875,5e-06,0.99767,2e-06,5e-06,0.000334,2e-06,4e-06,1e-06
349.jpg,/mnt/data1/spring/multimodal_project/data/images/349.jpg,5,5,5,0.997938,1,8e-06,6e-06,8.2e-05,1.6e-05,5e-05,0.997938,9.2e-05,0.001036,3e-06,4e-06,0.000739,4e-06,2.2e-05,1e-06
551.jpg,/mnt/data1/spring/multimodal_project/data/images/551.jpg,7,7,7,0.991971,1,7.3e-05,0.000212,6.2e-05,0.000131,4.7e-05,0.000464,9e-05,0.991971,0.000167,0.002759,0.001746,0.000228,6e-06,0.002045
252.jpg,/mnt/data1/spring/multimodal_project/data/images/252.jpg,5,5,5,0.894982,1,0.000248,0.001581,0.002451,0.001445,0.003662,0.894982,0.011533,0.007393,0.056561,0.000232,0.00524,0.004683,0.002786,0.007201
818.jpg,/mnt/data1/spring/multimodal_project/data/images/818.jpg,9,9,9,0.932304,1,0.001185,0.000229,0.000381,0.000131,0.000207,2.4e-05,0.000181,0.006593,0.051689,0.932304,0.001867,0.000274,0.000705,0.00423
1394.jpg,/mnt/data1/spring/multimodal_project/data/images/1394.jpg,13,13,13,0.785768,1,9.7e-05,0.018568,0.002326,0.003939,0.003891,0.018705,0.006059,0.106322,0.027655,0.017628,0.00049,0.007346,0.001204,0.785768
1246.jpg,/mnt/data1/spring/multimodal_project/data/images/1246.jpg,12,12,12,0.857664,1,0.000237,0.001398,0.001892,0.000621,0.001407,0.019407,0.001058,0.028139,0.041981,0.013023,0.025728,0.000358,0.857664,0.007088
1082.jpg,/mnt/data1/spring/multimodal_project/data/images/1082.jpg,10,10,10,0.998589,1,0.0,0.0,6e-06,8e-06,3e-06,0.001339,0.0,9e-06,8e-06,0.0,0.998589,0.0,2.8e-05,1e-05
54.jpg,/mnt/data1/spring/multimodal_project/data/images/54.jpg,0,0,0,0.971382,1,0.971382,0.00025,0.016728,0.000218,0.00021,2.8e-05,0.000365,2.2e-05,0.000812,0.009726,3e-05,8.4e-05,0.000104,4e-05
656.jpg,/mnt/data1/spring/multimodal_project/data/images/656.jpg,7,7,7,0.998802,1,4e-06,1.5e-05,9e-06,1.2e-05,1.3e-05,3e-06,8e-06,0.998802,1e-06,5.5e-05,0.001041,3e-06,2e-06,3.1e-05
427.jpg,/mnt/data1/spring/multimodal_project/data/images/427.jpg,6,6,6,0.994121,1,1.9e-05,0.005195,2e-06,4.3e-05,0.000487,6e-06,0.994121,9.6e-05,7e-06,2e-06,0.0,2.1e-05,1e-06,1e-06
320.jpg,/mnt/data1/spring/multimodal_project/data/images/320.jpg,5,5,5,0.999376,1,1.2e-05,8e-06,2.9e-05,8e-06,5.7e-05,0.999376,1.4e-05,0.000361,3.6e-05,9e-06,2.2e-05,9e-06,4.6e-05,1.2e-05
612.jpg,/mnt/data1/spring/multimodal_project/data/images/612.jpg,7,7,7,0.995215,1,0.000317,0.001729,0.000114,0.000845,0.000243,0.000197,0.000375,0.995215,5.9e-05,7.9e-05,0.00075,3.6e-05,2e-06,3.7e-05
1393.jpg,/mnt/data1/spring/multimodal_project/data/images/1393.jpg,13,13,13,0.909057,1,0.000726,0.002602,0.002305,0.003011,0.001015,0.000858,0.004214,0.039583,0.001477,0.026556,0.00045,0.007258,0.000889,0.909057
433.jpg,/mnt/data1/spring/multimodal_project/data/images/433.jpg,6,6,6,0.998319,1,9e-05,0.000629,7e-06,0.000295,9e-06,0.000232,0.998319,0.000159,0.000197,5e-06,1e-06,3.9e-05,1.5e-05,2e-06
611.jpg,/mnt/data1/spring/multimodal_project/data/images/611.jpg,7,7,7,0.997888,1,0.000351,0.000709,0.000106,0.000493,6.2e-05,4.8e-05,6.6e-05,0.997888,3e-05,2.7e-05,9.8e-05,2.4e-05,2e-06,9.5e-05
618.jpg,/mnt/data1/spring/multimodal_project/data/images/618.jpg,7,7,7,0.802681,1,0.00054,0.150525,0.001547,0.004269,0.002571,0.011638,0.001361,0.802681,0.001371,0.00251,0.001368,0.001169,0.000163,0.018287
895.jpg,/mnt/data1/spring/multimodal_project/data/images/895.jpg,9,9,9,0.991768,1,6.9e-05,3.9e-05,1.7e-05,1e-05,1.5e-05,3.1e-05,2.4e-05,0.000167,0.006914,0.991768,0.000418,3.1e-05,4.9e-05,0.00045
1339.jpg,/mnt/data1/spring/multimodal_project/data/images/1339.jpg,13,13,13,0.997484,1,1.2e-05,0.000147,5.6e-05,5.4e-05,3.6e-05,0.000229,3.4e-05,0.000123,0.000246,0.000706,0.000359,3e-05,0.000482,0.997484
1176.jpg,/mnt/data1/spring/multimodal_project/data/images/1176.jpg,12,12,12,0.999522,1,2e-06,4e-06,3.4e-05,2e-06,2e-06,4e-06,1e-06,1e-06,7.4e-05,2e-06,6e-06,0.0,0.999522,0.000347
1020.jpg,/mnt/data1/spring/multimodal_project/data/images/1020.jpg,10,10,10,0.703034,1,0.001421,0.001526,0.002298,0.002159,0.00191,0.009921,0.001313,0.257113,0.000857,0.001521,0.703034,0.001047,0.000989,0.014891
373.jpg,/mnt/data1/spring/multimodal_project/data/images/373.jpg,5,5,5,0.999709,1,5e-06,5e-06,1.1e-05,2e-06,6e-06,0.999709,2e-06,0.000104,9e-06,1e-06,0.000139,0.0,5e-06,2e-06
805.jpg,/mnt/data1/spring/multimodal_project/data/images/805.jpg,8,8,8,0.900622,1,0.022997,7e-06,0.001015,1.1e-05,2e-06,0.0,2e-06,9.9e-05,0.900622,0.073448,9.1e-05,5.2e-05,0.00086,0.000794
258.jpg,/mnt/data1/spring/multimodal_project/data/images/258.jpg,5,5,5,0.982963,1,0.000149,0.000892,0.000644,0.00225,0.000628,0.982963,0.000622,0.002132,0.001342,6.4e-05,0.005413,0.000545,0.001713,0.000641
369.jpg,/mnt/data1/spring/multimodal_project/data/images/369.jpg,5,5,5,0.999908,1,5e-06,7e-06,2e-06,8e-06,2e-06,0.999908,1.1e-05,1.1e-05,1e-06,0.0,3.5e-05,2e-06,7e-06,1e-06
773.jpg,/mnt/data1/spring/multimodal_project/data/images/773.jpg,8,8,8,0.972005,1,0.000162,0.001265,0.000292,0.000172,0.000183,0.001017,0.000317,0.001911,0.972005,0.007107,0.008195,0.000702,0.000902,0.005771
882.jpg,/mnt/data1/spring/multimodal_project/data/images/882.jpg,9,9,9,0.996351,1,5.2e-05,3.8e-05,5.1e-05,1.1e-05,5e-06,7e-06,2.9e-05,0.001763,6.8e-05,0.996351,9.6e-05,0.000216,5e-06,0.001309
562.jpg,/mnt/data1/spring/multimodal_project/data/images/562.jpg,7,7,7,0.99964,1,9e-06,6e-06,1.2e-05,1e-05,2.8e-05,8e-05,1.2e-05,0.99964,9e-06,0.000119,2.8e-05,1.3e-05,1.7e-05,1.7e-05
323.jpg,/mnt/data1/spring/multimodal_project/data/images/323.jpg,5,5,5,0.999635,1,3e-06,9e-06,5.1e-05,1.1e-05,1.5e-05,0.999635,6e-06,0.00022,2e-06,4e-06,3e-06,1.9e-05,2e-05,4e-06
264.jpg,/mnt/data1/spring/multimodal_project/data/images/264.jpg,5,5,5,0.97826,1,2.7e-05,0.000711,0.003251,0.010239,0.000213,0.97826,0.000212,0.001196,0.001235,2e-05,0.000124,0.000468,0.00364,0.000403
1125.jpg,/mnt/data1/spring/multimodal_project/data/images/1125.jpg,11,11,11,0.998967,1,2.4e-05,4.2e-05,3.8e-05,2.7e-05,9e-06,0.000284,4.4e-05,0.000121,7e-05,0.00022,5.6e-05,0.998967,2.1e-05,7.7e-05
1155.jpg,/mnt/data1/spring/multimodal_project/data/images/1155.jpg,11,11,11,0.996525,1,0.000147,2.9e-05,0.000522,2.3e-05,1.6e-05,0.000187,0.000229,0.002051,2e-06,8.8e-05,0.000108,0.996525,2.5e-05,4.9e-05
217.jpg,/mnt/data1/spring/multimodal_project/data/images/217.jpg,4,4,4,0.998,1,6e-06,8.5e-05,3e-05,9.5e-05,0.998,0.000696,0.000252,0.000793,6e-06,2e-06,1.4e-05,1.1e-05,1e-06,1e-05
1342.jpg,/mnt/data1/spring/multimodal_project/data/images/1342.jpg,13,13,13,0.690279,1,0.002741,0.004214,0.012064,0.003967,0.00293,0.008797,0.005783,0.013804,0.108742,0.012324,0.091721,0.005963,0.036671,0.690279
240.jpg,/mnt/data1/spring/multimodal_project/data/images/240.jpg,4,4,4,0.987719,1,4.2e-05,0.000316,0.000318,0.003824,0.987719,0.001825,0.005417,0.000336,5e-05,1.1e-05,1.4e-05,3.1e-05,9.1e-05,6e-06
1059.jpg,/mnt/data1/spring/multimodal_project/data/images/1059.jpg,10,10,10,0.996657,1,3.1e-05,5e-06,4.3e-05,1.6e-05,8.9e-05,0.000131,1.9e-05,0.002925,5e-06,7.2e-05,0.996657,3e-06,1e-06,4e-06
1366.jpg,/mnt/data1/spring/multimodal_project/data/images/1366.jpg,13,13,13,0.974906,1,0.000254,0.00025,0.000209,0.000193,0.000135,0.000969,0.000215,0.005013,0.001192,0.001543,0.01212,0.000411,0.002589,0.974906
1137.jpg,/mnt/data1/spring/multimodal_project/data/images/1137.jpg,11,11,11,0.996631,1,3.5e-05,0.00036,0.000166,0.000108,5.8e-05,0.000389,5.7e-05,4.4e-05,0.0003,0.000663,0.000149,0.996631,0.000116,0.000923
149.jpg,/mnt/data1/spring/multimodal_project/data/images/149.jpg,2,2,2,0.993933,1,0.003463,8.8e-05,0.993933,0.000238,0.000589,6.7e-05,4.9e-05,0.000101,0.000326,0.000682,1.6e-05,4.2e-05,0.000318,8.9e-05
1124.jpg,/mnt/data1/spring/multimodal_project/data/images/1124.jpg,11,11,11,0.998272,1,1.5e-05,0.000468,5.5e-05,2e-05,9e-06,0.000668,3.4e-05,0.000248,5e-06,0.000104,1.8e-05,0.998272,3.2e-05,5.2e-05
1095.jpg,/mnt/data1/spring/multimodal_project/data/images/1095.jpg,11,11,11,0.997663,1,0.000193,9.1e-05,0.000302,9e-06,4e-06,0.001514,0.000127,2.4e-05,1.2e-05,6e-06,2.3e-05,0.997663,1.7e-05,1.6e-05
1068.jpg,/mnt/data1/spring/multimodal_project/data/images/1068.jpg,10,10,10,0.996403,1,2.2e-05,1.8e-05,0.000295,3.6e-05,2.8e-05,0.000805,1.6e-05,0.001389,7.1e-05,4.7e-05,0.996403,8e-06,4e-05,0.000823
18.jpg,/mnt/data1/spring/multimodal_project/data/images/18.jpg,0,0,0,0.988563,1,0.988563,1.6e-05,0.009447,3.1e-05,3.5e-05,3e-06,1.1e-05,0.000173,3e-06,0.001708,3e-06,4e-06,1e-06,1e-06
952.jpg,/mnt/data1/spring/multimodal_project/data/images/952.jpg,10,10,10,0.990593,1,3.4e-05,8.6e-05,8.5e-05,0.000113,0.000341,9.1e-05,0.000203,0.000937,0.003755,0.003322,0.990593,6.3e-05,0.000177,0.000201
1099.jpg,/mnt/data1/spring/multimodal_project/data/images/1099.jpg,11,11,11,0.997274,1,3.3e-05,0.000404,0.000621,7.4e-05,2e-05,0.000435,0.000231,0.000437,1.3e-05,0.00031,0.000107,0.997274,1.3e-05,2.6e-05
806.jpg,/mnt/data1/spring/multimodal_project/data/images/806.jpg,8,8,8,0.997934,1,0.000178,2.1e-05,6.2e-05,1.8e-05,8e-06,2.6e-05,0.00018,1e-05,0.997934,3.8e-05,8e-06,2.7e-05,0.00012,0.001371
163.jpg,/mnt/data1/spring/multimodal_project/data/images/163.jpg,2,2,2,0.905201,1,0.039647,0.008792,0.905201,0.009685,0.005445,0.003231,0.008877,0.003316,0.001817,0.002022,0.000282,0.000278,0.009859,0.001548
886.jpg,/mnt/data1/spring/multimodal_project/data/images/886.jpg,9,9,9,0.991952,1,9.7e-05,0.000202,0.000136,5.7e-05,5.4e-05,2.8e-05,8.4e-05,0.001405,0.002173,0.991952,0.000496,0.000241,3e-05,0.003045
1270.jpg,/mnt/data1/spring/multimodal_project/data/images/1270.jpg,12,12,12,0.740081,1,0.000636,0.001781,0.002103,0.001492,0.00066,0.045787,0.002403,0.001919,0.104132,0.000543,0.013014,0.004631,0.740081,0.080818
114.jpg,/mnt/data1/spring/multimodal_project/data/images/114.jpg,2,2,2,0.977854,1,0.016454,0.000605,0.977854,0.000185,9.1e-05,0.000138,0.000329,0.000117,1.1e-05,0.00386,2e-05,5.4e-05,0.000278,4e-06
1206.jpg,/mnt/data1/spring/multimodal_project/data/images/1206.jpg,12,12,12,0.988552,1,5e-06,4.7e-05,0.000201,7.3e-05,1.9e-05,0.000335,1.5e-05,1.8e-05,0.00068,9e-06,4.9e-05,4e-06,0.988552,0.009992
512.jpg,/mnt/data1/spring/multimodal_project/data/images/512.jpg,7,7,7,0.905355,1,0.000824,0.001743,0.001727,0.000823,0.000874,0.012099,0.000333,0.905355,0.019842,0.03485,0.013897,0.000942,0.005181,0.00151
968.jpg,/mnt/data1/spring/multimodal_project/data/images/968.jpg,10,10,10,0.416181,1,0.000493,0.029175,0.002506,0.015367,0.013811,0.100912,0.009806,0.358328,0.004672,0.006881,0.416181,0.013005,0.003162,0.025701
425.jpg,/mnt/data1/spring/multimodal_project/data/images/425.jpg,6,6,6,0.967703,1,7e-05,0.027547,2.6e-05,0.003812,0.000328,6e-06,0.967703,6e-05,6.9e-05,0.000159,9e-06,0.00015,2.4e-05,3.6e-05
885.jpg,/mnt/data1/spring/multimodal_project/data/images/885.jpg,9,9,9,0.895817,1,0.001869,0.001993,0.001762,0.001032,0.000707,0.000665,0.000833,0.029039,0.008148,0.895817,0.003389,0.003727,0.00045,0.05057
903.jpg,/mnt/data1/spring/multimodal_project/data/images/903.jpg,9,9,9,0.98797,1,4.7e-05,4.6e-05,5.9e-05,3.3e-05,2.2e-05,3.3e-05,3.7e-05,0.000114,0.005675,0.98797,6.8e-05,4e-05,5.8e-05,0.005798
1286.jpg,/mnt/data1/spring/multimodal_project/data/images/1286.jpg,12,12,12,0.979814,1,2e-05,2.7e-05,0.000427,0.000181,6.4e-05,0.004668,1.1e-05,3e-06,0.010479,4.7e-05,0.003583,8e-06,0.979814,0.000667
1184.jpg,/mnt/data1/spring/multimodal_project/data/images/1184.jpg,12,12,12,0.952413,1,0.000157,0.000121,0.000221,0.000176,0.00013,0.000157,0.00031,0.000342,0.011735,0.000477,0.00054,0.000252,0.952413,0.032968
23.jpg,/mnt/data1/spring/multimodal_project/data/images/23.jpg,0,0,0,0.958135,1,0.958135,0.00015,0.032307,0.000124,0.000166,1.3e-05,0.00018,0.00014,0.00027,0.00836,1.4e-05,5.1e-05,6.9e-05,2e-05
1272.jpg,/mnt/data1/spring/multimodal_project/data/images/1272.jpg,12,12,12,0.976332,1,0.000387,9.8e-05,0.004427,0.000378,0.000238,0.001361,0.000376,5.7e-05,0.00283,0.000193,0.003054,9.1e-05,0.976332,0.010177
403.jpg,/mnt/data1/spring/multimodal_project/data/images/403.jpg,5,5,5,0.98721,1,0.000283,6.3e-05,0.000161,0.000106,2.4e-05,0.98721,2e-05,0.000134,0.005062,1.7e-05,0.005912,2.8e-05,0.000609,0.00037
1165.jpg,/mnt/data1/spring/multimodal_project/data/images/1165.jpg,11,11,11,0.985838,1,4.8e-05,0.001782,5.4e-05,0.000772,5e-05,2e-05,0.009928,0.000666,9.8e-05,0.000385,7e-06,0.985838,1e-05,0.000341
1063.jpg,/mnt/data1/spring/multimodal_project/data/images/1063.jpg,10,10,10,0.999337,1,0.0,5e-06,1.1e-05,2e-06,3e-06,1.5e-05,2e-06,0.000541,2.4e-05,2.3e-05,0.999337,0.0,6e-06,2.9e-05
293.jpg,/mnt/data1/spring/multimodal_project/data/images/293.jpg,5,5,5,0.96871,1,6.7e-05,6.1e-05,0.00102,0.000194,0.000617,0.96871,0.000107,0.014919,0.000446,0.000132,0.011135,0.0003,0.002186,0.000106
1312.jpg,/mnt/data1/spring/multimodal_project/data/images/1312.jpg,13,13,13,0.993804,1,5.3e-05,3.8e-05,0.000385,0.00016,9.5e-05,6.8e-05,3.3e-05,0.000139,0.000355,0.00112,0.003084,4.1e-05,0.000624,0.993804
464.jpg,/mnt/data1/spring/multimodal_project/data/images/464.jpg,6,6,6,0.998857,1,2.5e-05,4.7e-05,0.000124,6.9e-05,1.5e-05,0.000404,0.998857,9.7e-05,4.2e-05,6e-06,1e-06,0.000291,2.2e-05,1e-06
228.jpg,/mnt/data1/spring/multimodal_project/data/images/228.jpg,4,4,4,0.999785,1,1.5e-05,4.5e-05,1e-05,4.6e-05,0.999785,1e-06,4.5e-05,3.9e-05,4e-06,0.0,0.0,5e-06,3e-06,0.0
1112.jpg,/mnt/data1/spring/multimodal_project/data/images/1112.jpg,11,11,11,0.994943,1,0.000119,0.000783,0.000247,2.9e-05,9e-06,0.000261,5.9e-05,0.002938,7e-06,0.000321,4.1e-05,0.994943,1.2e-05,0.000232
1016.jpg,/mnt/data1/spring/multimodal_project/data/images/1016.jpg,10,10,10,0.999963,1,0.0,0.0,5e-06,0.0,0.0,2e-06,0.0,1.3e-05,1.1e-05,0.0,0.999963,0.0,0.0,5e-06
1132.jpg,/mnt/data1/spring/multimodal_project/data/images/1132.jpg,11,11,11,0.997071,1,5.8e-05,0.000101,3.9e-05,1.8e-05,1.3e-05,0.001308,0.000178,0.000352,3.8e-05,0.000417,8e-05,0.997071,4.3e-05,0.000282
597.jpg,/mnt/data1/spring/multimodal_project/data/images/597.jpg,7,7,7,0.999902,1,1e-06,1e-06,1e-06,2e-06,3e-06,1e-06,0.0,0.999902,1e-06,6e-06,7.9e-05,1e-06,1e-06,1e-06
336.jpg,/mnt/data1/spring/multimodal_project/data/images/336.jpg,5,5,5,0.935791,1,5.7e-05,0.000163,0.000223,0.000671,4.7e-05,0.935791,0.002914,0.000661,8.3e-05,1.6e-05,0.058989,0.000175,0.000201,9e-06
809.jpg,/mnt/data1/spring/multimodal_project/data/images/809.jpg,8,8,8,0.997965,1,0.000111,2.7e-05,0.000328,5.4e-05,1e-05,3e-05,2.2e-05,1e-05,0.997965,0.000596,3.4e-05,7e-06,0.000144,0.000662
361.jpg,/mnt/data1/spring/multimodal_project/data/images/361.jpg,5,5,5,0.996653,1,2e-06,1.6e-05,2.5e-05,1.3e-05,6e-06,0.996653,4e-06,0.000189,4e-06,0.0,0.003074,1e-06,1e-05,3e-06
382.jpg,/mnt/data1/spring/multimodal_project/data/images/382.jpg,5,5,5,0.999976,1,0.0,1e-06,2e-06,1e-06,0.0,0.999976,0.0,1e-06,3e-06,0.0,7e-06,0.0,7e-06,0.0
619.jpg,/mnt/data1/spring/multimodal_project/data/images/619.jpg,7,7,7,0.549258,1,0.00105,0.04375,0.000894,0.004177,0.001878,0.014978,0.003468,0.549258,0.012489,0.016563,0.000485,0.008097,0.000661,0.34225
1259.jpg,/mnt/data1/spring/multimodal_project/data/images/1259.jpg,12,12,12,0.735293,1,0.000325,0.000553,0.000619,0.000558,0.000476,0.006226,0.000587,0.000388,0.046232,0.007027,0.008049,0.000159,0.735293,0.193508
763.jpg,/mnt/data1/spring/multimodal_project/data/images/763.jpg,8,8,8,0.997442,1,2.1e-05,7e-06,2.4e-05,3e-06,7e-06,1.5e-05,6e-06,8e-06,0.997442,0.001754,0.000466,6e-06,0.000125,0.000115
1055.jpg,/mnt/data1/spring/multimodal_project/data/images/1055.jpg,10,10,10,0.999854,1,0.0,0.0,2e-06,1e-06,2e-06,9.2e-05,1e-06,4.4e-05,1e-06,2e-06,0.999854,0.0,0.0,1e-06
648.jpg,/mnt/data1/spring/multimodal_project/data/images/648.jpg,7,7,7,0.998169,1,2e-05,1.4e-05,3.5e-05,9e-06,1.7e-05,1.3e-05,2.3e-05,0.998169,2.8e-05,0.000184,0.001401,8e-06,1.1e-05,6.7e-05
344.jpg,/mnt/data1/spring/multimodal_project/data/images/344.jpg,5,5,5,0.953187,1,1.4e-05,6e-06,0.000347,8.8e-05,0.000241,0.953187,1.5e-05,0.043937,3e-06,1e-06,0.001991,2e-06,0.000159,7e-06
330.jpg,/mnt/data1/spring/multimodal_project/data/images/330.jpg,5,5,5,0.993456,1,7.1e-05,0.000161,0.000667,0.00022,0.00018,0.993456,6.9e-05,0.001974,0.000689,0.000105,0.000158,0.000464,0.001743,4.3e-05
600.jpg,/mnt/data1/spring/multimodal_project/data/images/600.jpg,7,7,7,0.999781,1,6e-06,4e-06,1e-05,6e-06,1.6e-05,2.3e-05,2.4e-05,0.999781,2e-06,2.4e-05,4.6e-05,5e-05,3e-06,5e-06
525.jpg,/mnt/data1/spring/multimodal_project/data/images/525.jpg,7,7,7,0.826906,1,0.000945,0.002087,0.002085,0.003487,0.001932,0.018697,0.000634,0.826906,0.006924,0.004605,0.08192,0.00061,0.0024,0.04677
1051.jpg,/mnt/data1/spring/multimodal_project/data/images/1051.jpg,10,10,10,0.999141,1,3e-06,3e-06,1e-05,7e-06,4e-06,0.00011,4e-06,0.000672,1.5e-05,1.5e-05,0.999141,3e-06,1.1e-05,3e-06
1200.jpg,/mnt/data1/spring/multimodal_project/data/images/1200.jpg,12,12,12,0.987424,1,7e-06,2.7e-05,0.000157,1.3e-05,5e-06,0.000766,8e-06,1.5e-05,4.3e-05,4e-06,0.000103,4e-06,0.987424,0.011425
274.jpg,/mnt/data1/spring/multimodal_project/data/images/274.jpg,5,5,5,0.987015,1,0.000179,0.00022,0.000934,0.000288,0.000306,0.987015,0.000215,0.001069,0.004069,4.4e-05,0.003028,0.000819,0.001534,0.000281
1263.jpg,/mnt/data1/spring/multimodal_project/data/images/1263.jpg,12,12,12,0.944861,1,0.000247,0.000256,0.000591,0.000329,0.000214,0.004841,0.000295,0.000423,0.028204,0.000237,0.002448,0.000417,0.944861,0.016637
970.jpg,/mnt/data1/spring/multimodal_project/data/images/970.jpg,10,10,10,0.997132,1,2.2e-05,2.7e-05,9.2e-05,2.5e-05,0.000213,0.001175,1.8e-05,0.000594,0.000136,0.000286,0.997132,1.8e-05,9.9e-05,0.000166
154.jpg,/mnt/data1/spring/multimodal_project/data/images/154.jpg,2,2,2,0.981071,1,0.014007,9.8e-05,0.981071,0.000128,0.000107,3.2e-05,8.7e-05,1.2e-05,9.2e-05,0.001127,8e-06,4.1e-05,0.003144,4.6e-05
26.jpg,/mnt/data1/spring/multimodal_project/data/images/26.jpg,0,0,0,0.91979,1,0.91979,8.3e-05,0.076679,3.4e-05,7.1e-05,6e-06,0.000138,7e-06,0.000274,0.002808,5e-06,3.5e-05,3.2e-05,3.7e-05
164.jpg,/mnt/data1/spring/multimodal_project/data/images/164.jpg,3,3,3,0.977677,1,9.5e-05,0.010858,0.000994,0.977677,0.002447,9.2e-05,0.002853,0.000913,0.00052,0.000213,2e-06,0.002421,0.000338,0.000576
723.jpg,/mnt/data1/spring/multimodal_project/data/images/723.jpg,8,8,8,0.988376,1,3.5e-05,9e-06,0.000138,7e-06,5e-06,5.1e-05,8e-06,1.3e-05,0.988376,0.009244,0.001845,6e-06,4.8e-05,0.000215
877.jpg,/mnt/data1/spring/multimodal_project/data/images/877.jpg,9,9,9,0.899906,1,0.000708,0.00106,0.003349,0.000768,0.001518,0.001948,0.000681,0.008217,0.022589,0.899906,0.010874,0.002164,0.009213,0.037006
690.jpg,/mnt/data1/spring/multimodal_project/data/images/690.jpg,7,7,7,0.98268,1,1.4e-05,1.1e-05,2.3e-05,9e-06,5.1e-05,0.01303,2.1e-05,0.98268,2e-06,6e-06,0.004123,2.5e-05,3e-06,2e-06
932.jpg,/mnt/data1/spring/multimodal_project/data/images/932.jpg,9,9,9,0.873996,1,9.5e-05,0.001106,0.000336,0.000122,6.6e-05,2.8e-05,0.000349,0.000433,0.014206,0.873996,3.8e-05,0.001496,0.000146,0.107582
180.jpg,/mnt/data1/spring/multimodal_project/data/images/180.jpg,3,3,3,0.846871,1,0.000542,0.13937,0.000358,0.846871,0.009007,0.000104,0.001881,0.000955,0.000182,0.000156,4.4e-05,0.000293,0.00011,0.000128
1067.jpg,/mnt/data1/spring/multimodal_project/data/images/1067.jpg,10,10,10,0.99564,1,6.5e-05,3.4e-05,0.000575,2.4e-05,3.2e-05,0.000102,7.3e-05,0.00178,0.000919,0.00018,0.99564,2.7e-05,8.3e-05,0.000467
1019.jpg,/mnt/data1/spring/multimodal_project/data/images/1019.jpg,10,10,10,0.990637,1,1.9e-05,2e-05,6.2e-05,3.2e-05,9.6e-05,0.000897,4.5e-05,0.008028,3.7e-05,2.7e-05,0.990637,1.3e-05,2.8e-05,5.9e-05
867.jpg,/mnt/data1/spring/multimodal_project/data/images/867.jpg,9,9,9,0.771849,1,0.001472,0.001162,0.001192,0.000699,0.000917,0.000599,0.000859,0.011655,0.100496,0.771849,0.026177,0.00157,0.002117,0.079237
367.jpg,/mnt/data1/spring/multimodal_project/data/images/367.jpg,5,5,5,0.994611,1,6.1e-05,0.000123,5.7e-05,0.000131,9.7e-05,0.994611,4.5e-05,0.002844,5.7e-05,4.1e-05,0.001821,1.9e-05,6.9e-05,2.7e-05
1382.jpg,/mnt/data1/spring/multimodal_project/data/images/1382.jpg,13,13,13,0.980646,1,0.000294,2.1e-05,0.005969,5.7e-05,4.8e-05,2.1e-05,7e-06,6.9e-05,0.001813,0.000869,0.000956,3.4e-05,0.009196,0.980646
1291.jpg,/mnt/data1/spring/multimodal_project/data/images/1291.jpg,13,13,13,0.988483,1,2.2e-05,2.8e-05,0.00014,6.5e-05,3.2e-05,6.5e-05,2.7e-05,6.1e-05,0.001585,0.000114,0.004097,1.7e-05,0.005263,0.988483
67.jpg,/mnt/data1/spring/multimodal_project/data/images/67.jpg,1,1,1,0.761336,1,0.000926,0.761336,0.001351,0.224227,0.001311,0.000235,0.004449,0.003604,0.0002,7.1e-05,3.4e-05,0.000656,0.001392,0.000209
59.jpg,/mnt/data1/spring/multimodal_project/data/images/59.jpg,0,0,0,0.849222,1,0.849222,0.000154,0.140422,0.00029,0.000272,3.3e-05,0.000131,0.000445,0.000109,0.008771,5.5e-05,2.6e-05,5.6e-05,1.4e-05
1178.jpg,/mnt/data1/spring/multimodal_project/data/images/1178.jpg,12,12,12,0.994418,1,1.3e-05,3.1e-05,0.000213,3.3e-05,2.6e-05,0.000157,2.4e-05,2.5e-05,0.000525,7e-06,0.000156,1.2e-05,0.994418,0.00436
956.jpg,/mnt/data1/spring/multimodal_project/data/images/956.jpg,10,10,10,0.996397,1,3.1e-05,2.4e-05,0.000115,4.4e-05,8.9e-05,0.000426,2.6e-05,0.001959,0.000246,0.000331,0.996397,2.8e-05,3.5e-05,0.000249
510.jpg,/mnt/data1/spring/multimodal_project/data/images/510.jpg,7,7,7,0.995686,1,4.4e-05,0.001251,0.00013,0.000684,0.000392,0.000827,0.00046,0.995686,0.000189,4.2e-05,0.000103,3.1e-05,3.9e-05,0.000123
1242.jpg,/mnt/data1/spring/multimodal_project/data/images/1242.jpg,12,12,12,0.932601,1,0.000109,0.000289,0.002213,0.000338,0.000558,0.001281,0.000689,0.000197,0.014892,0.00142,0.001253,0.000774,0.932601,0.043385
1290.jpg,/mnt/data1/spring/multimodal_project/data/images/1290.jpg,13,13,13,0.918986,1,0.000197,0.000114,0.000395,8.4e-05,0.000252,2.9e-05,1e-04,0.000409,0.013109,0.056357,0.004186,0.000193,0.00559,0.918986
471.jpg,/mnt/data1/spring/multimodal_project/data/images/471.jpg,6,6,6,0.511654,1,0.001208,0.151106,0.007347,0.062248,0.059173,0.000655,0.511654,0.006764,0.008322,0.01025,0.000143,0.172966,0.000383,0.007782
494.jpg,/mnt/data1/spring/multimodal_project/data/images/494.jpg,7,7,7,0.998042,1,0.0002,0.000353,4.2e-05,8.1e-05,0.001001,2e-06,3.1e-05,0.998042,3.1e-05,0.000168,1.7e-05,1e-05,1.7e-05,6e-06
626.jpg,/mnt/data1/spring/multimodal_project/data/images/626.jpg,7,7,7,0.994735,1,2.5e-05,1.8e-05,0.000106,8e-06,2.6e-05,0.000135,6e-06,0.994735,1e-06,1.2e-05,0.004904,3e-06,4e-06,1.8e-05
1117.jpg,/mnt/data1/spring/multimodal_project/data/images/1117.jpg,11,11,11,0.994446,1,6.7e-05,0.000293,0.000203,5.5e-05,5.4e-05,0.001478,0.000277,0.001505,4.3e-05,0.001168,0.00013,0.994446,4.9e-05,0.000233
253.jpg,/mnt/data1/spring/multimodal_project/data/images/253.jpg,5,5,5,0.949284,1,0.000292,0.000954,0.002382,0.004946,0.001919,0.949284,0.004533,0.004832,0.003241,0.000261,0.000856,0.001167,0.005333,0.019998
1148.jpg,/mnt/data1/spring/multimodal_project/data/images/1148.jpg,11,11,11,0.989903,1,0.000137,0.000367,0.000221,1.6e-05,9e-06,5e-06,2.4e-05,0.009238,2e-06,2.8e-05,3e-06,0.989903,1.8e-05,2.9e-05
1301.jpg,/mnt/data1/spring/multimodal_project/data/images/1301.jpg,13,13,13,0.572665,1,0.000742,0.00091,0.001168,0.000531,0.000491,0.00114,0.000694,0.013451,0.048503,0.068436,0.277978,0.000856,0.012436,0.572665
281.jpg,/mnt/data1/spring/multimodal_project/data/images/281.jpg,5,5,5,0.999873,1,2e-06,1.5e-05,8e-06,9e-06,3e-06,0.999873,7e-06,5.1e-05,3e-06,0.0,1.1e-05,1.4e-05,3e-06,1e-06
1026.jpg,/mnt/data1/spring/multimodal_project/data/images/1026.jpg,10,10,10,0.994893,1,1.7e-05,1.6e-05,0.000156,1.6e-05,7e-06,0.002523,3.6e-05,0.001837,9e-06,8e-06,0.994893,3e-05,1e-05,0.000442
1388.jpg,/mnt/data1/spring/multimodal_project/data/images/1388.jpg,13,13,13,0.975176,1,0.000429,0.001308,0.000851,0.001221,0.002175,0.000568,0.000955,0.007089,0.003976,0.001175,0.000242,0.002912,0.001923,0.975176
1013.jpg,/mnt/data1/spring/multimodal_project/data/images/1013.jpg,10,10,10,0.999952,1,1e-06,0.0,2e-06,0.0,0.0,1e-06,0.0,5e-06,1.1e-05,2e-06,0.999952,0.0,0.0,2.6e-05
449.jpg,/mnt/data1/spring/multimodal_project/data/images/449.jpg,6,6,6,0.932089,1,6.9e-05,0.063869,6.6e-05,0.002318,0.000312,1.6e-05,0.932089,0.000449,6.8e-05,4.6e-05,4e-06,0.000179,1.8e-05,0.000497
948.jpg,/mnt/data1/spring/multimodal_project/data/images/948.jpg,10,10,10,0.994643,1,1.5e-05,1e-05,9.1e-05,2.9e-05,4.7e-05,0.000211,1.8e-05,0.000702,0.000225,0.000589,0.994643,2.5e-05,0.000216,0.003178
165.jpg,/mnt/data1/spring/multimodal_project/data/images/165.jpg,3,3,3,0.950404,1,0.000107,0.032188,0.001272,0.950404,0.005176,0.000178,0.004732,0.002137,0.000335,0.000261,2e-06,0.002561,0.000116,0.000529
680.jpg,/mnt/data1/spring/multimodal_project/data/images/680.jpg,7,7,7,0.970188,1,5.5e-05,3e-05,0.000101,5.5e-05,0.000107,0.023535,5.5e-05,0.970188,5e-06,4e-06,0.005753,1.6e-05,8.7e-05,8e-06
1087.jpg,/mnt/data1/spring/multimodal_project/data/images/1087.jpg,10,10,10,0.999639,1,5e-06,1e-06,2e-05,4e-06,7e-06,9.2e-05,1e-06,9.7e-05,3.3e-05,9e-06,0.999639,0.0,6.6e-05,2.7e-05
570.jpg,/mnt/data1/spring/multimodal_project/data/images/570.jpg,7,7,7,0.999724,1,2.1e-05,1.1e-05,8e-06,9e-06,1.6e-05,6e-06,3.1e-05,0.999724,1.5e-05,7.1e-05,5.2e-05,2.7e-05,3e-06,6e-06
302.jpg,/mnt/data1/spring/multimodal_project/data/images/302.jpg,5,5,5,0.998924,1,2e-05,2.2e-05,4e-05,2.2e-05,1.5e-05,0.998924,1.1e-05,5.5e-05,5.6e-05,7e-06,0.000606,1.2e-05,0.000155,5.4e-05
533.jpg,/mnt/data1/spring/multimodal_project/data/images/533.jpg,7,7,7,0.981062,1,0.000156,0.000143,9.4e-05,0.000135,8.9e-05,0.000209,5.7e-05,0.981062,0.003667,0.011201,0.001984,0.000222,8.2e-05,0.0009
1392.jpg,/mnt/data1/spring/multimodal_project/data/images/1392.jpg,13,13,13,0.909066,1,0.00075,0.00358,0.002066,0.003213,0.001,0.000908,0.003764,0.04009,0.001768,0.027461,0.000463,0.004647,0.001226,0.909066
1267.jpg,/mnt/data1/spring/multimodal_project/data/images/1267.jpg,12,12,12,0.599094,1,0.000157,0.000424,0.001795,0.002308,0.001497,0.34224,0.001231,0.000648,0.006275,0.000162,0.027133,0.000166,0.599094,0.016871
979.jpg,/mnt/data1/spring/multimodal_project/data/images/979.jpg,10,10,10,0.999749,1,4e-06,3e-06,1.4e-05,5e-06,7e-06,6e-06,4e-06,2.1e-05,5.3e-05,0.000112,0.999749,1e-06,1e-06,2e-05
1070.jpg,/mnt/data1/spring/multimodal_project/data/images/1070.jpg,10,10,10,0.998649,1,8e-06,2e-06,1e-05,8e-06,1.3e-05,3.6e-05,6e-06,0.001006,1.9e-05,4.2e-05,0.998649,3e-06,1e-05,0.000189
1138.jpg,/mnt/data1/spring/multimodal_project/data/images/1138.jpg,11,11,11,0.994568,1,2.9e-05,0.000152,0.000179,4.9e-05,1.7e-05,0.000968,0.000198,0.000478,3.6e-05,0.002939,8.3e-05,0.994568,3.2e-05,0.000272
234.jpg,/mnt/data1/spring/multimodal_project/data/images/234.jpg,4,4,4,0.983637,1,0.00054,0.000595,0.000194,0.008541,0.983637,6.7e-05,0.005748,0.000452,4.1e-05,4.8e-05,3e-05,3.9e-05,6.3e-05,5e-06
1371.jpg,/mnt/data1/spring/multimodal_project/data/images/1371.jpg,13,13,13,0.969954,1,0.000126,0.000185,6.3e-05,0.000102,0.000255,0.00035,0.000158,0.001222,0.011812,0.001254,0.013286,0.000136,0.001097,0.969954
1050.jpg,/mnt/data1/spring/multimodal_project/data/images/1050.jpg,10,10,10,0.970046,1,9e-06,1.7e-05,8.9e-05,6.3e-05,0.000177,0.01671,2.8e-05,0.012767,5.5e-05,1.3e-05,0.970046,1.2e-05,1e-05,4e-06
1196.jpg,/mnt/data1/spring/multimodal_project/data/images/1196.jpg,12,12,12,0.996812,1,1.4e-05,3.1e-05,0.000109,1.4e-05,9e-06,4e-05,5e-06,5e-06,0.000888,7e-06,1.4e-05,2e-06,0.996812,0.002051
40.jpg,/mnt/data1/spring/multimodal_project/data/images/40.jpg,0,0,0,0.941184,1,0.941184,0.000512,0.046845,0.000665,0.000531,0.000326,0.000694,0.000688,0.001062,0.006837,0.000273,0.000157,0.00018,4.5e-05
593.jpg,/mnt/data1/spring/multimodal_project/data/images/593.jpg,7,7,7,0.992266,1,3.8e-05,0.000331,6.6e-05,0.00016,0.000248,0.000404,3.2e-05,0.992266,6.9e-05,2.9e-05,0.001212,0.000959,0.000364,0.003822
841.jpg,/mnt/data1/spring/multimodal_project/data/images/841.jpg,9,9,9,0.514818,1,0.004445,0.001987,0.030679,0.003682,0.001437,0.000189,0.000724,0.02918,0.301797,0.514818,0.041798,0.004994,0.002833,0.061437
1153.jpg,/mnt/data1/spring/multimodal_project/data/images/1153.jpg,11,11,11,0.985412,1,0.000142,7.7e-05,0.000468,8e-06,1.1e-05,3e-06,0.000406,0.013418,0.0,3.4e-05,1.8e-05,0.985412,0.0,3e-06
946.jpg,/mnt/data1/spring/multimodal_project/data/images/946.jpg,10,10,10,0.993167,1,5e-06,1.5e-05,3.3e-05,3.4e-05,2.6e-05,3.4e-05,1.5e-05,0.002691,0.000136,0.003714,0.993167,1e-05,2.9e-05,9.2e-05
717.jpg,/mnt/data1/spring/multimodal_project/data/images/717.jpg,8,8,8,0.518014,1,0.000453,0.000512,0.000512,0.000898,0.000309,0.000192,0.000329,0.000957,0.518014,0.383556,0.033673,0.000141,0.000696,0.059758
91.jpg,/mnt/data1/spring/multimodal_project/data/images/91.jpg,1,1,1,0.927445,1,3.8e-05,0.927445,0.00239,0.057715,0.011805,1.3e-05,0.000353,0.000142,1.7e-05,4.8e-05,5e-06,1.6e-05,7e-06,7e-06
229.jpg,/mnt/data1/spring/multimodal_project/data/images/229.jpg,4,4,4,0.993198,1,7.6e-05,0.001535,2.6e-05,0.004002,0.993198,3.1e-05,0.000829,0.000229,4.2e-05,1e-06,2e-06,1.1e-05,1.8e-05,1e-06
541.jpg,/mnt/data1/spring/multimodal_project/data/images/541.jpg,7,7,7,0.999451,1,3e-06,2.1e-05,1.8e-05,3.5e-05,3.9e-05,8e-05,8e-06,0.999451,3e-06,9.9e-05,0.000205,2.3e-05,1e-06,1.4e-05
518.jpg,/mnt/data1/spring/multimodal_project/data/images/518.jpg,7,7,7,0.987739,1,0.000109,0.000243,0.000143,0.000215,0.000228,0.000658,9.9e-05,0.987739,0.000705,0.001719,0.006805,0.000208,0.000328,0.000801
1163.jpg,/mnt/data1/spring/multimodal_project/data/images/1163.jpg,11,11,11,0.999334,1,7e-06,0.000195,1.4e-05,4e-05,5e-06,3e-06,0.000244,7.5e-05,1.5e-05,5.7e-05,1e-06,0.999334,2e-06,9e-06
1332.jpg,/mnt/data1/spring/multimodal_project/data/images/1332.jpg,13,13,13,0.813443,1,0.000991,0.003523,0.008101,0.002214,0.001733,0.022177,0.002754,0.002135,0.00425,0.002489,0.020608,0.015819,0.099762,0.813443
462.jpg,/mnt/data1/spring/multimodal_project/data/images/462.jpg,6,6,6,0.997622,1,0.000243,0.000581,5.7e-05,0.000429,4e-05,4.5e-05,0.997622,1e-04,0.000269,2.2e-05,2e-06,0.000536,3.4e-05,2.1e-05
181.jpg,/mnt/data1/spring/multimodal_project/data/images/181.jpg,3,3,3,0.989075,1,1e-05,0.005279,4.7e-05,0.989075,0.004188,4.2e-05,0.001233,4.1e-05,5e-06,2e-06,2.4e-05,7e-06,1.6e-05,3.1e-05
721.jpg,/mnt/data1/spring/multimodal_project/data/images/721.jpg,8,8,8,0.633991,1,0.00095,0.000991,0.002626,0.00032,0.000438,0.000117,0.000292,0.000641,0.633991,0.064203,0.259552,0.000492,0.003722,0.031666
282.jpg,/mnt/data1/spring/multimodal_project/data/images/282.jpg,5,5,5,0.995172,1,3e-05,0.000112,0.000167,9.1e-05,5.2e-05,0.995172,5.4e-05,0.000744,0.000501,1.9e-05,0.002661,4.4e-05,0.000286,6.7e-05
122.jpg,/mnt/data1/spring/multimodal_project/data/images/122.jpg,2,2,2,0.968872,1,0.016827,0.000257,0.968872,0.000294,0.000135,2.4e-05,0.000205,0.000163,0.003141,0.00036,0.000499,0.001687,0.00299,0.004545
642.jpg,/mnt/data1/spring/multimodal_project/data/images/642.jpg,7,7,7,0.99039,1,0.000194,0.00031,0.000806,0.000136,0.000175,0.000797,0.000378,0.99039,9.6e-05,2.2e-05,0.006424,0.000167,3e-05,7.5e-05
452.jpg,/mnt/data1/spring/multimodal_project/data/images/452.jpg,6,6,6,0.975711,1,0.000303,0.01425,1.3e-05,0.000921,0.008346,2.4e-05,0.975711,0.000216,7.5e-05,2.1e-05,5e-06,9e-05,1.4e-05,1e-05
174.jpg,/mnt/data1/spring/multimodal_project/data/images/174.jpg,3,3,3,0.983416,1,2e-06,0.016397,2e-05,0.983416,0.00011,2e-06,1.6e-05,2.8e-05,2e-06,0.0,1e-06,4e-06,1e-06,2e-06
1293.jpg,/mnt/data1/spring/multimodal_project/data/images/1293.jpg,13,13,13,0.869834,1,0.00018,0.000195,0.000671,0.000251,0.000142,0.000132,0.000194,0.000356,0.075745,0.036818,0.001646,0.000277,0.01356,0.869834
476.jpg,/mnt/data1/spring/multimodal_project/data/images/476.jpg,7,7,7,0.994945,1,0.000438,4.5e-05,2.7e-05,0.00022,0.000572,2e-06,1.2e-05,0.994945,2e-06,9e-06,0.00372,1e-06,2e-06,7e-06
1288.jpg,/mnt/data1/spring/multimodal_project/data/images/1288.jpg,13,13,13,0.958077,1,6.1e-05,6.6e-05,0.000212,3.5e-05,3.7e-05,0.000123,1.6e-05,0.001032,0.000708,0.038655,0.000462,1.8e-05,0.000497,0.958077
989.jpg,/mnt/data1/spring/multimodal_project/data/images/989.jpg,10,10,10,0.999946,1,1e-06,1e-06,2e-06,1e-06,6e-06,2.1e-05,1e-06,1.2e-05,5e-06,2e-06,0.999946,0.0,0.0,1e-06
927.jpg,/mnt/data1/spring/multimodal_project/data/images/927.jpg,9,9,9,0.99866,1,0.000232,1e-05,6e-06,1e-06,1e-06,0.0,0.0,1e-06,0.001051,0.99866,1e-06,7e-06,7e-06,2.2e-05
371.jpg,/mnt/data1/spring/multimodal_project/data/images/371.jpg,5,5,5,0.999996,1,0.0,0.0,0.0,1e-06,0.0,0.999996,0.0,0.0,0.0,0.0,1e-06,0.0,1e-06,0.0
1264.jpg,/mnt/data1/spring/multimodal_project/data/images/1264.jpg,12,12,12,0.716234,1,0.000414,0.000799,0.001861,0.002378,0.001097,0.017858,0.003486,0.002277,0.104962,0.002348,0.039441,0.001396,0.716234,0.105448
257.jpg,/mnt/data1/spring/multimodal_project/data/images/257.jpg,5,5,5,0.976195,1,0.000285,0.000558,0.002133,0.000236,0.000248,0.976195,0.000238,0.00592,0.003242,0.000426,0.002981,0.000526,0.005165,0.001848
713.jpg,/mnt/data1/spring/multimodal_project/data/images/713.jpg,8,8,8,0.981507,1,9.5e-05,9.3e-05,0.000269,4.7e-05,9.3e-05,4.5e-05,7.8e-05,0.000268,0.981507,0.003874,0.008008,4.8e-05,0.000525,0.005052
761.jpg,/mnt/data1/spring/multimodal_project/data/images/761.jpg,8,8,8,0.80379,1,0.001328,0.002928,0.001867,0.002976,0.000743,0.014147,0.001143,0.001328,0.80379,0.013025,0.008635,0.003291,0.127761,0.017037
1057.jpg,/mnt/data1/spring/multimodal_project/data/images/1057.jpg,10,10,10,0.999941,1,0.0,0.0,1e-06,0.0,1e-06,2e-06,0.0,4.9e-05,0.0,1e-06,0.999941,0.0,0.0,4e-06
1040.jpg,/mnt/data1/spring/multimodal_project/data/images/1040.jpg,10,10,10,0.999838,1,4e-06,1e-06,6e-06,2e-06,2e-06,2.3e-05,2e-06,8.6e-05,4e-06,1e-06,0.999838,1e-06,4e-06,2.8e-05
1243.jpg,/mnt/data1/spring/multimodal_project/data/images/1243.jpg,12,12,12,0.987433,1,1.7e-05,4e-05,0.000134,3.8e-05,2.4e-05,0.00076,2.9e-05,4e-06,0.001577,5.5e-05,0.00015,4.8e-05,0.987433,0.009693
1268.jpg,/mnt/data1/spring/multimodal_project/data/images/1268.jpg,12,12,12,0.687184,1,0.000288,0.003531,0.005093,0.016406,0.001928,0.221057,0.002531,0.003145,0.011688,0.000176,0.013905,0.002399,0.687184,0.030671
622.jpg,/mnt/data1/spring/multimodal_project/data/images/622.jpg,7,7,7,0.971045,1,0.002096,0.00497,0.001654,0.001219,0.004437,0.000948,0.002597,0.971045,0.001374,0.002577,0.00099,0.001766,5.7e-05,0.004268
87.jpg,/mnt/data1/spring/multimodal_project/data/images/87.jpg,1,1,1,0.859518,1,0.000713,0.859518,8.5e-05,0.13818,0.000287,0.000338,0.000524,0.000138,6e-06,1.7e-05,2e-06,7.7e-05,3.5e-05,8e-05
27.jpg,/mnt/data1/spring/multimodal_project/data/images/27.jpg,0,0,0,0.895734,1,0.895734,0.000124,0.078136,9.3e-05,0.000228,5e-06,7.7e-05,3.5e-05,0.000215,0.025296,6e-06,1.4e-05,1.3e-05,2.6e-05
108.jpg,/mnt/data1/spring/multimodal_project/data/images/108.jpg,2,2,2,0.962828,1,0.029694,0.000258,0.962828,0.00048,0.000625,0.000147,0.000602,0.000198,0.000527,0.004033,0.000125,8.5e-05,0.000191,0.000206
260.jpg,/mnt/data1/spring/multimodal_project/data/images/260.jpg,5,5,5,0.919837,1,6e-05,6.9e-05,0.00066,0.002961,0.000249,0.919837,0.001181,0.000856,0.001031,2e-05,0.000962,0.000155,0.070975,0.000982
1343.jpg,/mnt/data1/spring/multimodal_project/data/images/1343.jpg,13,13,13,0.78093,1,0.000279,0.000623,0.000442,0.000302,0.000344,0.000621,0.00021,0.008747,0.002626,0.193996,0.007321,0.000262,0.003295,0.78093
380.jpg,/mnt/data1/spring/multimodal_project/data/images/380.jpg,5,5,5,0.99383,1,8.9e-05,9.6e-05,0.000334,0.000145,0.000292,0.99383,0.000265,0.003243,3.6e-05,3.9e-05,0.000684,0.000337,0.000311,0.000299
1360.jpg,/mnt/data1/spring/multimodal_project/data/images/1360.jpg,13,13,13,0.997955,1,1.3e-05,6e-05,1.7e-05,2.4e-05,9e-06,3.6e-05,1.3e-05,0.000218,0.000415,0.000788,0.000105,3.5e-05,0.000312,0.997955
331.jpg,/mnt/data1/spring/multimodal_project/data/images/331.jpg,5,5,5,0.997178,1,9e-06,2e-05,0.000196,3.6e-05,2.4e-05,0.997178,1e-05,0.000409,0.00012,1.8e-05,5.5e-05,8.8e-05,0.001785,5.3e-05
1191.jpg,/mnt/data1/spring/multimodal_project/data/images/1191.jpg,12,12,12,0.997043,1,1.7e-05,1.2e-05,0.00012,2.4e-05,6.1e-05,0.000415,0.000109,2.5e-05,0.000976,3e-06,0.000198,2.1e-05,0.997043,0.000976
987.jpg,/mnt/data1/spring/multimodal_project/data/images/987.jpg,10,10,10,0.984413,1,9.7e-05,0.000144,0.000258,0.000127,0.000198,0.00918,0.000111,0.001731,0.000514,0.000877,0.984413,9.4e-05,0.000407,0.00185
1296.jpg,/mnt/data1/spring/multimodal_project/data/images/1296.jpg,13,13,13,0.93634,1,0.00094,0.000321,0.0025,0.000343,0.000199,0.000188,0.000398,0.003421,0.022597,0.006118,0.00597,0.001045,0.019621,0.93634
665.jpg,/mnt/data1/spring/multimodal_project/data/images/665.jpg,7,7,7,0.999747,1,9e-06,3e-06,3e-06,6e-06,9e-06,2.8e-05,3e-06,0.999747,3e-06,1.2e-05,0.000172,2e-06,2e-06,1e-06
30.jpg,/mnt/data1/spring/multimodal_project/data/images/30.jpg,0,0,0,0.957989,1,0.957989,6.4e-05,0.039158,0.000105,0.000171,3.1e-05,0.000133,2.3e-05,0.000218,0.001974,1.9e-05,2.7e-05,7.8e-05,1e-05
1041.jpg,/mnt/data1/spring/multimodal_project/data/images/1041.jpg,10,10,10,0.999981,1,0.0,0.0,1e-06,0.0,0.0,8e-06,0.0,2e-06,0.0,2e-06,0.999981,0.0,0.0,6e-06
649.jpg,/mnt/data1/spring/multimodal_project/data/images/649.jpg,7,7,7,0.997485,1,4.8e-05,2.8e-05,4.4e-05,2.4e-05,2.4e-05,4e-06,1.9e-05,0.997485,0.000123,0.000683,0.001365,7e-06,1.2e-05,0.000134
548.jpg,/mnt/data1/spring/multimodal_project/data/images/548.jpg,7,7,7,0.99581,1,4.4e-05,4.4e-05,4.5e-05,0.000284,0.000103,0.000579,5.1e-05,0.99581,0.000168,0.001506,0.000184,0.000113,7.5e-05,0.000993
1093.jpg,/mnt/data1/spring/multimodal_project/data/images/1093.jpg,11,11,11,0.994842,1,0.000664,0.000242,0.00044,5.3e-05,3.2e-05,0.001149,0.000849,6.9e-05,0.001127,0.000145,2.8e-05,0.994842,0.000115,0.000245
345.jpg,/mnt/data1/spring/multimodal_project/data/images/345.jpg,5,5,5,0.984298,1,8.5e-05,0.00017,0.001342,0.000288,0.001465,0.984298,0.000272,0.008794,1.6e-05,1e-05,0.001558,0.000103,0.001408,0.000191
337.jpg,/mnt/data1/spring/multimodal_project/data/images/337.jpg,5,5,5,0.995952,1,1e-06,2.1e-05,2.1e-05,2.1e-05,6.9e-05,0.995952,3.2e-05,0.000255,1.9e-05,3e-06,0.002693,3.4e-05,0.000875,4e-06
479.jpg,/mnt/data1/spring/multimodal_project/data/images/479.jpg,7,7,7,0.98638,1,0.000365,0.000791,0.003293,0.001637,0.001163,0.000443,0.000726,0.98638,0.000551,0.001225,0.000781,0.000225,0.001083,0.001337
46.jpg,/mnt/data1/spring/multimodal_project/data/images/46.jpg,0,0,0,0.973673,1,0.973673,0.000137,0.018749,0.000155,0.000137,2.4e-05,0.000215,6.4e-05,0.000111,0.006593,1.1e-05,6.9e-05,4.7e-05,1.4e-05
366.jpg,/mnt/data1/spring/multimodal_project/data/images/366.jpg,5,5,5,0.999527,1,2e-06,3e-06,1.2e-05,7e-06,9e-06,0.999527,3e-06,4.5e-05,7e-06,0.0,0.000353,1e-06,2.9e-05,1e-06
1121.jpg,/mnt/data1/spring/multimodal_project/data/images/1121.jpg,11,11,11,0.995398,1,7.3e-05,0.001485,0.000166,0.000106,1.9e-05,0.000559,8.4e-05,0.001258,9.5e-05,0.00027,6e-05,0.995398,0.000122,0.000305
507.jpg,/mnt/data1/spring/multimodal_project/data/images/507.jpg,7,7,7,0.962737,1,0.000139,0.010115,0.001101,0.001825,0.017081,0.002083,0.0002,0.962737,0.000328,0.002972,0.000704,3e-06,0.000193,0.000519
1208.jpg,/mnt/data1/spring/multimodal_project/data/images/1208.jpg,12,12,12,0.986891,1,4.4e-05,8.7e-05,0.00035,5.5e-05,4e-05,0.000301,5.4e-05,7.6e-05,0.000561,0.000225,0.000151,1.1e-05,0.986891,0.011154
953.jpg,/mnt/data1/spring/multimodal_project/data/images/953.jpg,10,10,10,0.990053,1,3.8e-05,0.000165,0.000395,8.6e-05,0.000408,0.001162,4.3e-05,0.00402,0.000567,0.000947,0.990053,5.3e-05,0.000213,0.00185
1122.jpg,/mnt/data1/spring/multimodal_project/data/images/1122.jpg,11,11,11,0.990817,1,0.000165,0.000167,0.000258,3.4e-05,4.3e-05,0.000549,0.000109,0.007216,5e-06,0.000356,0.000123,0.990817,3.4e-05,0.000124
603.jpg,/mnt/data1/spring/multimodal_project/data/images/603.jpg,7,7,7,0.999946,1,4e-06,2e-06,1e-06,2e-06,3e-06,1e-06,2e-06,0.999946,2e-06,1.3e-05,1.9e-05,2e-06,1e-06,3e-06
31.jpg,/mnt/data1/spring/multimodal_project/data/images/31.jpg,0,0,0,0.90011,1,0.90011,0.000151,0.087602,0.000439,0.000256,5.4e-05,0.000427,6.1e-05,0.000139,0.010118,1.1e-05,0.000125,0.000469,3.8e-05
1106.jpg,/mnt/data1/spring/multimodal_project/data/images/1106.jpg,11,11,11,0.994027,1,0.000209,0.00048,0.000312,0.000227,0.000138,0.000996,9e-05,0.001262,4.8e-05,0.001377,0.000217,0.994027,3.2e-05,0.000586
935.jpg,/mnt/data1/spring/multimodal_project/data/images/935.jpg,9,9,9,0.574423,1,0.005062,0.015547,0.01934,0.010551,0.015939,0.001086,0.022356,0.030356,0.131322,0.574423,0.000311,0.014556,0.017843,0.141309
225.jpg,/mnt/data1/spring/multimodal_project/data/images/225.jpg,4,4,4,0.997157,1,0.000117,0.000269,9.3e-05,0.000818,0.997157,6.4e-05,0.000623,0.000634,4.4e-05,1.7e-05,2.7e-05,2.8e-05,0.000107,3e-06
1043.jpg,/mnt/data1/spring/multimodal_project/data/images/1043.jpg,10,10,10,0.999262,1,2e-06,2e-06,2.8e-05,1e-06,2e-06,8.3e-05,1e-06,0.000537,1.3e-05,2e-06,0.999262,0.0,2e-06,6.5e-05
346.jpg,/mnt/data1/spring/multimodal_project/data/images/346.jpg,5,5,5,0.996849,1,4.6e-05,1e-05,4.3e-05,3.2e-05,1.7e-05,0.996849,1.3e-05,0.000279,1.7e-05,3e-06,0.002567,8e-06,9.9e-05,1.7e-05
702.jpg,/mnt/data1/spring/multimodal_project/data/images/702.jpg,8,8,8,0.532637,1,0.000514,0.047281,0.01023,0.011339,0.013241,0.068717,0.001158,0.014522,0.532637,0.002636,0.000467,0.004359,0.254036,0.038864
279.jpg,/mnt/data1/spring/multimodal_project/data/images/279.jpg,5,5,5,0.995874,1,2.3e-05,4.6e-05,0.000259,0.000228,4.7e-05,0.995874,6.6e-05,0.000132,0.000789,4e-06,0.001476,5.4e-05,0.00095,5.1e-05
283.jpg,/mnt/data1/spring/multimodal_project/data/images/283.jpg,5,5,5,0.995055,1,2.2e-05,5.1e-05,7.3e-05,3e-05,2.8e-05,0.995055,2.5e-05,0.000137,0.001038,1e-05,0.002798,3.4e-05,0.000658,4.1e-05
1341.jpg,/mnt/data1/spring/multimodal_project/data/images/1341.jpg,13,13,13,0.936999,1,0.000102,0.00038,0.000826,0.000357,0.00023,0.001428,0.000127,0.001178,0.003746,0.000212,0.024344,0.000128,0.029943,0.936999
135.jpg,/mnt/data1/spring/multimodal_project/data/images/135.jpg,2,2,2,0.998575,1,0.000451,1.8e-05,0.998575,3.5e-05,6e-05,5e-05,1.4e-05,6.2e-05,5e-06,0.000702,3e-06,6e-06,1.5e-05,5e-06
1287.jpg,/mnt/data1/spring/multimodal_project/data/images/1287.jpg,13,13,13,0.988894,1,3.5e-05,7e-05,0.000414,0.000142,4.5e-05,0.000764,3.2e-05,0.000603,9.8e-05,0.000246,0.002196,2.5e-05,0.006437,0.988894
1338.jpg,/mnt/data1/spring/multimodal_project/data/images/1338.jpg,13,13,13,0.685764,1,0.001064,0.001285,0.001137,0.001811,0.00153,0.00704,0.001187,0.018275,0.184454,0.027965,0.037725,0.000838,0.029926,0.685764
144.jpg,/mnt/data1/spring/multimodal_project/data/images/144.jpg,2,2,2,0.985662,1,0.01129,4.5e-05,0.985662,5.9e-05,0.000131,5.4e-05,8.2e-05,8e-05,8.7e-05,0.002297,1e-05,2.2e-05,0.000161,2e-05
532.jpg,/mnt/data1/spring/multimodal_project/data/images/532.jpg,7,7,7,0.878963,1,0.00028,0.000694,0.000298,0.000841,0.000797,0.000909,0.000313,0.878963,0.005043,0.019857,0.087353,0.000359,0.000618,0.003673
1369.jpg,/mnt/data1/spring/multimodal_project/data/images/1369.jpg,13,13,13,0.959026,1,0.000211,0.00028,0.000209,0.000307,0.000168,0.00078,0.000432,0.000812,0.008163,0.018563,0.004855,0.000698,0.005497,0.959026
1083.jpg,/mnt/data1/spring/multimodal_project/data/images/1083.jpg,10,10,10,0.997313,1,1.8e-05,3e-06,4.8e-05,0.000414,7.3e-05,0.001927,1.8e-05,4e-05,2.9e-05,1e-06,0.997313,6e-06,5e-05,6e-05
552.jpg,/mnt/data1/spring/multimodal_project/data/images/552.jpg,7,7,7,0.960703,1,0.000229,0.008042,0.000714,0.002875,0.000541,0.006676,0.001442,0.960703,0.000199,0.000764,0.000899,0.001653,0.000173,0.01509
623.jpg,/mnt/data1/spring/multimodal_project/data/images/623.jpg,7,7,7,0.978907,1,0.000692,0.000361,0.00113,0.000204,0.001728,0.010449,0.000139,0.978907,0.000125,0.000261,0.005643,0.000216,2.2e-05,0.000125
12.jpg,/mnt/data1/spring/multimodal_project/data/images/12.jpg,0,0,0,0.712126,1,0.712126,0.000229,0.283042,0.000254,0.000269,0.000253,0.000224,7.2e-05,4.5e-05,0.002508,8e-06,0.000322,0.000632,1.5e-05
535.jpg,/mnt/data1/spring/multimodal_project/data/images/535.jpg,7,7,7,0.995746,1,1.2e-05,8.5e-05,2.2e-05,0.00014,6.4e-05,0.000743,1.6e-05,0.995746,0.000327,0.001433,0.000866,8.7e-05,0.000161,0.000298
4.jpg,/mnt/data1/spring/multimodal_project/data/images/4.jpg,0,0,0,0.935088,1,0.935088,0.000372,0.009355,0.000526,7e-06,0.000282,5e-05,0.000544,0.043738,0.00643,0.001073,0.000554,0.001236,0.000744
139.jpg,/mnt/data1/spring/multimodal_project/data/images/139.jpg,2,2,2,0.990428,1,0.005478,0.000128,0.990428,0.000314,0.000304,2.5e-05,0.000249,5.6e-05,0.000355,0.002156,5.6e-05,0.000151,0.000196,0.000105
1385.jpg,/mnt/data1/spring/multimodal_project/data/images/1385.jpg,13,13,13,0.968189,1,0.000274,0.000676,0.006818,0.000196,0.00027,0.001068,0.000699,0.000928,0.002673,0.016907,6.7e-05,0.00023,0.001005,0.968189
821.jpg,/mnt/data1/spring/multimodal_project/data/images/821.jpg,9,9,9,0.981268,1,0.000268,0.00016,0.001986,7.1e-05,0.000166,6e-06,5.2e-05,0.002105,0.006943,0.981268,0.00359,0.000267,9.8e-05,0.00302
1327.jpg,/mnt/data1/spring/multimodal_project/data/images/1327.jpg,13,13,13,0.990245,1,0.000117,0.000129,8.3e-05,5.3e-05,4.2e-05,4e-05,7.3e-05,0.000135,0.000631,0.005522,0.00128,0.000336,0.001314,0.990245
74.jpg,/mnt/data1/spring/multimodal_project/data/images/74.jpg,1,1,1,0.61037,1,0.000113,0.61037,5.9e-05,0.38758,0.000345,8e-06,0.000774,0.000681,3e-06,5e-06,1.6e-05,3.7e-05,3e-06,7e-06
3.jpg,/mnt/data1/spring/multimodal_project/data/images/3.jpg,0,0,0,0.959512,1,0.959512,0.002095,0.005681,0.000695,3e-05,0.000105,3.7e-05,0.000774,0.026696,0.001553,0.001771,0.000402,0.0004,0.000246
347.jpg,/mnt/data1/spring/multimodal_project/data/images/347.jpg,5,5,5,0.999835,1,1e-06,0.0,6e-06,5e-06,3e-06,0.999835,1e-06,9e-06,1e-06,0.0,0.000112,1e-06,2.5e-05,1e-06
309.jpg,/mnt/data1/spring/multimodal_project/data/images/309.jpg,5,5,5,0.98557,1,3.7e-05,0.0008,0.001269,0.00043,0.000493,0.98557,0.000156,0.002341,0.000507,1e-05,0.000365,0.003484,0.00407,0.000467
25.jpg,/mnt/data1/spring/multimodal_project/data/images/25.jpg,0,0,0,0.984138,1,0.984138,0.000109,0.009409,3.6e-05,3.9e-05,5e-06,0.000606,6e-06,0.000367,0.004958,6e-06,0.000253,5.7e-05,1.2e-05
166.jpg,/mnt/data1/spring/multimodal_project/data/images/166.jpg,3,3,3,0.978697,1,9.8e-05,0.016534,0.00047,0.978697,0.001372,0.000283,0.001616,0.000274,6.7e-05,3.2e-05,2.6e-05,0.000124,0.000378,2.9e-05
72.jpg,/mnt/data1/spring/multimodal_project/data/images/72.jpg,1,1,1,0.745008,1,2e-06,0.745008,7e-06,0.254888,2.9e-05,2.6e-05,6e-06,2.2e-05,1e-06,2e-06,0.0,0.0,2e-06,9e-06
150.jpg,/mnt/data1/spring/multimodal_project/data/images/150.jpg,2,2,2,0.993228,1,0.002264,0.00011,0.993228,0.000166,0.000748,0.000276,5.5e-05,7.8e-05,5.6e-05,0.002687,1.7e-05,3.5e-05,0.000257,2.3e-05
869.jpg,/mnt/data1/spring/multimodal_project/data/images/869.jpg,9,9,9,0.938998,1,0.00048,0.000639,0.000291,0.000907,0.000291,0.004518,0.000384,0.007192,0.031765,0.938998,0.006204,0.000446,0.000585,0.007302
1275.jpg,/mnt/data1/spring/multimodal_project/data/images/1275.jpg,12,12,12,0.88513,1,0.000564,0.000641,0.00229,0.000552,0.000168,0.000816,0.000191,0.000402,0.007506,0.006494,0.004468,8.6e-05,0.88513,0.090692
413.jpg,/mnt/data1/spring/multimodal_project/data/images/413.jpg,6,6,6,0.996391,1,1.3e-05,0.000139,1.9e-05,0.000292,0.000618,0.000234,0.996391,0.00028,1.7e-05,7e-06,5e-06,0.001942,1.9e-05,2.4e-05
1075.jpg,/mnt/data1/spring/multimodal_project/data/images/1075.jpg,10,10,10,0.998842,1,1.3e-05,5e-06,0.000309,3.7e-05,1.6e-05,1.2e-05,3e-06,6.5e-05,1.9e-05,5e-06,0.998842,6e-06,3.2e-05,0.000636
1047.jpg,/mnt/data1/spring/multimodal_project/data/images/1047.jpg,10,10,10,0.984556,1,2.2e-05,0.000149,0.000254,9.3e-05,0.000147,0.002635,4.7e-05,0.009468,0.001015,0.000243,0.984556,9.7e-05,6.2e-05,0.001211
658.jpg,/mnt/data1/spring/multimodal_project/data/images/658.jpg,7,7,7,0.999675,1,8e-06,8e-06,1.2e-05,4e-06,1.3e-05,1e-05,9e-06,0.999675,3e-06,1.1e-05,0.000224,7e-06,1e-06,1.4e-05
704.jpg,/mnt/data1/spring/multimodal_project/data/images/704.jpg,8,8,8,0.837492,1,7.8e-05,0.000411,0.000287,0.003092,0.000175,0.001885,6.9e-05,0.000915,0.837492,0.000994,8.4e-05,9e-06,0.119602,0.034907
820.jpg,/mnt/data1/spring/multimodal_project/data/images/820.jpg,9,9,9,0.970608,1,0.001125,0.000136,0.000287,8.9e-05,0.000133,0.000291,8.3e-05,0.012257,0.013043,0.970608,7.2e-05,4.9e-05,0.000991,0.000837
42.jpg,/mnt/data1/spring/multimodal_project/data/images/42.jpg,0,0,0,0.997101,1,0.997101,0.000238,0.002169,0.000135,3e-05,1.7e-05,5.6e-05,2e-05,2e-05,0.000166,3e-06,1e-05,2.1e-05,1.3e-05
350.jpg,/mnt/data1/spring/multimodal_project/data/images/350.jpg,5,5,5,0.993673,1,1.1e-05,2.8e-05,8.2e-05,2.1e-05,5.3e-05,0.993673,0.000258,0.002525,8e-06,1.1e-05,0.003069,0.000244,1.7e-05,1e-06
312.jpg,/mnt/data1/spring/multimodal_project/data/images/312.jpg,5,5,5,0.994526,1,5.4e-05,4.6e-05,0.000949,5e-05,0.00016,0.994526,7.2e-05,0.002785,0.000212,2.4e-05,8e-06,0.000434,0.000651,2.9e-05
66.jpg,/mnt/data1/spring/multimodal_project/data/images/66.jpg,1,1,1,0.976205,1,9.8e-05,0.976205,1.9e-05,0.022159,6.5e-05,5e-06,0.000903,0.000468,9e-06,1e-06,1e-06,5.4e-05,5e-06,9e-06
1032.jpg,/mnt/data1/spring/multimodal_project/data/images/1032.jpg,10,10,10,0.992872,1,6e-06,3.6e-05,0.000297,2.9e-05,5.6e-05,0.001933,2.4e-05,0.004385,3.9e-05,0.00012,0.992872,3e-06,5.4e-05,0.000147
1340.jpg,/mnt/data1/spring/multimodal_project/data/images/1340.jpg,13,13,13,0.971967,1,0.000204,0.001117,0.000485,0.000761,0.00041,0.000662,0.000495,0.009045,0.001169,0.00517,0.004389,0.000771,0.003354,0.971967
332.jpg,/mnt/data1/spring/multimodal_project/data/images/332.jpg,5,5,5,0.950479,1,2e-06,8e-06,4.4e-05,4.4e-05,0.002216,0.950479,0.000111,0.043917,2.4e-05,0.0,0.000227,0.0,0.002899,2.7e-05
177.jpg,/mnt/data1/spring/multimodal_project/data/images/177.jpg,3,3,3,0.986363,1,7e-05,0.010776,1.9e-05,0.986363,0.002575,1.1e-05,9.1e-05,5.2e-05,4e-06,7e-06,4e-06,4e-06,1.6e-05,8e-06
216.jpg,/mnt/data1/spring/multimodal_project/data/images/216.jpg,4,4,4,0.987234,1,3e-05,0.002913,0.000106,0.004438,0.987234,7.1e-05,5e-05,0.005061,1e-05,6e-06,4.5e-05,2e-06,2.6e-05,8e-06
1169.jpg,/mnt/data1/spring/multimodal_project/data/images/1169.jpg,11,11,11,0.987536,1,0.000184,0.000253,3.3e-05,0.000556,3.3e-05,2.4e-05,0.010282,0.000348,0.000246,0.000303,1.1e-05,0.987536,6.3e-05,0.000127
1217.jpg,/mnt/data1/spring/multimodal_project/data/images/1217.jpg,12,12,12,0.976078,1,0.000767,0.000364,0.000399,0.000555,0.000131,6.2e-05,0.000375,0.000145,0.00224,0.010697,1.6e-05,0.00029,0.976078,0.007881
920.jpg,/mnt/data1/spring/multimodal_project/data/images/920.jpg,9,9,9,0.975934,1,0.000271,0.000222,7.1e-05,0.000115,6.2e-05,0.000205,0.000226,0.008829,0.001323,0.975934,0.000297,0.000581,7.4e-05,0.011791
1251.jpg,/mnt/data1/spring/multimodal_project/data/images/1251.jpg,12,12,12,0.985581,1,0.000119,0.0002,0.001034,0.000269,0.000281,0.003393,0.000259,0.00033,0.002669,0.000248,0.001004,0.000455,0.985581,0.004157
1315.jpg,/mnt/data1/spring/multimodal_project/data/images/1315.jpg,13,13,13,0.982058,1,9.5e-05,0.000182,0.000578,0.000297,0.000293,0.001465,9.5e-05,0.003722,0.001953,0.000591,0.005435,0.000192,0.003045,0.982058
1266.jpg,/mnt/data1/spring/multimodal_project/data/images/1266.jpg,12,12,12,0.97399,1,4.4e-05,8.8e-05,0.000246,0.000136,9.3e-05,0.003086,0.000182,0.000129,0.00236,0.000444,0.00066,4.2e-05,0.97399,0.018501
840.jpg,/mnt/data1/spring/multimodal_project/data/images/840.jpg,9,9,9,0.995653,1,1.2e-05,1e-05,3e-06,2e-06,4e-06,2e-06,4e-06,0.004186,8e-06,0.995653,1.6e-05,5e-06,1e-06,9.5e-05
1253.jpg,/mnt/data1/spring/multimodal_project/data/images/1253.jpg,12,12,12,0.924353,1,2.6e-05,0.000183,0.000215,0.000601,0.00011,0.010446,6.6e-05,0.000306,0.029303,0.000127,0.000665,7.4e-05,0.924353,0.033526
1347.jpg,/mnt/data1/spring/multimodal_project/data/images/1347.jpg,13,13,13,0.771838,1,0.000796,0.001755,0.001827,0.001368,0.000747,0.030408,0.001904,0.006669,0.001273,0.00459,0.027254,0.001216,0.148356,0.771838
414.jpg,/mnt/data1/spring/multimodal_project/data/images/414.jpg,6,6,6,0.946348,1,0.000598,0.01518,0.000406,0.004431,0.023452,0.001408,0.946348,0.005219,0.000295,0.000303,0.000175,0.001051,0.000848,0.000286
666.jpg,/mnt/data1/spring/multimodal_project/data/images/666.jpg,7,7,7,0.959246,1,0.000448,0.000214,0.000197,0.00019,0.000217,0.000998,0.000223,0.959246,0.000353,0.000538,0.036193,0.000253,0.00064,0.000291
1212.jpg,/mnt/data1/spring/multimodal_project/data/images/1212.jpg,12,12,12,0.982023,1,0.000305,0.000601,0.012487,0.0004,0.000177,9.9e-05,0.000182,0.000155,0.000169,0.00209,2.1e-05,0.000516,0.982023,0.000774
28.jpg,/mnt/data1/spring/multimodal_project/data/images/28.jpg,0,0,0,0.789191,1,0.789191,0.000308,0.096956,0.000247,0.000525,5.7e-05,0.000447,0.000186,0.000705,0.111025,9e-06,7.7e-05,0.000193,7.4e-05
1358.jpg,/mnt/data1/spring/multimodal_project/data/images/1358.jpg,13,13,13,0.895803,1,0.000208,0.00192,0.000799,0.006126,0.000712,0.005217,0.000372,0.003924,0.026052,0.035793,0.019626,0.000458,0.00299,0.895803
657.jpg,/mnt/data1/spring/multimodal_project/data/images/657.jpg,7,7,7,0.991746,1,8.6e-05,0.00014,0.00024,8.1e-05,0.000429,3.2e-05,4.6e-05,0.991746,1.1e-05,0.000257,0.00662,4.2e-05,2.2e-05,0.000248
152.jpg,/mnt/data1/spring/multimodal_project/data/images/152.jpg,2,2,2,0.995026,1,0.002913,3.2e-05,0.995026,5.1e-05,0.000164,4.9e-05,7.9e-05,1.2e-05,4.6e-05,0.001191,6e-06,1.5e-05,0.000306,0.00011
832.jpg,/mnt/data1/spring/multimodal_project/data/images/832.jpg,9,9,9,0.999526,1,1.5e-05,3e-06,6e-06,2e-06,2e-06,0.0,1e-06,3.5e-05,7.5e-05,0.999526,1e-06,2e-06,3e-06,0.000329
995.jpg,/mnt/data1/spring/multimodal_project/data/images/995.jpg,10,10,10,0.958374,1,9.7e-05,0.00018,0.000688,0.000557,0.000288,0.018293,0.000189,0.006123,0.001802,0.005128,0.958374,8.1e-05,0.002464,0.005735
1168.jpg,/mnt/data1/spring/multimodal_project/data/images/1168.jpg,11,11,11,0.98978,1,0.001784,0.000967,0.000146,0.000194,5e-06,0.000157,0.002915,0.001417,0.00036,0.000359,2.8e-05,0.98978,3.6e-05,0.001851
392.jpg,/mnt/data1/spring/multimodal_project/data/images/392.jpg,5,5,5,0.961603,1,0.000308,0.000546,0.000264,0.001918,0.001496,0.961603,0.005295,0.017451,0.000137,0.000259,0.009448,0.000792,0.000429,5.5e-05
306.jpg,/mnt/data1/spring/multimodal_project/data/images/306.jpg,5,5,5,0.989828,1,0.000238,0.000767,0.000607,0.000455,0.000396,0.989828,0.000572,0.002468,0.000767,0.000244,0.000114,0.001268,0.001739,0.000536
605.jpg,/mnt/data1/spring/multimodal_project/data/images/605.jpg,7,7,7,0.956642,1,0.000366,0.001119,0.000131,0.000424,0.000301,0.031662,0.000199,0.956642,0.000456,0.000194,0.007824,0.000271,0.000143,0.000269
303.jpg,/mnt/data1/spring/multimodal_project/data/images/303.jpg,5,5,5,0.999318,1,6e-06,8e-06,6e-06,9e-06,1.6e-05,0.999318,5.3e-05,1.3e-05,7.7e-05,1e-06,1e-06,0.000152,0.000242,9.9e-05
758.jpg,/mnt/data1/spring/multimodal_project/data/images/758.jpg,8,8,8,0.951413,1,0.000114,9.3e-05,8.9e-05,5.6e-05,3.7e-05,0.000238,5.8e-05,0.000242,0.951413,0.039322,0.000309,0.000329,0.000587,0.007112
729.jpg,/mnt/data1/spring/multimodal_project/data/images/729.jpg,8,8,8,0.990306,1,0.000136,4.1e-05,0.00027,2.2e-05,2.8e-05,1.6e-05,1.7e-05,8.4e-05,0.990306,0.005271,0.001911,2e-05,4.1e-05,0.001836
790.jpg,/mnt/data1/spring/multimodal_project/data/images/790.jpg,8,8,8,0.947025,1,0.000331,0.000421,0.000498,0.000341,0.00038,0.000286,0.000115,0.018104,0.947025,0.016121,0.009598,0.001544,0.002849,0.002389
1278.jpg,/mnt/data1/spring/multimodal_project/data/images/1278.jpg,12,12,12,0.987756,1,0.000134,3e-06,0.006761,2e-05,1.3e-05,0.000442,1e-06,3e-06,0.000674,1.1e-05,0.001778,1e-06,0.987756,0.002403
1039.jpg,/mnt/data1/spring/multimodal_project/data/images/1039.jpg,10,10,10,0.999756,1,2e-06,1e-06,1.1e-05,3e-06,3e-06,2.1e-05,2e-06,0.000128,2.8e-05,1e-05,0.999756,0.0,8e-06,2.5e-05
270.jpg,/mnt/data1/spring/multimodal_project/data/images/270.jpg,5,5,5,0.988876,1,4.3e-05,5.5e-05,0.000196,0.000134,0.00029,0.988876,0.000376,0.003839,0.000273,3e-05,0.005001,0.000671,0.000204,1.2e-05
375.jpg,/mnt/data1/spring/multimodal_project/data/images/375.jpg,5,5,5,0.965272,1,2.5e-05,9.2e-05,0.000216,3.7e-05,0.000136,0.965272,9e-06,0.01365,3.1e-05,2.6e-05,0.020481,3e-06,1.3e-05,1e-05
511.jpg,/mnt/data1/spring/multimodal_project/data/images/511.jpg,7,7,7,0.863063,1,0.000735,0.001791,0.000647,0.001289,0.000864,0.005678,0.000789,0.863063,0.023791,0.046215,0.044427,0.001187,0.001875,0.007649
310.jpg,/mnt/data1/spring/multimodal_project/data/images/310.jpg,5,5,5,0.996044,1,2e-05,0.000197,0.000125,7.2e-05,0.000169,0.996044,4.7e-05,0.000986,2e-05,3e-06,5.1e-05,4.8e-05,0.00216,5.9e-05
1205.jpg,/mnt/data1/spring/multimodal_project/data/images/1205.jpg,12,12,12,0.990116,1,6.3e-05,0.000466,0.000769,0.000127,8.1e-05,0.001153,0.000377,0.000174,6.1e-05,7.5e-05,0.000232,0.000158,0.990116,0.00615
58.jpg,/mnt/data1/spring/multimodal_project/data/images/58.jpg,0,0,0,0.862883,1,0.862883,0.001223,0.134143,2.7e-05,5e-06,8.6e-05,3e-05,1.9e-05,5e-05,0.001321,2e-06,0.00013,7.7e-05,4e-06
285.jpg,/mnt/data1/spring/multimodal_project/data/images/285.jpg,5,5,5,0.984576,1,0.000236,0.000306,0.000959,0.000311,0.000607,0.984576,0.000449,0.002753,0.000323,8.5e-05,0.008234,0.000746,0.000324,9.3e-05
441.jpg,/mnt/data1/spring/multimodal_project/data/images/441.jpg,6,6,6,0.980024,1,0.000653,0.006665,0.00041,0.002396,0.004666,0.000155,0.980024,0.001999,0.000132,0.001768,8.3e-05,0.00059,0.00013,0.00033
133.jpg,/mnt/data1/spring/multimodal_project/data/images/133.jpg,2,2,2,0.99883,1,0.000543,2.5e-05,0.99883,3.8e-05,5.7e-05,1.5e-05,1.3e-05,6.1e-05,1.9e-05,0.000352,2.4e-05,5e-06,1.3e-05,4e-06
958.jpg,/mnt/data1/spring/multimodal_project/data/images/958.jpg,10,10,10,0.9985,1,4e-06,7e-06,2.1e-05,2.2e-05,2.7e-05,0.000216,1.4e-05,0.000542,0.000157,0.000414,0.9985,5e-06,1.6e-05,5.5e-05
368.jpg,/mnt/data1/spring/multimodal_project/data/images/368.jpg,5,5,5,0.997809,1,1.1e-05,3e-06,3.3e-05,8e-06,9e-06,0.997809,2e-06,0.000492,2e-06,1e-06,0.001602,0.0,2.5e-05,2e-06
547.jpg,/mnt/data1/spring/multimodal_project/data/images/547.jpg,7,7,7,0.993515,1,2.3e-05,0.000124,1.9e-05,0.00022,0.000117,0.00114,1.8e-05,0.993515,2.8e-05,0.002035,0.001086,0.000121,4.3e-05,0.001511
460.jpg,/mnt/data1/spring/multimodal_project/data/images/460.jpg,6,6,6,0.999836,1,1e-05,2.8e-05,2.2e-05,1.1e-05,5e-06,5e-06,0.999836,2e-06,3e-06,7e-06,0.0,6.3e-05,6e-06,0.0
577.jpg,/mnt/data1/spring/multimodal_project/data/images/577.jpg,7,7,7,0.998416,1,3.4e-05,2.3e-05,5.5e-05,2.6e-05,7e-05,0.000714,8.6e-05,0.998416,4.5e-05,5.1e-05,0.000215,0.000164,6.6e-05,3.5e-05
1187.jpg,/mnt/data1/spring/multimodal_project/data/images/1187.jpg,12,12,12,0.891842,1,0.000177,0.000137,0.00051,4.3e-05,0.000114,2.9e-05,0.000138,2.5e-05,0.020625,0.000925,9.5e-05,0.000105,0.891842,0.085235
1233.jpg,/mnt/data1/spring/multimodal_project/data/images/1233.jpg,12,12,12,0.963917,1,0.001988,0.000475,0.004854,0.000906,0.000708,0.004372,0.000254,0.000928,0.008235,0.000233,0.005588,0.001232,0.963917,0.00631
1037.jpg,/mnt/data1/spring/multimodal_project/data/images/1037.jpg,10,10,10,0.999304,1,1e-06,1e-06,4.6e-05,4e-06,4e-06,6e-06,1e-06,0.000612,6e-06,6e-06,0.999304,0.0,1e-06,7e-06
771.jpg,/mnt/data1/spring/multimodal_project/data/images/771.jpg,8,8,8,0.980858,1,0.000122,0.000121,0.000203,2.7e-05,4.9e-05,0.000363,0.000129,7.9e-05,0.980858,0.008975,0.000108,0.00021,0.002481,0.006275
32.jpg,/mnt/data1/spring/multimodal_project/data/images/32.jpg,0,0,0,0.949503,1,0.949503,0.000249,0.034548,0.000152,0.000112,2.8e-05,0.000157,0.000106,0.000173,0.014857,6e-06,5.7e-05,2e-05,3.2e-05
472.jpg,/mnt/data1/spring/multimodal_project/data/images/472.jpg,6,6,6,0.998458,1,4.6e-05,0.000338,1.8e-05,0.00051,8.3e-05,1.3e-05,0.998458,7.1e-05,7e-05,2.1e-05,2.4e-05,0.000254,4.7e-05,4.8e-05
477.jpg,/mnt/data1/spring/multimodal_project/data/images/477.jpg,7,7,7,0.972922,1,0.000904,0.001978,0.001018,0.002435,0.002559,0.001331,0.000209,0.972922,0.000663,0.013531,0.001399,8e-05,0.000663,0.000308
1007.jpg,/mnt/data1/spring/multimodal_project/data/images/1007.jpg,10,10,10,0.996965,1,1.9e-05,6e-06,7.2e-05,3e-05,1.2e-05,0.001256,1.9e-05,0.001018,3.3e-05,4e-06,0.996965,2.4e-05,7.6e-05,0.000466
209.jpg,/mnt/data1/spring/multimodal_project/data/images/209.jpg,4,4,4,0.988644,1,4.1e-05,0.000142,5.2e-05,0.008609,0.988644,0.000111,0.000432,0.001639,2.5e-05,5e-06,8.1e-05,2.3e-05,0.000179,1.7e-05
1221.jpg,/mnt/data1/spring/multimodal_project/data/images/1221.jpg,12,12,12,0.99696,1,0.000123,0.000201,0.000331,0.000127,0.000107,0.000158,0.000779,6.3e-05,5.9e-05,9.2e-05,1.8e-05,9.3e-05,0.99696,0.000889
947.jpg,/mnt/data1/spring/multimodal_project/data/images/947.jpg,10,10,10,0.992813,1,1.6e-05,1.2e-05,5.5e-05,3.2e-05,4.2e-05,0.000162,2.5e-05,0.000463,7.5e-05,0.000455,0.992813,1.7e-05,7.1e-05,0.005763
436.jpg,/mnt/data1/spring/multimodal_project/data/images/436.jpg,6,6,6,0.981814,1,8.6e-05,0.016535,1e-05,0.000199,0.000935,1.2e-05,0.981814,0.000292,1e-05,4.1e-05,2e-06,4.5e-05,1.1e-05,1e-05
1222.jpg,/mnt/data1/spring/multimodal_project/data/images/1222.jpg,12,12,12,0.980384,1,0.00114,0.00088,0.002363,0.000818,0.000337,0.000474,0.002865,0.001386,0.001682,0.001662,0.000478,0.000859,0.980384,0.004671
280.jpg,/mnt/data1/spring/multimodal_project/data/images/280.jpg,5,5,5,0.997776,1,1.9e-05,9.7e-05,0.000366,0.000144,0.000141,0.997776,9.4e-05,0.000638,3.1e-05,7e-06,0.000105,0.000209,0.000255,0.000117
864.jpg,/mnt/data1/spring/multimodal_project/data/images/864.jpg,9,9,9,0.990556,1,0.000125,8.5e-05,0.000139,2.8e-05,7e-05,2.3e-05,4.8e-05,0.000134,0.006451,0.990556,0.000945,5.2e-05,8e-05,0.001264
378.jpg,/mnt/data1/spring/multimodal_project/data/images/378.jpg,5,5,5,0.999981,1,0.0,1e-06,1e-06,0.0,1e-06,0.999981,3e-06,0.0,0.0,0.0,0.0,5e-06,9e-06,0.0
815.jpg,/mnt/data1/spring/multimodal_project/data/images/815.jpg,9,9,9,0.99615,1,0.000141,2.4e-05,2.3e-05,0.000396,0.000238,2.7e-05,2.3e-05,0.000848,0.000739,0.99615,5.2e-05,8.6e-05,7e-05,0.001184
1175.jpg,/mnt/data1/spring/multimodal_project/data/images/1175.jpg,12,12,12,0.985188,1,6.8e-05,8.2e-05,0.000533,0.000134,8.9e-05,0.001485,6.5e-05,0.000233,0.000659,6.4e-05,0.000538,2.5e-05,0.985188,0.010834
124.jpg,/mnt/data1/spring/multimodal_project/data/images/124.jpg,2,2,2,0.979283,1,0.004487,3e-05,0.979283,0.000143,0.000112,5e-06,3e-05,0.004907,0.0086,0.000337,0.000348,0.000189,0.000198,0.001334
816.jpg,/mnt/data1/spring/multimodal_project/data/images/816.jpg,9,9,9,0.977528,1,0.000192,7.3e-05,0.00013,7.7e-05,9.4e-05,2.5e-05,6.4e-05,0.002367,0.015849,0.977528,0.002525,4.8e-05,0.000111,0.000917
709.jpg,/mnt/data1/spring/multimodal_project/data/images/709.jpg,8,8,8,0.950004,1,0.000511,0.000693,0.000994,0.000219,0.000231,0.005848,0.000338,0.010885,0.950004,0.00205,0.024588,0.000361,0.001316,0.001961
1377.jpg,/mnt/data1/spring/multimodal_project/data/images/1377.jpg,13,13,13,0.998358,1,4.9e-05,7.9e-05,0.000466,0.000111,6.1e-05,1.3e-05,1.3e-05,0.000224,4.3e-05,0.000228,6.3e-05,2.5e-05,0.000266,0.998358
650.jpg,/mnt/data1/spring/multimodal_project/data/images/650.jpg,7,7,7,0.972829,1,0.00085,0.000321,0.002226,0.000327,0.000208,0.003482,0.000116,0.972829,0.000664,0.004228,0.011802,0.00015,0.001228,0.001569
455.jpg,/mnt/data1/spring/multimodal_project/data/images/455.jpg,6,6,6,0.999862,1,3.3e-05,4.5e-05,1.2e-05,1e-05,1e-06,1e-06,0.999862,1.1e-05,0.0,4e-06,0.0,1.9e-05,0.0,0.0
284.jpg,/mnt/data1/spring/multimodal_project/data/images/284.jpg,5,5,5,0.980224,1,0.000205,0.000428,0.000747,0.000663,0.000363,0.980224,0.001181,0.005188,0.000614,0.000176,0.007552,0.000625,0.00167,0.000365
629.jpg,/mnt/data1/spring/multimodal_project/data/images/629.jpg,7,7,7,0.962574,1,0.005592,0.000942,0.001096,0.000485,0.000461,0.001374,0.004076,0.962574,0.001485,0.00088,0.002717,0.017469,0.00025,0.000598
630.jpg,/mnt/data1/spring/multimodal_project/data/images/630.jpg,7,7,7,0.660268,1,0.005453,0.000688,0.001758,0.000652,0.000792,0.001223,0.000837,0.660268,0.051176,0.123169,0.148137,0.000771,0.001319,0.003758
420.jpg,/mnt/data1/spring/multimodal_project/data/images/420.jpg,6,6,6,0.997965,1,7e-06,0.000437,1e-06,5e-05,0.000429,5.1e-05,0.997965,0.000103,5e-06,4e-06,4e-06,0.000936,4e-06,4e-06
892.jpg,/mnt/data1/spring/multimodal_project/data/images/892.jpg,9,9,9,0.99616,1,3.2e-05,4.5e-05,2.2e-05,1.7e-05,3.8e-05,7e-06,1.3e-05,0.00099,0.001204,0.99616,0.000195,0.000194,3.7e-05,0.001046
993.jpg,/mnt/data1/spring/multimodal_project/data/images/993.jpg,10,10,10,0.989441,1,0.000202,0.000322,0.000274,0.000155,0.000242,0.000935,0.000193,0.007203,0.000184,0.000115,0.989441,0.000262,6.1e-05,0.000411
316.jpg,/mnt/data1/spring/multimodal_project/data/images/316.jpg,5,5,5,0.999916,1,0.0,4e-06,7e-06,1e-06,3e-06,0.999916,0.0,6e-06,2e-06,0.0,1e-06,2e-06,5.2e-05,5e-06
36.jpg,/mnt/data1/spring/multimodal_project/data/images/36.jpg,0,0,0,0.965719,1,0.965719,0.000188,0.029908,0.000479,0.000698,0.000617,0.000264,0.000391,0.000116,0.001028,0.000113,0.000148,0.000315,1.5e-05
482.jpg,/mnt/data1/spring/multimodal_project/data/images/482.jpg,7,7,7,0.887778,1,0.000451,0.055266,0.002936,0.001068,0.006656,0.000175,0.001655,0.887778,0.001152,0.028279,0.002583,0.000463,0.000179,0.01136
722.jpg,/mnt/data1/spring/multimodal_project/data/images/722.jpg,8,8,8,0.993979,1,0.000139,3.4e-05,0.000193,1e-05,1e-05,6.2e-05,1.4e-05,2.7e-05,0.993979,0.003684,0.001053,1.6e-05,0.00021,0.000568
701.jpg,/mnt/data1/spring/multimodal_project/data/images/701.jpg,7,7,7,0.964025,1,0.00048,0.003615,0.000317,0.006741,0.00676,0.009256,0.005456,0.964025,4.3e-05,8.1e-05,0.002619,0.000464,9.8e-05,4.6e-05
1376.jpg,/mnt/data1/spring/multimodal_project/data/images/1376.jpg,13,13,13,0.99744,1,1.5e-05,6.4e-05,1.7e-05,1.6e-05,2.4e-05,4.6e-05,1e-05,0.000126,0.000418,0.000451,0.000493,2.5e-05,0.000855,0.99744
994.jpg,/mnt/data1/spring/multimodal_project/data/images/994.jpg,10,10,10,0.996255,1,6.6e-05,2.6e-05,9e-05,3.1e-05,5.4e-05,0.000288,3.4e-05,0.00111,0.000519,0.000377,0.996255,0.000127,0.000128,0.000895
51.jpg,/mnt/data1/spring/multimodal_project/data/images/51.jpg,0,0,0,0.623788,1,0.623788,6.2e-05,0.371019,0.000109,0.000176,2.1e-05,0.000107,8.5e-05,5.5e-05,0.004468,1.2e-05,4.3e-05,4e-05,1.6e-05
614.jpg,/mnt/data1/spring/multimodal_project/data/images/614.jpg,7,7,7,0.997557,1,0.000248,0.000372,0.000337,2.9e-05,9.8e-05,0.000115,9e-06,0.997557,9.2e-05,6e-05,0.000782,2.8e-05,3e-06,0.00027
250.jpg,/mnt/data1/spring/multimodal_project/data/images/250.jpg,5,5,5,0.934692,1,0.000338,0.000768,0.002291,0.000313,0.008298,0.934692,0.000323,0.006885,0.01205,0.001023,0.000344,7.1e-05,0.02122,0.011382
748.jpg,/mnt/data1/spring/multimodal_project/data/images/748.jpg,8,8,8,0.979456,1,0.000176,7.4e-05,0.000217,0.000102,0.000122,1.7e-05,0.000138,0.000152,0.979456,0.0124,0.001314,6.5e-05,0.001033,0.004734
965.jpg,/mnt/data1/spring/multimodal_project/data/images/965.jpg,10,10,10,0.998732,1,8e-06,7e-06,9e-06,6e-06,2.3e-05,0.000128,1e-05,0.000259,1.2e-05,9.2e-05,0.998732,1.3e-05,6e-06,0.000696
459.jpg,/mnt/data1/spring/multimodal_project/data/images/459.jpg,6,6,6,0.995182,1,0.000335,6.6e-05,0.000195,0.003795,6e-06,5.7e-05,0.995182,5e-06,0.00015,1.9e-05,0.0,4.1e-05,0.000144,5e-06
313.jpg,/mnt/data1/spring/multimodal_project/data/images/313.jpg,5,5,5,0.999161,1,3.5e-05,8e-06,0.000322,4.3e-05,3.8e-05,0.999161,1.4e-05,1e-04,3e-05,4e-06,4.1e-05,7.7e-05,0.000116,1.3e-05
725.jpg,/mnt/data1/spring/multimodal_project/data/images/725.jpg,8,8,8,0.604288,1,0.001302,0.003893,0.007298,0.001244,0.000785,0.006767,0.001677,0.023215,0.604288,0.00055,0.182417,0.006324,0.113775,0.046466
118.jpg,/mnt/data1/spring/multimodal_project/data/images/118.jpg,2,2,2,0.994547,1,0.002092,6.8e-05,0.994547,7.2e-05,7.8e-05,3.9e-05,0.00013,4.1e-05,8.3e-05,0.002425,2.6e-05,5e-05,0.000338,1e-05
802.jpg,/mnt/data1/spring/multimodal_project/data/images/802.jpg,8,8,8,0.942442,1,0.044998,0.000106,0.002772,5.2e-05,5e-06,1e-06,1.5e-05,4.7e-05,0.942442,0.007992,0.000487,0.000159,0.000342,0.000581
969.jpg,/mnt/data1/spring/multimodal_project/data/images/969.jpg,10,10,10,0.983078,1,1.6e-05,1.2e-05,4.8e-05,8.3e-05,0.000123,0.011491,2.2e-05,0.004921,8e-05,2.7e-05,0.983078,9e-06,5.1e-05,3.9e-05
71.jpg,/mnt/data1/spring/multimodal_project/data/images/71.jpg,1,1,1,0.912103,1,0.001319,0.912103,0.000222,0.073255,0.006537,5.4e-05,0.000273,0.004309,0.000732,3.6e-05,5.4e-05,0.000358,0.000353,0.000394
772.jpg,/mnt/data1/spring/multimodal_project/data/images/772.jpg,8,8,8,0.972552,1,0.000225,0.000219,0.00031,0.00014,0.000257,0.000329,0.000179,0.004792,0.972552,0.014816,0.000967,0.000498,0.001779,0.002938
681.jpg,/mnt/data1/spring/multimodal_project/data/images/681.jpg,7,7,7,0.885548,1,0.001192,0.000337,0.000377,0.00023,0.000246,0.108624,0.00025,0.885548,6.6e-05,0.000105,0.000621,0.002154,3.1e-05,0.000219
107.jpg,/mnt/data1/spring/multimodal_project/data/images/107.jpg,2,2,2,0.996507,1,0.002948,5.2e-05,0.996507,4.3e-05,5.3e-05,1.3e-05,4.1e-05,1.9e-05,3.7e-05,0.000206,3.2e-05,1.5e-05,2.7e-05,7e-06
14.jpg,/mnt/data1/spring/multimodal_project/data/images/14.jpg,0,0,0,0.97584,1,0.97584,0.000215,0.014643,0.000133,0.000365,0.000112,0.000253,0.000555,0.001041,0.00635,0.00024,8.8e-05,5.5e-05,0.00011
819.jpg,/mnt/data1/spring/multimodal_project/data/images/819.jpg,9,9,9,0.99924,1,1.3e-05,3e-06,1.6e-05,1e-06,1e-06,0.0,1e-06,0.000622,2.2e-05,0.99924,0.0,1e-05,2e-06,6.9e-05
275.jpg,/mnt/data1/spring/multimodal_project/data/images/275.jpg,5,5,5,0.999724,1,6e-06,8e-06,2.7e-05,6e-06,9e-06,0.999724,1e-05,5.3e-05,5.9e-05,1e-06,4.9e-05,2.2e-05,1.8e-05,7e-06
288.jpg,/mnt/data1/spring/multimodal_project/data/images/288.jpg,5,5,5,0.972913,1,0.000524,0.000843,0.000663,0.00095,0.000743,0.972913,0.000724,0.002113,0.005855,0.000157,0.005489,0.002298,0.006045,0.000681
1322.jpg,/mnt/data1/spring/multimodal_project/data/images/1322.jpg,13,13,13,0.961586,1,0.000386,0.000931,0.00011,0.000156,0.000306,0.000586,0.000616,0.005583,0.004578,0.0191,0.002799,0.000704,0.002559,0.961586
1009.jpg,/mnt/data1/spring/multimodal_project/data/images/1009.jpg,10,10,10,0.998483,1,1e-06,1e-06,5e-06,3e-06,2e-06,4e-06,1e-06,0.001491,2e-06,6e-06,0.998483,0.0,0.0,1e-06
1240.jpg,/mnt/data1/spring/multimodal_project/data/images/1240.jpg,12,12,12,0.974581,1,4.3e-05,3.4e-05,0.00016,0.000275,8e-05,0.019504,2.8e-05,9e-06,0.001345,3e-06,6.4e-05,6.1e-05,0.974581,0.003814
457.jpg,/mnt/data1/spring/multimodal_project/data/images/457.jpg,6,6,6,0.998271,1,0.000147,0.000516,2.8e-05,0.000218,0.000123,2e-06,0.998271,0.000445,2.2e-05,6.7e-05,1e-06,0.000138,1.1e-05,1.1e-05
1046.jpg,/mnt/data1/spring/multimodal_project/data/images/1046.jpg,10,10,10,0.99958,1,6e-06,9e-06,2.9e-05,6e-06,5e-06,8e-06,7e-06,0.000206,2.7e-05,6.3e-05,0.99958,1.2e-05,1.1e-05,3.1e-05
858.jpg,/mnt/data1/spring/multimodal_project/data/images/858.jpg,9,9,9,0.951452,1,0.000828,0.000718,0.000744,0.000379,0.00033,0.000589,0.000263,0.004595,0.008061,0.951452,0.002795,0.001639,0.000304,0.027305
468.jpg,/mnt/data1/spring/multimodal_project/data/images/468.jpg,6,6,6,0.934008,1,0.001327,0.009867,0.000126,0.000123,0.000667,0.000549,0.934008,0.000817,0.000492,0.002975,2.2e-05,0.046926,0.002027,7.4e-05
491.jpg,/mnt/data1/spring/multimodal_project/data/images/491.jpg,7,7,7,0.996519,1,0.000145,0.000222,0.002286,0.000151,0.000139,2.5e-05,3.8e-05,0.996519,3.8e-05,0.000275,7.2e-05,1.3e-05,2.4e-05,5.3e-05
496.jpg,/mnt/data1/spring/multimodal_project/data/images/496.jpg,7,7,7,0.989007,1,0.000936,0.001646,0.000391,0.002213,0.003159,0.00024,0.001213,0.989007,0.000131,0.000217,0.000447,6e-05,0.000105,0.000234
585.jpg,/mnt/data1/spring/multimodal_project/data/images/585.jpg,7,7,7,0.999676,1,1.7e-05,1.1e-05,5e-06,6e-06,8e-06,2e-06,5e-06,0.999676,1.9e-05,8.9e-05,0.000137,1.4e-05,4e-06,7e-06
388.jpg,/mnt/data1/spring/multimodal_project/data/images/388.jpg,5,5,5,0.999862,1,0.0,0.0,5e-06,1e-06,4e-06,0.999862,0.0,0.00012,0.0,0.0,0.0,0.0,6e-06,0.0
627.jpg,/mnt/data1/spring/multimodal_project/data/images/627.jpg,7,7,7,0.977872,1,0.002748,0.000665,8.8e-05,0.001212,0.009595,0.000566,0.005217,0.977872,1.5e-05,0.00017,8.5e-05,0.001245,0.000206,0.000316
115.jpg,/mnt/data1/spring/multimodal_project/data/images/115.jpg,2,2,2,0.995782,1,0.00109,4.5e-05,0.995782,8.5e-05,5.6e-05,7.7e-05,9.8e-05,3.9e-05,1.9e-05,0.002596,3.8e-05,2.9e-05,4.2e-05,5e-06
550.jpg,/mnt/data1/spring/multimodal_project/data/images/550.jpg,7,7,7,0.996375,1,2.9e-05,5.2e-05,2.3e-05,0.000149,4.2e-05,0.001455,1.5e-05,0.996375,5.3e-05,0.000306,0.000231,5.8e-05,3e-05,0.001181
1144.jpg,/mnt/data1/spring/multimodal_project/data/images/1144.jpg,11,11,11,0.999457,1,4e-06,4.9e-05,6.2e-05,2e-06,2e-06,1.7e-05,6.4e-05,0.00032,0.0,3e-06,2e-06,0.999457,1e-06,1.7e-05
839.jpg,/mnt/data1/spring/multimodal_project/data/images/839.jpg,9,9,9,0.979329,1,0.000115,5.4e-05,1e-04,7.3e-05,7.6e-05,7e-06,2.1e-05,0.001397,0.017761,0.979329,0.000446,4.5e-05,1.6e-05,0.000561
879.jpg,/mnt/data1/spring/multimodal_project/data/images/879.jpg,9,9,9,0.987556,1,0.000206,0.000405,0.000391,0.000355,8.3e-05,0.000218,0.000123,0.005348,0.000245,0.987556,0.001318,0.002078,9.6e-05,0.001578
1061.jpg,/mnt/data1/spring/multimodal_project/data/images/1061.jpg,10,10,10,0.999808,1,1e-06,1e-06,3.8e-05,2e-06,2e-06,1.1e-05,3e-06,5.1e-05,5e-06,2e-05,0.999808,0.0,3e-06,5.4e-05
243.jpg,/mnt/data1/spring/multimodal_project/data/images/243.jpg,4,4,4,0.978583,1,0.000357,0.003746,8.1e-05,0.003911,0.978583,0.000182,0.009343,0.002579,0.000499,2e-05,2.7e-05,0.000291,0.000288,9.3e-05
1204.jpg,/mnt/data1/spring/multimodal_project/data/images/1204.jpg,12,12,12,0.962273,1,5.4e-05,3e-05,0.000665,2.1e-05,1.2e-05,3.8e-05,1e-05,6e-06,0.000397,8e-06,3.8e-05,2.1e-05,0.962273,0.036426
213.jpg,/mnt/data1/spring/multimodal_project/data/images/213.jpg,4,4,4,0.992537,1,3.2e-05,0.000351,0.000126,0.004591,0.992537,0.000109,0.000333,0.001581,5e-06,5e-06,8.7e-05,3.7e-05,0.00019,1.5e-05
844.jpg,/mnt/data1/spring/multimodal_project/data/images/844.jpg,9,9,9,0.999955,1,2e-06,0.0,2e-06,0.0,0.0,0.0,0.0,0.0,3.9e-05,0.999955,0.0,0.0,0.0,2e-06
119.jpg,/mnt/data1/spring/multimodal_project/data/images/119.jpg,2,2,2,0.995883,1,0.001469,3e-05,0.995883,0.000102,0.000116,2.6e-05,9e-05,1.7e-05,7.7e-05,0.001812,8e-06,4.5e-05,0.000243,8.2e-05
1010.jpg,/mnt/data1/spring/multimodal_project/data/images/1010.jpg,10,10,10,0.87875,1,0.000452,0.000577,0.000792,0.000388,0.000381,0.005556,0.001008,0.100731,0.0018,0.002275,0.87875,0.000437,0.00236,0.004492
845.jpg,/mnt/data1/spring/multimodal_project/data/images/845.jpg,9,9,9,0.515236,1,0.144176,0.000856,0.318637,0.00064,0.002049,7.3e-05,0.002469,0.013076,0.001065,0.515236,0.000286,0.000385,0.000452,0.0006
57.jpg,/mnt/data1/spring/multimodal_project/data/images/57.jpg,0,0,0,0.988077,1,0.988077,6.5e-05,0.009796,2.1e-05,2.2e-05,8e-06,3.4e-05,3.2e-05,2.1e-05,0.001885,3e-06,2.1e-05,1.5e-05,1e-06
1100.jpg,/mnt/data1/spring/multimodal_project/data/images/1100.jpg,11,11,11,0.994654,1,9.1e-05,0.000133,0.000167,4.5e-05,2.3e-05,0.00057,0.000119,0.001951,3.4e-05,0.001392,0.000454,0.994654,3e-06,0.000364
444.jpg,/mnt/data1/spring/multimodal_project/data/images/444.jpg,6,6,6,0.980939,1,0.000749,0.01002,0.000224,0.002559,0.002882,0.000233,0.980939,0.000738,0.000331,0.000172,9.7e-05,0.000466,0.000346,0.000243
592.jpg,/mnt/data1/spring/multimodal_project/data/images/592.jpg,7,7,7,0.998264,1,4.6e-05,2e-05,6.1e-05,3.1e-05,4.2e-05,0.000871,1.7e-05,0.998264,8e-06,2.5e-05,0.000565,1.6e-05,1.8e-05,1.5e-05
1031.jpg,/mnt/data1/spring/multimodal_project/data/images/1031.jpg,10,10,10,0.995839,1,1e-06,2e-06,4e-05,3e-06,6e-06,8e-06,2e-06,0.00407,2e-06,5e-06,0.995839,0.0,1e-06,2.2e-05
632.jpg,/mnt/data1/spring/multimodal_project/data/images/632.jpg,7,7,7,0.995042,1,0.000203,0.000137,0.000144,0.000156,0.000103,0.000377,0.000212,0.995042,0.000167,0.001267,0.000644,0.000673,0.00029,0.000587
981.jpg,/mnt/data1/spring/multimodal_project/data/images/981.jpg,10,10,10,0.999191,1,5e-06,4e-06,3.5e-05,9e-06,3.2e-05,0.00014,9e-06,0.000458,2.4e-05,6e-06,0.999191,3e-06,2e-06,8.3e-05
861.jpg,/mnt/data1/spring/multimodal_project/data/images/861.jpg,9,9,9,0.951757,1,0.000206,2.8e-05,8.5e-05,2e-05,1.4e-05,4.4e-05,2.4e-05,7e-06,0.044958,0.951757,0.000148,1.5e-05,9.7e-05,0.002597
587.jpg,/mnt/data1/spring/multimodal_project/data/images/587.jpg,7,7,7,0.999945,1,0.0,0.0,0.0,0.0,1e-06,2e-05,0.0,0.999945,0.0,0.0,3.3e-05,0.0,0.0,0.0
610.jpg,/mnt/data1/spring/multimodal_project/data/images/610.jpg,7,7,7,0.998,1,0.000652,0.000539,0.000156,9.9e-05,6.1e-05,7.4e-05,4.1e-05,0.998,4.6e-05,2.1e-05,0.000219,2.4e-05,5e-06,6.3e-05
706.jpg,/mnt/data1/spring/multimodal_project/data/images/706.jpg,8,8,8,0.979759,1,0.000145,1e-04,0.000281,2.7e-05,5.6e-05,3.6e-05,3.3e-05,5.1e-05,0.979759,0.004035,0.011068,2.6e-05,0.000876,0.003508
212.jpg,/mnt/data1/spring/multimodal_project/data/images/212.jpg,4,4,4,0.997587,1,3e-05,0.000329,5.3e-05,0.001637,0.997587,9e-06,0.000218,8.5e-05,2.7e-05,2e-06,2e-06,9e-06,1.2e-05,1e-06
1325.jpg,/mnt/data1/spring/multimodal_project/data/images/1325.jpg,13,13,13,0.924409,1,0.000227,0.001148,0.000664,0.000634,0.000403,0.001783,0.000293,0.006276,0.03476,0.002324,0.018085,0.001315,0.007679,0.924409
944.jpg,/mnt/data1/spring/multimodal_project/data/images/944.jpg,10,10,10,0.99968,1,1e-06,3e-06,1.6e-05,1.1e-05,5.5e-05,1.4e-05,7e-06,0.000174,1.1e-05,1.7e-05,0.99968,1e-06,1e-06,8e-06
876.jpg,/mnt/data1/spring/multimodal_project/data/images/876.jpg,9,9,9,0.998055,1,3e-05,1.3e-05,2.3e-05,1.1e-05,8e-06,1.1e-05,3e-05,0.000412,0.00042,0.998055,0.000505,0.000108,6e-06,0.000367
488.jpg,/mnt/data1/spring/multimodal_project/data/images/488.jpg,7,7,7,0.712603,1,0.000577,0.21426,0.01131,0.009707,0.003413,0.000982,0.00201,0.712603,0.000936,0.024506,0.004124,0.001473,0.000461,0.013638
247.jpg,/mnt/data1/spring/multimodal_project/data/images/247.jpg,4,4,4,0.958794,1,0.000568,0.001008,0.000148,0.033212,0.958794,3.1e-05,0.003476,0.00189,6e-05,0.000245,1.5e-05,6.9e-05,0.0003,0.000183
1328.jpg,/mnt/data1/spring/multimodal_project/data/images/1328.jpg,13,13,13,0.910074,1,0.000485,0.001178,0.001525,0.001404,0.000555,0.001864,0.001161,0.003014,0.025805,0.011563,0.031953,0.000535,0.008886,0.910074
695.jpg,/mnt/data1/spring/multimodal_project/data/images/695.jpg,7,7,7,0.934623,1,0.000161,0.000147,0.000236,0.000351,0.000748,0.033722,0.002596,0.934623,0.000447,0.000224,0.026025,0.000525,0.000149,4.5e-05
1214.jpg,/mnt/data1/spring/multimodal_project/data/images/1214.jpg,12,12,12,0.823376,1,0.000794,0.020456,0.001475,0.002822,0.005983,0.041866,0.086591,9.4e-05,0.000506,0.003083,0.000905,0.004274,0.823376,0.007776
1311.jpg,/mnt/data1/spring/multimodal_project/data/images/1311.jpg,13,13,13,0.97902,1,3.4e-05,0.000176,0.000382,8e-05,5.5e-05,6e-05,5.3e-05,0.00228,0.002254,0.009009,0.000743,4.5e-05,0.005807,0.97902
667.jpg,/mnt/data1/spring/multimodal_project/data/images/667.jpg,7,7,7,0.957466,1,0.000253,0.000109,0.000134,0.000204,0.000216,0.002399,0.000184,0.957466,4.3e-05,0.000579,0.037648,0.000114,0.000142,0.00051
1159.jpg,/mnt/data1/spring/multimodal_project/data/images/1159.jpg,11,11,11,0.993062,1,0.000141,6.5e-05,0.001081,8.4e-05,3.9e-05,4.7e-05,0.000152,0.002897,9.6e-05,0.0017,0.000518,0.993062,2.3e-05,9.5e-05
983.jpg,/mnt/data1/spring/multimodal_project/data/images/983.jpg,10,10,10,0.983737,1,4.3e-05,8.3e-05,0.000289,0.000118,0.000101,0.000313,6e-05,0.002933,0.001992,0.000537,0.983737,0.000194,0.000214,0.009384
396.jpg,/mnt/data1/spring/multimodal_project/data/images/396.jpg,5,5,5,0.99994,1,0.0,0.0,2e-06,1e-06,1e-06,0.99994,0.0,5.3e-05,0.0,0.0,2e-06,0.0,0.0,1e-06
1014.jpg,/mnt/data1/spring/multimodal_project/data/images/1014.jpg,10,10,10,0.999822,1,2e-06,0.0,2e-05,0.0,2e-06,1.4e-05,0.0,3.9e-05,2e-06,2.8e-05,0.999822,0.0,0.0,7.1e-05
365.jpg,/mnt/data1/spring/multimodal_project/data/images/365.jpg,5,5,5,0.883472,1,0.00064,0.000424,0.001523,0.000787,0.00102,0.883472,0.001812,0.015818,0.002177,0.000312,0.090621,0.000653,0.000428,0.000314
1071.jpg,/mnt/data1/spring/multimodal_project/data/images/1071.jpg,10,10,10,0.996578,1,2.4e-05,6e-06,4.3e-05,1.7e-05,8e-06,0.002569,2.6e-05,0.000447,3.9e-05,1.3e-05,0.996578,1e-05,3.6e-05,0.000185
1110.jpg,/mnt/data1/spring/multimodal_project/data/images/1110.jpg,11,11,11,0.996607,1,3.1e-05,0.000795,0.000112,5.9e-05,2.7e-05,0.001576,0.000213,0.000327,3e-05,0.000108,4.4e-05,0.996607,1.3e-05,5.8e-05
372.jpg,/mnt/data1/spring/multimodal_project/data/images/372.jpg,5,5,5,0.997846,1,2e-05,0.000281,2.6e-05,0.000218,2.5e-05,0.997846,1.2e-05,0.00023,3e-05,2e-06,0.000143,2.6e-05,0.001134,6e-06
631.jpg,/mnt/data1/spring/multimodal_project/data/images/631.jpg,7,7,7,0.99789,1,7e-05,4e-05,5.6e-05,3.6e-05,2.8e-05,1.4e-05,4.5e-05,0.99789,7.6e-05,0.000839,0.000405,0.000128,3.2e-05,0.000342
239.jpg,/mnt/data1/spring/multimodal_project/data/images/239.jpg,4,4,4,0.985778,1,0.000135,0.008473,5.5e-05,0.000504,0.985778,2.7e-05,0.001879,0.003033,6.1e-05,1.1e-05,5e-06,1.7e-05,1.6e-05,5e-06
1161.jpg,/mnt/data1/spring/multimodal_project/data/images/1161.jpg,11,11,11,0.999404,1,1.3e-05,0.000161,4.7e-05,0.000104,5.6e-05,1.9e-05,3.7e-05,1.7e-05,4.9e-05,3.1e-05,2.5e-05,0.999404,5e-06,3.2e-05
486.jpg,/mnt/data1/spring/multimodal_project/data/images/486.jpg,7,7,7,0.998752,1,2.6e-05,0.000124,0.000146,0.000242,0.000101,0.000175,3e-05,0.998752,0.00013,9.9e-05,3.8e-05,2e-06,0.000131,6e-06
342.jpg,/mnt/data1/spring/multimodal_project/data/images/342.jpg,5,5,5,0.984265,1,6.1e-05,1.6e-05,3.7e-05,1.2e-05,3.1e-05,0.984265,1e-05,0.000142,0.00051,1.5e-05,0.014718,3e-06,9.3e-05,8.6e-05
782.jpg,/mnt/data1/spring/multimodal_project/data/images/782.jpg,8,8,8,0.984787,1,0.000146,0.000218,0.000211,6e-05,0.000122,0.000783,0.000117,0.000352,0.984787,0.003765,0.002051,0.000179,0.005102,0.002107
673.jpg,/mnt/data1/spring/multimodal_project/data/images/673.jpg,7,7,7,0.998652,1,1.9e-05,1.9e-05,2.1e-05,3.9e-05,4.7e-05,0.000163,2.4e-05,0.998652,4e-06,5.3e-05,0.000834,2.4e-05,2.8e-05,7.3e-05
537.jpg,/mnt/data1/spring/multimodal_project/data/images/537.jpg,7,7,7,0.447388,1,0.010692,0.012018,0.011038,0.003673,0.003469,0.142193,0.012703,0.447388,0.089147,0.023281,0.013317,0.094476,0.021708,0.114894
803.jpg,/mnt/data1/spring/multimodal_project/data/images/803.jpg,8,8,8,0.918789,1,0.04205,0.000164,0.003317,0.000104,8e-06,2e-06,2.6e-05,0.000221,0.918789,0.033409,0.000463,0.000229,0.000603,0.000613
540.jpg,/mnt/data1/spring/multimodal_project/data/images/540.jpg,7,7,7,0.998637,1,1.9e-05,6e-05,1.8e-05,5.2e-05,2.6e-05,0.000114,2.6e-05,0.998637,8.4e-05,0.000351,0.000119,0.000321,4.8e-05,0.000126
1323.jpg,/mnt/data1/spring/multimodal_project/data/images/1323.jpg,13,13,13,0.979052,1,0.000216,0.000548,0.000218,0.000134,0.000152,0.000859,0.001182,0.001465,0.000423,0.005287,0.006175,0.00104,0.00325,0.979052
45.jpg,/mnt/data1/spring/multimodal_project/data/images/45.jpg,0,0,0,0.973217,1,0.973217,5.6e-05,0.023622,7.7e-05,0.000102,1.6e-05,4e-05,9.8e-05,2.2e-05,0.002683,3e-06,5e-05,8e-06,6e-06
1194.jpg,/mnt/data1/spring/multimodal_project/data/images/1194.jpg,12,12,12,0.978499,1,2.4e-05,9.8e-05,0.000301,7.5e-05,4.7e-05,0.000177,6.9e-05,3.7e-05,0.000444,1.9e-05,0.000248,3.1e-05,0.978499,0.019932
1321.jpg,/mnt/data1/spring/multimodal_project/data/images/1321.jpg,13,13,13,0.96559,1,7.3e-05,0.000419,0.000259,0.00012,0.000137,0.000157,0.000252,0.000844,0.003923,0.02158,0.000866,0.000179,0.0056,0.96559
793.jpg,/mnt/data1/spring/multimodal_project/data/images/793.jpg,8,8,10,0.545676,0,0.000864,0.001222,0.006294,0.006096,0.001981,0.071497,0.001587,0.002171,0.337551,0.013906,0.545676,0.001053,0.002158,0.007943
248.jpg,/mnt/data1/spring/multimodal_project/data/images/248.jpg,4,4,4,0.74716,1,0.000372,0.001623,0.081344,0.141165,0.74716,0.009911,0.008524,0.004999,0.000351,0.000316,8.7e-05,0.002721,0.000264,0.001162
1001.jpg,/mnt/data1/spring/multimodal_project/data/images/1001.jpg,10,10,10,0.99935,1,6e-06,1.2e-05,2.3e-05,1e-05,2.6e-05,0.000434,1.3e-05,4.8e-05,5.5e-05,7e-06,0.99935,5e-06,3e-06,8e-06
574.jpg,/mnt/data1/spring/multimodal_project/data/images/574.jpg,7,7,7,0.99996,1,1e-06,1e-06,1e-06,2e-06,2e-06,1e-06,2e-06,0.99996,0.0,1.8e-05,9e-06,2e-06,1e-06,2e-06
167.jpg,/mnt/data1/spring/multimodal_project/data/images/167.jpg,3,3,3,0.987404,1,0.000168,0.006546,0.000648,0.987404,0.002612,0.000211,0.001273,0.000301,5.3e-05,0.000107,4.1e-05,0.000233,0.00037,3.3e-05
749.jpg,/mnt/data1/spring/multimodal_project/data/images/749.jpg,8,8,8,0.725384,1,0.000589,0.001081,0.001525,0.000911,0.001615,0.00313,0.000589,0.024014,0.725384,0.001944,0.220097,0.000559,0.01495,0.00361
694.jpg,/mnt/data1/spring/multimodal_project/data/images/694.jpg,7,7,7,0.928158,1,0.000105,0.00012,0.000365,0.000251,0.000585,0.0321,0.000434,0.928158,9.9e-05,6.5e-05,0.037493,0.000122,7.4e-05,3e-05
194.jpg,/mnt/data1/spring/multimodal_project/data/images/194.jpg,3,3,3,0.991914,1,3e-05,0.006642,6.7e-05,0.991914,0.000773,6e-06,1.9e-05,0.000293,7.6e-05,1e-05,8.5e-05,1.3e-05,1.3e-05,5.8e-05
470.jpg,/mnt/data1/spring/multimodal_project/data/images/470.jpg,6,6,6,0.997503,1,3.3e-05,0.00011,1.9e-05,0.001286,5.1e-05,4.9e-05,0.997503,7.1e-05,0.000111,6e-06,5e-06,0.000708,3.3e-05,1.5e-05
578.jpg,/mnt/data1/spring/multimodal_project/data/images/578.jpg,7,7,7,0.999658,1,2e-06,3e-06,2e-06,2e-06,3e-06,1e-06,1e-06,0.999658,4e-06,2.7e-05,0.00029,3e-06,3e-06,1e-06
1042.jpg,/mnt/data1/spring/multimodal_project/data/images/1042.jpg,10,10,10,0.999849,1,3e-06,2e-06,4e-06,1e-06,2e-06,4e-05,1e-06,4.5e-05,2.7e-05,6e-06,0.999849,0.0,4e-06,1.5e-05
328.jpg,/mnt/data1/spring/multimodal_project/data/images/328.jpg,5,5,5,0.989222,1,4.6e-05,5.6e-05,0.000409,7.6e-05,3.6e-05,0.989222,4.4e-05,8.1e-05,0.000276,2e-05,8.8e-05,0.000292,0.009103,0.000249
1182.jpg,/mnt/data1/spring/multimodal_project/data/images/1182.jpg,12,12,12,0.992143,1,4.4e-05,0.000142,0.000528,0.000129,6.7e-05,8.7e-05,5.4e-05,9e-05,0.000632,5.7e-05,0.000119,6.4e-05,0.992143,0.005843
416.jpg,/mnt/data1/spring/multimodal_project/data/images/416.jpg,6,6,6,0.998129,1,1.8e-05,0.000292,6e-06,4.8e-05,0.00077,9.8e-05,0.998129,8.1e-05,1.7e-05,1.6e-05,5e-06,0.00048,1.5e-05,2.5e-05
146.jpg,/mnt/data1/spring/multimodal_project/data/images/146.jpg,2,2,2,0.999174,1,0.000238,2.8e-05,0.999174,2.6e-05,5.7e-05,3e-06,1.6e-05,1.2e-05,1e-05,0.000415,6e-06,4e-06,1e-05,2e-06
481.jpg,/mnt/data1/spring/multimodal_project/data/images/481.jpg,7,7,7,0.979156,1,6e-05,0.000185,0.000594,0.000243,0.000365,0.000126,7.8e-05,0.979156,4.9e-05,0.000722,0.017855,1.7e-05,5.3e-05,0.000497
573.jpg,/mnt/data1/spring/multimodal_project/data/images/573.jpg,7,7,7,0.801485,1,0.00804,0.002462,0.029907,0.000614,0.001276,0.041008,0.001163,0.801485,0.04151,0.01855,0.021198,0.006966,0.006083,0.019737
276.jpg,/mnt/data1/spring/multimodal_project/data/images/276.jpg,5,5,5,0.992439,1,2.3e-05,3.9e-05,0.000277,0.001984,0.000122,0.992439,5.5e-05,0.000971,0.000119,2e-06,0.003724,2.5e-05,0.000157,6.2e-05
740.jpg,/mnt/data1/spring/multimodal_project/data/images/740.jpg,8,8,8,0.895147,1,0.002771,0.002138,0.003465,0.000789,0.000752,0.000884,0.000686,0.03029,0.895147,0.008446,0.012408,0.005465,0.014677,0.022083
95.jpg,/mnt/data1/spring/multimodal_project/data/images/95.jpg,1,1,1,0.99401,1,1.6e-05,0.99401,5.3e-05,0.003537,0.000185,4e-06,0.002063,5.1e-05,1.4e-05,1.3e-05,5e-06,2.7e-05,1.1e-05,1.1e-05
700.jpg,/mnt/data1/spring/multimodal_project/data/images/700.jpg,7,7,7,0.956135,1,0.000457,0.002129,0.000157,0.002593,0.024073,0.005899,0.006584,0.956135,6.2e-05,0.000121,0.001483,0.000207,7.5e-05,2.5e-05
874.jpg,/mnt/data1/spring/multimodal_project/data/images/874.jpg,9,9,9,0.949008,1,0.000431,0.000268,0.000264,0.00031,0.000346,0.00081,0.000402,0.013857,0.018085,0.949008,0.005593,0.00032,0.000312,0.009994
549.jpg,/mnt/data1/spring/multimodal_project/data/images/549.jpg,7,7,7,0.988037,1,5.5e-05,0.000229,5.5e-05,0.000439,0.000191,0.006232,9.5e-05,0.988037,0.000453,0.000824,0.002314,0.000186,7.6e-05,0.000813
93.jpg,/mnt/data1/spring/multimodal_project/data/images/93.jpg,1,1,1,0.881949,1,2.7e-05,0.881949,3.7e-05,0.117208,0.000202,7e-06,0.00045,4.6e-05,1.1e-05,4e-06,2e-06,1.9e-05,5e-06,3.6e-05
271.jpg,/mnt/data1/spring/multimodal_project/data/images/271.jpg,5,5,5,0.999272,1,1e-06,3e-06,6.1e-05,7e-06,7.7e-05,0.999272,1.1e-05,0.000211,1.3e-05,1e-06,5.8e-05,1e-05,0.000273,1e-06
1107.jpg,/mnt/data1/spring/multimodal_project/data/images/1107.jpg,11,11,11,0.998533,1,1.1e-05,8.8e-05,0.000112,2.2e-05,1.6e-05,0.000468,1.5e-05,4.5e-05,8e-06,0.000148,2e-05,0.998533,1.2e-05,0.000503
501.jpg,/mnt/data1/spring/multimodal_project/data/images/501.jpg,7,7,7,0.998023,1,2.1e-05,1.3e-05,3.8e-05,5.4e-05,0.001211,0.000143,2.8e-05,0.998023,7e-06,1.1e-05,0.000403,5e-06,4.3e-05,1e-06
1390.jpg,/mnt/data1/spring/multimodal_project/data/images/1390.jpg,13,13,13,0.873798,1,0.001482,0.00391,0.000561,0.002388,0.004229,0.000477,0.001536,0.093918,0.003462,0.010863,0.000108,0.000534,0.002733,0.873798
90.jpg,/mnt/data1/spring/multimodal_project/data/images/90.jpg,1,1,1,0.921264,1,8e-06,0.921264,3e-06,0.078536,2.7e-05,4e-06,0.000113,2.6e-05,2e-06,0.0,1e-06,2e-06,3e-06,1e-05
933.jpg,/mnt/data1/spring/multimodal_project/data/images/933.jpg,9,9,9,0.936715,1,5.6e-05,0.000172,0.000105,5.1e-05,8.6e-05,1.2e-05,0.000127,0.000392,0.001966,0.936715,4.2e-05,3.7e-05,7.4e-05,0.060164
478.jpg,/mnt/data1/spring/multimodal_project/data/images/478.jpg,7,7,7,0.999836,1,4e-06,2e-06,1e-06,5e-06,1e-05,0.0,0.0,0.999836,0.0,2e-06,0.000138,0.0,0.0,1e-06
484.jpg,/mnt/data1/spring/multimodal_project/data/images/484.jpg,7,7,7,0.978667,1,0.000282,0.001629,0.002083,0.000564,0.001095,0.000877,0.000526,0.978667,7.1e-05,0.001496,0.011617,0.000556,0.000376,0.000161
777.jpg,/mnt/data1/spring/multimodal_project/data/images/777.jpg,8,8,8,0.958184,1,0.000436,0.00087,0.001414,0.000267,0.000725,0.002946,0.000633,0.006004,0.958184,0.005357,0.003365,0.000436,0.013866,0.005496
1295.jpg,/mnt/data1/spring/multimodal_project/data/images/1295.jpg,13,13,13,0.928144,1,0.000195,0.000407,0.002835,0.000291,0.00019,7e-05,0.000187,0.001918,0.01997,0.008073,0.033003,0.000291,0.004427,0.928144
653.jpg,/mnt/data1/spring/multimodal_project/data/images/653.jpg,7,7,7,0.994616,1,9e-06,7e-06,3.1e-05,1.6e-05,2.7e-05,2.4e-05,2.5e-05,0.994616,6e-06,5.3e-05,0.005155,6e-06,5e-06,2e-05
1330.jpg,/mnt/data1/spring/multimodal_project/data/images/1330.jpg,13,13,13,0.99459,1,5.4e-05,4.7e-05,6.2e-05,0.000158,4.8e-05,0.000368,2e-05,0.000371,0.00025,0.001563,0.000975,3.5e-05,0.001459,0.99459
1210.jpg,/mnt/data1/spring/multimodal_project/data/images/1210.jpg,12,12,12,0.980379,1,0.00044,0.000351,0.000376,0.000205,0.000256,0.000227,0.000402,0.000621,0.001396,0.00744,6.8e-05,9.3e-05,0.980379,0.007746
1247.jpg,/mnt/data1/spring/multimodal_project/data/images/1247.jpg,12,12,12,0.981833,1,5.3e-05,0.000464,0.000556,0.0002,0.000177,0.005361,0.000227,0.000157,0.003832,0.000261,0.000638,0.000245,0.981833,0.005997
516.jpg,/mnt/data1/spring/multimodal_project/data/images/516.jpg,7,7,7,0.988606,1,0.000152,0.000357,0.000183,0.000374,0.000305,0.002175,0.000122,0.988606,0.000839,0.001606,0.003085,0.000379,0.000917,0.000899
1113.jpg,/mnt/data1/spring/multimodal_project/data/images/1113.jpg,11,11,11,0.945297,1,0.000797,0.004622,0.000302,0.001251,0.000749,0.016062,0.002676,0.009048,0.002679,0.008739,0.003455,0.945297,0.00076,0.003563
1088.jpg,/mnt/data1/spring/multimodal_project/data/images/1088.jpg,10,10,10,0.999972,1,1e-06,0.0,7e-06,0.0,4e-06,1e-06,0.0,2e-06,7e-06,1e-06,0.999972,0.0,3e-06,3e-06
184.jpg,/mnt/data1/spring/multimodal_project/data/images/184.jpg,3,3,3,0.960928,1,0.000199,0.01793,0.000271,0.960928,0.002574,0.000216,0.000909,0.014035,0.000101,0.000221,0.000531,0.000372,0.000401,0.001313
1179.jpg,/mnt/data1/spring/multimodal_project/data/images/1179.jpg,12,12,12,0.982318,1,0.000116,0.000487,0.004435,0.00041,0.000459,0.00108,0.00049,0.000395,0.000744,5.7e-05,0.000465,0.000821,0.982318,0.007722
634.jpg,/mnt/data1/spring/multimodal_project/data/images/634.jpg,7,7,7,0.991195,1,7.3e-05,4.4e-05,3.6e-05,6.7e-05,5.6e-05,0.000351,6.9e-05,0.991195,0.000111,0.000205,0.007525,6.8e-05,0.000101,9.9e-05
779.jpg,/mnt/data1/spring/multimodal_project/data/images/779.jpg,8,8,8,0.908964,1,0.000541,0.000777,0.000311,0.000105,0.000125,0.001714,0.000233,0.00112,0.908964,0.07571,0.000711,0.000637,0.001674,0.007379
81.jpg,/mnt/data1/spring/multimodal_project/data/images/81.jpg,1,1,1,0.965471,1,5.7e-05,0.965471,2.6e-05,0.032682,0.00025,8e-06,0.000802,0.000691,2e-06,1e-06,1e-06,1e-06,1e-06,7e-06
442.jpg,/mnt/data1/spring/multimodal_project/data/images/442.jpg,6,6,6,0.993415,1,0.000101,0.002233,0.000129,0.000894,0.002181,5.9e-05,0.993415,0.00011,6.4e-05,0.000206,4.8e-05,0.000302,8.5e-05,0.000172
972.jpg,/mnt/data1/spring/multimodal_project/data/images/972.jpg,10,10,10,0.997487,1,1.1e-05,1.4e-05,4.7e-05,4e-05,2.4e-05,0.000568,1.5e-05,0.000288,0.00027,7.1e-05,0.997487,7e-06,8.1e-05,0.001078
1310.jpg,/mnt/data1/spring/multimodal_project/data/images/1310.jpg,13,13,13,0.859342,1,0.00026,0.00048,0.00041,0.000391,0.000378,0.000545,0.00058,0.017402,0.018249,0.082421,0.016991,0.000447,0.002102,0.859342
660.jpg,/mnt/data1/spring/multimodal_project/data/images/660.jpg,7,7,7,0.970894,1,0.000313,0.000228,0.000142,0.00024,0.000101,0.023618,0.000169,0.970894,7.3e-05,0.00036,0.003508,0.00023,8.3e-05,4.3e-05
1004.jpg,/mnt/data1/spring/multimodal_project/data/images/1004.jpg,10,10,10,0.998616,1,4e-06,7e-06,8e-06,1e-05,3.1e-05,0.000216,7e-06,0.000986,4.2e-05,1.6e-05,0.998616,7e-06,7e-06,4.1e-05
954.jpg,/mnt/data1/spring/multimodal_project/data/images/954.jpg,10,10,10,0.999516,1,8e-06,6e-06,1.9e-05,8e-06,2.3e-05,4.5e-05,1.1e-05,0.000211,7.6e-05,2.6e-05,0.999516,2e-06,5e-06,4.3e-05
1281.jpg,/mnt/data1/spring/multimodal_project/data/images/1281.jpg,12,12,12,0.787581,1,1.5e-05,7.1e-05,0.002457,4.2e-05,6.4e-05,0.000119,0.000166,1e-05,0.202214,0.000672,2.6e-05,8.7e-05,0.787581,0.006477
168.jpg,/mnt/data1/spring/multimodal_project/data/images/168.jpg,3,3,3,0.975522,1,0.000362,0.015322,0.001077,0.975522,0.003175,0.000302,0.002177,0.000777,0.00011,0.000102,8.3e-05,0.000257,0.000683,5.3e-05
1257.jpg,/mnt/data1/spring/multimodal_project/data/images/1257.jpg,12,12,12,0.943478,1,0.000281,9.8e-05,0.000628,0.000135,0.000202,0.000903,0.000197,4.3e-05,0.047998,0.000199,0.00111,0.000146,0.943478,0.004582
458.jpg,/mnt/data1/spring/multimodal_project/data/images/458.jpg,6,6,6,0.997341,1,7.2e-05,0.001785,8.9e-05,9.8e-05,6.2e-05,7e-06,0.997341,7.6e-05,1.7e-05,0.000374,3e-06,3.6e-05,3.1e-05,1e-05
1130.jpg,/mnt/data1/spring/multimodal_project/data/images/1130.jpg,11,11,11,0.995276,1,0.000112,0.000121,5.5e-05,7.8e-05,2.5e-05,0.000329,0.000588,0.002135,0.00019,0.000265,0.0006,0.995276,2e-05,0.000207
386.jpg,/mnt/data1/spring/multimodal_project/data/images/386.jpg,5,5,5,0.999796,1,9e-06,3e-06,1.2e-05,9e-06,8e-06,0.999796,2e-06,7.3e-05,1e-06,0.0,6.1e-05,2e-06,1.8e-05,7e-06
466.jpg,/mnt/data1/spring/multimodal_project/data/images/466.jpg,6,6,6,0.996356,1,9e-06,0.003066,3e-06,0.000177,0.00022,4e-06,0.996356,0.000104,4e-06,5e-06,0.0,5e-05,1e-06,1e-06
728.jpg,/mnt/data1/spring/multimodal_project/data/images/728.jpg,8,8,8,0.954035,1,0.001419,0.000636,0.000951,0.000163,0.000107,0.00252,0.000182,0.000161,0.954035,0.009265,0.004769,0.000423,0.003771,0.021599
837.jpg,/mnt/data1/spring/multimodal_project/data/images/837.jpg,9,9,9,0.999635,1,2e-05,2e-06,1e-05,3e-06,2e-06,0.0,1e-06,6e-06,0.000271,0.999635,2e-06,1e-06,6e-06,4.2e-05
835.jpg,/mnt/data1/spring/multimodal_project/data/images/835.jpg,9,9,9,0.998002,1,1.6e-05,1.4e-05,1.8e-05,7e-06,7e-06,5e-06,7e-06,0.000138,0.001432,0.998002,1.8e-05,4e-06,7e-06,0.000326
1102.jpg,/mnt/data1/spring/multimodal_project/data/images/1102.jpg,11,11,11,0.991291,1,0.000125,0.000573,0.000295,0.000561,0.000249,0.001137,0.000693,0.001153,0.000553,0.000557,0.002133,0.991291,0.000114,0.000567
1199.jpg,/mnt/data1/spring/multimodal_project/data/images/1199.jpg,12,12,12,0.996956,1,2.8e-05,1.4e-05,8.7e-05,1.4e-05,2.6e-05,2e-05,2e-05,2.1e-05,0.00094,7e-06,7.2e-05,1.3e-05,0.996956,0.001783
720.jpg,/mnt/data1/spring/multimodal_project/data/images/720.jpg,8,8,8,0.948754,1,0.00063,0.000538,0.001621,0.000176,0.000153,0.000166,0.000193,0.000556,0.948754,0.006208,0.006649,0.000188,0.006361,0.027806
1109.jpg,/mnt/data1/spring/multimodal_project/data/images/1109.jpg,11,11,11,0.999666,1,8e-06,2.6e-05,4.4e-05,3e-06,4e-06,1.8e-05,8e-06,1.2e-05,6e-06,8e-05,5.6e-05,0.999666,4e-06,6.4e-05
5.jpg,/mnt/data1/spring/multimodal_project/data/images/5.jpg,0,0,0,0.668122,1,0.668122,0.000673,0.07712,0.000238,0.000353,3.8e-05,0.000984,0.001457,0.214079,0.006958,0.000689,0.00991,0.014924,0.004454
359.jpg,/mnt/data1/spring/multimodal_project/data/images/359.jpg,5,5,5,0.826904,1,0.000222,0.000613,0.00105,0.000166,8.7e-05,0.826904,0.000309,0.00287,0.000102,5.7e-05,0.16623,0.000687,0.000507,0.000196
1230.jpg,/mnt/data1/spring/multimodal_project/data/images/1230.jpg,12,12,12,0.987483,1,4.5e-05,0.000156,0.000614,0.000369,5e-05,0.005073,6.3e-05,2.4e-05,0.000428,4.2e-05,0.000225,6.9e-05,0.987483,0.00536
625.jpg,/mnt/data1/spring/multimodal_project/data/images/625.jpg,7,7,7,0.946403,1,7.9e-05,3.6e-05,0.000103,6.9e-05,8.2e-05,0.000223,0.000107,0.946403,7.2e-05,0.000294,0.051975,5.3e-05,3.9e-05,0.000465
787.jpg,/mnt/data1/spring/multimodal_project/data/images/787.jpg,8,8,8,0.847458,1,0.000485,0.000962,0.000324,8.9e-05,0.00021,0.001039,0.000361,0.000793,0.847458,0.125956,0.000249,0.000301,0.006419,0.015354
125.jpg,/mnt/data1/spring/multimodal_project/data/images/125.jpg,2,2,2,0.997861,1,0.000786,9e-06,0.997861,1e-05,1.6e-05,1e-06,1.6e-05,9e-06,8e-06,0.001239,7e-06,2.3e-05,1.2e-05,4e-06
379.jpg,/mnt/data1/spring/multimodal_project/data/images/379.jpg,5,5,5,0.999644,1,3e-06,7e-06,2.7e-05,1.2e-05,1.5e-05,0.999644,4e-06,0.000154,1e-06,0.0,0.000116,1e-06,1.5e-05,1e-06
405.jpg,/mnt/data1/spring/multimodal_project/data/images/405.jpg,5,5,5,0.992068,1,9.7e-05,7.4e-05,8.6e-05,0.001492,0.000178,0.992068,0.000134,0.000302,2e-05,5e-06,0.004919,2.1e-05,0.000554,5e-05
242.jpg,/mnt/data1/spring/multimodal_project/data/images/242.jpg,4,4,4,0.998862,1,2.4e-05,0.000194,3e-06,0.000265,0.998862,1.3e-05,0.00058,4e-05,1.1e-05,0.0,1e-06,6e-06,1e-06,0.0
262.jpg,/mnt/data1/spring/multimodal_project/data/images/262.jpg,5,5,5,0.999897,1,0.0,7e-06,1e-06,6e-06,0.0,0.999897,5e-06,0.0,3e-05,0.0,1e-06,1e-06,5.2e-05,0.0
82.jpg,/mnt/data1/spring/multimodal_project/data/images/82.jpg,1,1,1,0.848169,1,0.00294,0.848169,0.001583,0.131192,0.004197,0.000154,0.009509,0.001213,0.000112,0.000263,2.5e-05,0.00011,0.000491,4.3e-05
1008.jpg,/mnt/data1/spring/multimodal_project/data/images/1008.jpg,10,10,10,0.999708,1,3e-06,2e-06,3.8e-05,1e-06,3e-06,1.2e-05,2e-06,0.000122,7.7e-05,2e-06,0.999708,0.0,2e-06,2.9e-05
1241.jpg,/mnt/data1/spring/multimodal_project/data/images/1241.jpg,12,12,12,0.950625,1,0.000353,0.00057,0.000689,0.00153,0.000468,0.034159,0.000432,0.002201,0.004604,0.000745,0.001047,0.00031,0.950625,0.002267
1368.jpg,/mnt/data1/spring/multimodal_project/data/images/1368.jpg,13,13,13,0.995302,1,3.4e-05,0.00024,3.1e-05,5.5e-05,6.8e-05,2.3e-05,3e-05,0.000345,0.000249,0.00207,0.000643,0.000197,0.000714,0.995302
930.jpg,/mnt/data1/spring/multimodal_project/data/images/930.jpg,9,9,9,0.996566,1,8.3e-05,2e-06,0.000495,4e-06,4e-06,0.0,2e-06,0.00011,0.000545,0.996566,1e-06,2e-06,2.7e-05,0.00216
1104.jpg,/mnt/data1/spring/multimodal_project/data/images/1104.jpg,11,11,11,0.998361,1,3.3e-05,0.000244,0.000174,5.1e-05,1.5e-05,5.3e-05,9.1e-05,0.000117,7e-06,0.000502,0.000135,0.998361,1.5e-05,0.000203
426.jpg,/mnt/data1/spring/multimodal_project/data/images/426.jpg,6,6,6,0.989008,1,4.3e-05,0.006606,3.1e-05,0.00246,0.001446,2e-05,0.989008,7.3e-05,9.2e-05,5.9e-05,4e-06,0.000108,1.8e-05,3.3e-05
321.jpg,/mnt/data1/spring/multimodal_project/data/images/321.jpg,5,5,5,0.99892,1,5e-05,8e-06,0.000471,3.5e-05,7.5e-05,0.99892,1.2e-05,0.000257,1e-05,4e-06,6.6e-05,5.1e-05,3e-05,1.1e-05
1331.jpg,/mnt/data1/spring/multimodal_project/data/images/1331.jpg,13,13,13,0.574846,1,0.00071,0.002607,0.007585,0.002897,0.002841,0.019889,0.004785,0.004197,0.094791,0.001796,0.17589,0.002684,0.104484,0.574846
591.jpg,/mnt/data1/spring/multimodal_project/data/images/591.jpg,7,7,7,0.997262,1,1.9e-05,1.6e-05,2.3e-05,1.9e-05,3.1e-05,8.5e-05,2.5e-05,0.997262,2.3e-05,5.6e-05,0.002319,2.1e-05,5.8e-05,4.3e-05
808.jpg,/mnt/data1/spring/multimodal_project/data/images/808.jpg,8,8,8,0.99864,1,2.9e-05,3.6e-05,0.000679,0.000182,3.9e-05,5e-06,1.1e-05,1.2e-05,0.99864,0.000115,6e-06,1e-06,9e-05,0.000157
1149.jpg,/mnt/data1/spring/multimodal_project/data/images/1149.jpg,11,11,11,0.99631,1,0.00052,0.000114,0.001784,1.6e-05,4.2e-05,2.6e-05,1.7e-05,5.4e-05,5.7e-05,0.000199,1.4e-05,0.99631,5.5e-05,0.000792
101.jpg,/mnt/data1/spring/multimodal_project/data/images/101.jpg,2,2,2,0.997815,1,0.001504,1e-05,0.997815,2.8e-05,2.1e-05,8e-06,4e-05,3e-06,2.5e-05,0.000388,5e-06,1.6e-05,0.000117,2.1e-05
237.jpg,/mnt/data1/spring/multimodal_project/data/images/237.jpg,4,4,4,0.985977,1,7.1e-05,0.01142,1.3e-05,0.000276,0.985977,2.1e-05,0.001906,0.000155,2.5e-05,7e-05,9e-06,2e-05,3e-05,6e-06
41.jpg,/mnt/data1/spring/multimodal_project/data/images/41.jpg,0,0,0,0.95192,1,0.95192,0.000255,0.046309,6.9e-05,7.8e-05,2e-06,7.1e-05,1.9e-05,0.000122,0.001018,1e-05,1e-05,6.3e-05,5.5e-05
188.jpg,/mnt/data1/spring/multimodal_project/data/images/188.jpg,3,3,3,0.972383,1,0.000208,0.017423,0.000971,0.972383,0.002981,0.000133,0.000222,0.002674,0.000204,0.000247,0.000923,0.000144,0.000641,0.000845
291.jpg,/mnt/data1/spring/multimodal_project/data/images/291.jpg,5,5,5,0.998414,1,9e-06,1.7e-05,0.000115,2.1e-05,7.5e-05,0.998414,2e-05,0.000699,4.6e-05,1e-05,0.000118,2.9e-05,0.000417,1e-05
9.jpg,/mnt/data1/spring/multimodal_project/data/images/9.jpg,0,0,0,0.855343,1,0.855343,0.000125,0.106667,0.000123,0.000254,2.6e-05,0.000366,9e-05,4.6e-05,0.036864,6e-06,7.4e-05,1.5e-05,3e-06
52.jpg,/mnt/data1/spring/multimodal_project/data/images/52.jpg,0,0,0,0.603571,1,0.603571,4.3e-05,0.392002,1e-04,0.000161,6.5e-05,0.000102,6.6e-05,3.2e-05,0.003746,1.8e-05,3.3e-05,5.3e-05,9e-06
402.jpg,/mnt/data1/spring/multimodal_project/data/images/402.jpg,5,5,5,0.98453,1,2e-06,3e-06,2e-06,1.1e-05,5e-06,0.98453,1e-06,6.5e-05,0.000111,0.0,0.015236,0.0,2.8e-05,5e-06
1244.jpg,/mnt/data1/spring/multimodal_project/data/images/1244.jpg,12,12,12,0.967906,1,8.1e-05,0.000329,0.000935,0.000288,0.000388,0.017729,0.000368,0.004623,0.001557,0.00018,0.002737,0.000539,0.967906,0.002338
1353.jpg,/mnt/data1/spring/multimodal_project/data/images/1353.jpg,13,13,13,0.87259,1,0.000434,0.000497,0.000664,0.000286,0.000234,0.000198,0.000292,0.00385,0.03374,0.080174,0.002832,0.00104,0.003168,0.87259
480.jpg,/mnt/data1/spring/multimodal_project/data/images/480.jpg,7,7,7,0.99237,1,0.001437,0.000319,0.000845,0.000655,0.001127,0.000483,0.000394,0.99237,0.001004,0.000601,0.000219,5e-05,0.000428,6.8e-05
1277.jpg,/mnt/data1/spring/multimodal_project/data/images/1277.jpg,12,12,12,0.996547,1,4e-06,1e-06,0.000548,1.1e-05,3e-06,0.001163,2e-06,0.0,0.000573,0.0,0.000394,0.0,0.996547,0.000754
317.jpg,/mnt/data1/spring/multimodal_project/data/images/317.jpg,5,5,5,0.990138,1,0.000102,0.000353,0.000489,0.000135,0.000177,0.990138,0.000103,0.000437,0.004026,7.2e-05,0.001085,0.000718,0.002034,0.000131
823.jpg,/mnt/data1/spring/multimodal_project/data/images/823.jpg,9,9,9,0.954236,1,0.001826,0.000189,0.000635,0.000107,0.000129,1.1e-05,3.7e-05,0.001657,0.011731,0.954236,0.000105,5.1e-05,0.000223,0.029062
1226.jpg,/mnt/data1/spring/multimodal_project/data/images/1226.jpg,12,12,12,0.914541,1,0.000175,0.001165,0.000372,0.001259,0.000344,0.07312,0.000499,0.000265,0.005215,7.4e-05,0.001227,0.00044,0.914541,0.001303
1005.jpg,/mnt/data1/spring/multimodal_project/data/images/1005.jpg,10,10,10,0.997979,1,6e-06,1.5e-05,4.8e-05,1.6e-05,2.5e-05,0.00064,1.5e-05,0.000565,0.000346,0.000228,0.997979,3e-06,7e-06,0.000107
584.jpg,/mnt/data1/spring/multimodal_project/data/images/584.jpg,7,7,7,0.979364,1,1.3e-05,7e-06,3.6e-05,1e-05,5.8e-05,7.6e-05,1e-05,0.979364,1.3e-05,0.000146,0.020225,1e-06,1.8e-05,2.2e-05
495.jpg,/mnt/data1/spring/multimodal_project/data/images/495.jpg,7,7,7,0.991934,1,0.000152,0.00236,0.001452,0.001094,0.00065,0.000143,0.000145,0.991934,0.000483,0.00082,0.000232,0.000145,6.2e-05,0.000327
1058.jpg,/mnt/data1/spring/multimodal_project/data/images/1058.jpg,10,10,10,0.99716,1,4.7e-05,1.4e-05,6.8e-05,1.7e-05,8.3e-05,0.0003,3.3e-05,0.001996,4.9e-05,0.000162,0.99716,5e-06,1.4e-05,5.1e-05
1141.jpg,/mnt/data1/spring/multimodal_project/data/images/1141.jpg,11,11,11,0.999886,1,7e-06,2e-06,4.7e-05,1e-06,0.0,1e-06,7e-06,2.5e-05,0.0,6e-06,6e-06,0.999886,0.0,1e-05
140.jpg,/mnt/data1/spring/multimodal_project/data/images/140.jpg,2,2,2,0.932077,1,0.065447,5.3e-05,0.932077,1.7e-05,2.8e-05,2e-06,0.000139,5e-06,3e-06,0.002133,2e-06,1e-05,8.1e-05,4e-06
1085.jpg,/mnt/data1/spring/multimodal_project/data/images/1085.jpg,10,10,10,0.999795,1,1e-05,1e-06,2.6e-05,7e-06,3.1e-05,4.9e-05,0.0,2.2e-05,1.6e-05,7e-06,0.999795,3e-06,1.1e-05,2.3e-05
1326.jpg,/mnt/data1/spring/multimodal_project/data/images/1326.jpg,13,13,13,0.938294,1,7.8e-05,0.000635,0.000751,0.000753,0.000353,0.000792,0.000113,0.002333,0.007002,0.004439,0.012126,0.000249,0.032083,0.938294
1115.jpg,/mnt/data1/spring/multimodal_project/data/images/1115.jpg,11,11,11,0.99364,1,3.8e-05,0.00033,0.000101,0.000192,2.5e-05,0.002033,0.000145,0.001028,5.7e-05,0.001846,8.7e-05,0.99364,0.000127,0.000352
48.jpg,/mnt/data1/spring/multimodal_project/data/images/48.jpg,0,0,0,0.990786,1,0.990786,2.9e-05,0.008102,2.5e-05,2.7e-05,3e-06,2.8e-05,2.1e-05,7e-06,0.000957,1e-06,5e-06,6e-06,1e-06
880.jpg,/mnt/data1/spring/multimodal_project/data/images/880.jpg,9,9,9,0.951338,1,0.001202,0.000436,0.000978,0.001104,0.000145,0.000163,0.000629,0.000864,0.003862,0.951338,0.001311,0.002512,0.000399,0.035057
615.jpg,/mnt/data1/spring/multimodal_project/data/images/615.jpg,7,7,7,0.961466,1,0.005156,0.004854,0.008298,0.00041,0.001105,0.001037,8.5e-05,0.961466,0.009764,0.000972,0.004967,0.000879,6.4e-05,0.000943
62.jpg,/mnt/data1/spring/multimodal_project/data/images/62.jpg,0,0,0,0.986379,1,0.986379,0.000613,0.008738,0.00104,0.000203,4e-05,0.000255,0.000135,0.000148,0.001017,3.2e-05,0.000177,0.001152,7.1e-05
299.jpg,/mnt/data1/spring/multimodal_project/data/images/299.jpg,5,5,5,0.999379,1,4e-06,9e-06,9e-06,5e-06,8e-06,0.999379,0.000131,1.6e-05,3e-06,0.0,4e-06,0.000414,1.6e-05,3e-06
438.jpg,/mnt/data1/spring/multimodal_project/data/images/438.jpg,6,6,6,0.946761,1,0.000604,0.036262,0.000552,0.004122,0.007163,0.000159,0.946761,0.003239,0.000377,0.00012,4.1e-05,0.000147,0.000129,0.000323
888.jpg,/mnt/data1/spring/multimodal_project/data/images/888.jpg,9,9,9,0.646534,1,0.00071,0.001519,0.001059,0.000819,0.000735,0.001658,0.001473,0.049773,0.018541,0.646534,0.00374,0.002616,0.001399,0.269424
1033.jpg,/mnt/data1/spring/multimodal_project/data/images/1033.jpg,10,10,10,0.999927,1,0.0,0.0,5e-06,0.0,1e-06,1e-06,0.0,4.4e-05,3e-06,4e-06,0.999927,0.0,0.0,1.4e-05
583.jpg,/mnt/data1/spring/multimodal_project/data/images/583.jpg,7,7,7,0.992337,1,2.8e-05,4.4e-05,5.3e-05,5.2e-05,6.9e-05,0.000434,3.7e-05,0.992337,5.4e-05,0.000759,0.005728,8e-05,0.000234,9.1e-05
1011.jpg,/mnt/data1/spring/multimodal_project/data/images/1011.jpg,10,10,10,0.994077,1,2e-05,1.9e-05,0.000251,2e-05,4.8e-05,0.000163,2.8e-05,0.004279,6.3e-05,0.000471,0.994077,6e-06,2.8e-05,0.000529
1227.jpg,/mnt/data1/spring/multimodal_project/data/images/1227.jpg,12,12,12,0.988873,1,1.9e-05,0.000107,0.001058,0.000418,5.7e-05,0.00136,2.7e-05,1.7e-05,0.000602,1.9e-05,0.000106,5.1e-05,0.988873,0.007287
1345.jpg,/mnt/data1/spring/multimodal_project/data/images/1345.jpg,13,13,13,0.950105,1,0.000397,0.001072,0.001019,0.002183,0.000368,0.006704,0.000248,0.002856,0.00272,0.001871,0.005616,0.00036,0.024482,0.950105
514.jpg,/mnt/data1/spring/multimodal_project/data/images/514.jpg,7,7,7,0.978439,1,0.000253,0.000584,0.000589,0.000637,0.000815,0.006157,0.000467,0.978439,0.000938,0.001959,0.004264,0.002219,0.002071,0.000608
84.jpg,/mnt/data1/spring/multimodal_project/data/images/84.jpg,1,1,1,0.738889,1,0.00093,0.738889,0.000872,0.192066,0.058334,0.000215,0.004241,0.003251,0.000231,0.000312,0.000132,2.3e-05,0.000284,0.000221
1265.jpg,/mnt/data1/spring/multimodal_project/data/images/1265.jpg,12,12,12,0.969588,1,0.000105,0.000211,0.003369,0.000209,0.000596,0.003784,0.000405,0.00028,0.009116,0.000498,0.003169,0.000673,0.969588,0.007999
1035.jpg,/mnt/data1/spring/multimodal_project/data/images/1035.jpg,10,10,10,0.999868,1,1e-06,1e-06,1e-05,1e-06,1e-06,5e-06,1e-06,1.5e-05,3e-06,4e-06,0.999868,0.0,5e-06,8.3e-05
1245.jpg,/mnt/data1/spring/multimodal_project/data/images/1245.jpg,12,12,12,0.89294,1,9.6e-05,0.00033,0.000424,0.000481,0.000257,0.005684,0.000207,0.001267,0.007251,0.000827,0.000627,7.7e-05,0.89294,0.08953
199.jpg,/mnt/data1/spring/multimodal_project/data/images/199.jpg,3,3,3,0.951739,1,1e-05,0.046486,2.7e-05,0.951739,0.001381,9e-06,0.000207,8.8e-05,1.2e-05,1e-06,2e-06,8e-06,2.6e-05,5e-06
519.jpg,/mnt/data1/spring/multimodal_project/data/images/519.jpg,7,7,7,0.931676,1,0.000311,0.000896,0.000468,0.000742,0.000906,0.002407,0.000523,0.931676,0.004089,0.0172,0.035905,0.000187,0.000657,0.004032
211.jpg,/mnt/data1/spring/multimodal_project/data/images/211.jpg,4,4,4,0.995774,1,1.4e-05,0.000104,3e-05,0.002707,0.995774,3.2e-05,0.000157,0.00099,2e-06,2e-06,1.2e-05,5e-06,0.000166,4e-06
949.jpg,/mnt/data1/spring/multimodal_project/data/images/949.jpg,10,10,10,0.999279,1,8e-06,5e-06,8e-06,1.4e-05,1.8e-05,6.6e-05,5e-06,0.000578,5e-06,7e-06,0.999279,2e-06,2e-06,3e-06
923.jpg,/mnt/data1/spring/multimodal_project/data/images/923.jpg,9,9,9,0.992627,1,0.000338,8e-06,9.1e-05,2e-06,5e-06,0.0,4e-06,1e-05,0.003104,0.992627,4.8e-05,1.9e-05,3.7e-05,0.003707
705.jpg,/mnt/data1/spring/multimodal_project/data/images/705.jpg,8,8,8,0.972862,1,0.00072,0.000165,0.001038,9.1e-05,9.4e-05,4.1e-05,0.000115,0.000691,0.972862,0.004173,0.011919,0.000254,0.000411,0.007426
564.jpg,/mnt/data1/spring/multimodal_project/data/images/564.jpg,7,7,7,0.999703,1,2.1e-05,1e-05,2.5e-05,9e-06,8e-06,4e-06,1.3e-05,0.999703,1e-06,4.2e-05,0.00012,2.5e-05,3e-06,1.5e-05
939.jpg,/mnt/data1/spring/multimodal_project/data/images/939.jpg,10,10,10,0.996821,1,8e-06,1.9e-05,1.6e-05,8.3e-05,0.000278,0.000225,4.5e-05,0.002399,7.8e-05,9e-06,0.996821,1e-05,4e-06,4e-06
810.jpg,/mnt/data1/spring/multimodal_project/data/images/810.jpg,8,8,8,0.989116,1,0.000337,0.000154,0.000289,2e-06,2e-05,1e-05,5e-06,5e-06,0.989116,0.008942,2.7e-05,3e-06,0.000683,0.000408
322.jpg,/mnt/data1/spring/multimodal_project/data/images/322.jpg,5,5,5,0.99703,1,0.000173,5e-05,0.000407,4.3e-05,7.3e-05,0.99703,0.000206,0.000713,0.000139,2e-05,3.9e-05,0.000797,0.000285,2.6e-05
73.jpg,/mnt/data1/spring/multimodal_project/data/images/73.jpg,1,1,1,0.918746,1,0.002465,0.918746,0.000304,0.072662,0.000876,5.7e-05,0.000648,0.002969,0.000381,7.1e-05,6.9e-05,0.000325,0.000203,0.000222
98.jpg,/mnt/data1/spring/multimodal_project/data/images/98.jpg,2,2,2,0.955428,1,0.034448,0.000317,0.955428,0.000249,0.000588,0.0002,0.000367,0.000168,0.001075,0.005854,0.00013,0.00011,0.000872,0.000194
788.jpg,/mnt/data1/spring/multimodal_project/data/images/788.jpg,8,8,8,0.922812,1,0.000844,0.000765,0.000784,0.0004,0.000429,0.001768,0.000574,0.006133,0.922812,0.004434,0.050159,0.000742,0.003168,0.006989
300.jpg,/mnt/data1/spring/multimodal_project/data/images/300.jpg,5,5,5,0.994046,1,7e-06,1e-05,0.000304,3.3e-05,5e-05,0.994046,7e-06,4.7e-05,4.2e-05,2e-06,0.000401,1.1e-05,0.005004,3.6e-05
644.jpg,/mnt/data1/spring/multimodal_project/data/images/644.jpg,7,7,7,0.988742,1,4.3e-05,1.4e-05,5.2e-05,3.1e-05,4.9e-05,5.4e-05,3e-05,0.988742,2e-05,0.000631,0.010278,1e-05,3e-06,4.3e-05
437.jpg,/mnt/data1/spring/multimodal_project/data/images/437.jpg,6,6,6,0.888908,1,0.000361,0.092273,0.000206,0.009767,0.006043,4e-05,0.888908,0.001512,0.000602,7.1e-05,1e-05,6.6e-05,3.2e-05,0.000109
439.jpg,/mnt/data1/spring/multimodal_project/data/images/439.jpg,6,6,6,0.844614,1,0.001003,0.118582,0.000564,0.003848,0.025046,0.000138,0.844614,0.001496,0.000427,0.002027,5.2e-05,0.001209,0.00047,0.000525
576.jpg,/mnt/data1/spring/multimodal_project/data/images/576.jpg,7,7,7,0.99951,1,1.6e-05,1.7e-05,1.2e-05,1.2e-05,3.2e-05,2.1e-05,1.1e-05,0.99951,5.3e-05,7.6e-05,9e-05,2.4e-05,6e-05,6.5e-05
1034.jpg,/mnt/data1/spring/multimodal_project/data/images/1034.jpg,10,10,10,0.999985,1,1e-06,0.0,0.0,0.0,0.0,3e-06,0.0,3e-06,1e-06,2e-06,0.999985,0.0,0.0,4e-06
498.jpg,/mnt/data1/spring/multimodal_project/data/images/498.jpg,7,7,7,0.989758,1,0.001647,0.001136,0.000147,0.000394,0.002143,7e-06,0.00041,0.989758,0.000838,0.003231,9e-06,9e-06,0.000178,9.3e-05
1186.jpg,/mnt/data1/spring/multimodal_project/data/images/1186.jpg,12,12,12,0.98529,1,1e-05,7.7e-05,0.002576,5.5e-05,0.000176,0.003547,0.002058,1e-05,0.001232,1e-05,3.7e-05,5e-05,0.98529,0.004871
646.jpg,/mnt/data1/spring/multimodal_project/data/images/646.jpg,7,7,7,0.999667,1,1.4e-05,1e-05,1e-05,8e-06,1.1e-05,1.6e-05,6e-06,0.999667,2.5e-05,4.4e-05,0.000151,1.5e-05,9e-06,1.3e-05
121.jpg,/mnt/data1/spring/multimodal_project/data/images/121.jpg,2,2,2,0.994942,1,0.002796,1.4e-05,0.994942,5.1e-05,5.9e-05,9e-06,0.000131,1.1e-05,2.9e-05,0.001758,1.1e-05,4.3e-05,0.000134,1.2e-05
385.jpg,/mnt/data1/spring/multimodal_project/data/images/385.jpg,5,5,5,0.999159,1,9e-06,8e-06,5.6e-05,2.3e-05,8e-06,0.999159,1e-06,0.000365,2e-06,3e-06,0.000109,2e-06,0.000181,7.2e-05
448.jpg,/mnt/data1/spring/multimodal_project/data/images/448.jpg,6,6,6,0.999582,1,7e-06,0.00026,3e-06,7.9e-05,7e-06,1.3e-05,0.999582,8e-06,1e-06,1e-06,0.0,3.8e-05,1e-06,1e-06
842.jpg,/mnt/data1/spring/multimodal_project/data/images/842.jpg,9,9,9,0.88026,1,0.000208,0.000767,0.001168,0.000307,0.00033,0.000715,0.000408,0.074227,0.000452,0.88026,0.038766,0.000274,9.2e-05,0.002026
836.jpg,/mnt/data1/spring/multimodal_project/data/images/836.jpg,9,9,9,0.999264,1,1.5e-05,1e-06,4e-06,1e-06,1e-06,0.0,1e-06,1.9e-05,0.000549,0.999264,1e-06,0.0,2e-06,0.00014
176.jpg,/mnt/data1/spring/multimodal_project/data/images/176.jpg,3,3,3,0.98867,1,5e-06,0.011048,6e-06,0.98867,0.000224,6e-06,7e-06,1.1e-05,1e-06,2e-06,1e-06,2e-06,9e-06,9e-06
684.jpg,/mnt/data1/spring/multimodal_project/data/images/684.jpg,7,7,7,0.934591,1,0.000297,0.001286,0.034274,0.003418,0.00054,0.004694,0.008881,0.934591,0.000401,0.004621,0.001818,0.003422,0.000259,0.001498
960.jpg,/mnt/data1/spring/multimodal_project/data/images/960.jpg,10,10,10,0.948107,1,0.000527,0.000167,0.000863,0.000633,0.000425,0.041829,0.001039,0.001224,0.000836,0.000567,0.948107,0.000236,0.000314,0.003234
377.jpg,/mnt/data1/spring/multimodal_project/data/images/377.jpg,5,5,5,0.990471,1,1.1e-05,5.1e-05,0.001231,0.000162,2.7e-05,0.990471,0.00028,1e-05,0.00288,3e-06,0.00204,0.00074,0.002075,2.1e-05
286.jpg,/mnt/data1/spring/multimodal_project/data/images/286.jpg,5,5,5,0.997726,1,4e-06,2.6e-05,5.1e-05,3.6e-05,2.1e-05,0.997726,2.9e-05,0.000941,6.9e-05,1e-05,0.000963,1.8e-05,5.7e-05,5.1e-05
990.jpg,/mnt/data1/spring/multimodal_project/data/images/990.jpg,10,10,10,0.994404,1,4.5e-05,5.7e-05,7.6e-05,0.000108,0.000159,0.002947,3.6e-05,0.001501,0.000205,3.4e-05,0.994404,3.5e-05,5.6e-05,0.000337
353.jpg,/mnt/data1/spring/multimodal_project/data/images/353.jpg,5,5,5,0.997334,1,6e-06,3e-06,2.4e-05,2e-06,9e-06,0.997334,8e-06,0.000174,9e-06,1e-06,0.002059,2e-06,0.000366,3e-06
1060.jpg,/mnt/data1/spring/multimodal_project/data/images/1060.jpg,10,10,10,0.99991,1,0.0,0.0,1e-06,0.0,1e-06,2e-06,0.0,3e-06,2e-06,7e-06,0.99991,0.0,0.0,7.4e-05
586.jpg,/mnt/data1/spring/multimodal_project/data/images/586.jpg,7,7,7,0.915821,1,0.001618,0.000784,0.00116,0.000663,0.000715,0.002959,0.00123,0.915821,0.018311,0.002588,0.044818,0.002764,0.003113,0.003456
292.jpg,/mnt/data1/spring/multimodal_project/data/images/292.jpg,5,5,5,0.999617,1,3e-06,1e-05,2.1e-05,1.1e-05,1.8e-05,0.999617,1.5e-05,0.000142,6e-06,3e-06,2e-05,1.8e-05,0.000102,1.3e-05
628.jpg,/mnt/data1/spring/multimodal_project/data/images/628.jpg,7,7,7,0.973685,1,0.000439,0.003522,0.000405,0.002944,0.000358,0.001468,0.007508,0.973685,0.000228,0.000255,0.00414,0.002025,0.0002,0.002825
957.jpg,/mnt/data1/spring/multimodal_project/data/images/957.jpg,10,10,10,0.99297,1,7.3e-05,0.000145,0.000138,0.000506,0.000795,0.000694,9e-05,0.004058,4.9e-05,7e-05,0.99297,1.7e-05,1.2e-05,0.000383
544.jpg,/mnt/data1/spring/multimodal_project/data/images/544.jpg,7,7,7,0.903335,1,0.000499,0.001733,0.001083,0.000781,0.000957,0.053366,0.002513,0.903335,0.000478,0.00592,0.008963,0.012604,0.004131,0.003637
1379.jpg,/mnt/data1/spring/multimodal_project/data/images/1379.jpg,13,13,13,0.988073,1,6.8e-05,1.8e-05,0.000752,3.1e-05,4.7e-05,2.3e-05,4.4e-05,8e-05,0.001219,0.007928,0.000608,4.6e-05,0.001064,0.988073
1269.jpg,/mnt/data1/spring/multimodal_project/data/images/1269.jpg,12,12,12,0.837119,1,6.1e-05,0.000343,0.00039,0.000291,0.000133,0.008858,0.000121,0.000189,0.009415,0.000282,0.001073,9.9e-05,0.837119,0.141626
996.jpg,/mnt/data1/spring/multimodal_project/data/images/996.jpg,10,10,10,0.99623,1,8e-06,7.8e-05,3.1e-05,0.000174,3e-05,0.000127,0.000162,0.000451,2.9e-05,0.000646,0.99623,0.001268,1.3e-05,0.000752
596.jpg,/mnt/data1/spring/multimodal_project/data/images/596.jpg,7,7,7,0.994909,1,0.000127,0.000683,0.000158,0.000207,0.001567,0.000667,6.4e-05,0.994909,2.7e-05,3.5e-05,0.000984,0.000103,3e-05,0.000439
831.jpg,/mnt/data1/spring/multimodal_project/data/images/831.jpg,9,9,9,0.997847,1,2e-05,1.1e-05,2e-05,7e-06,1.9e-05,2e-06,6e-06,0.000614,9e-05,0.997847,7.1e-05,6e-06,1.4e-05,0.001274
241.jpg,/mnt/data1/spring/multimodal_project/data/images/241.jpg,4,4,4,0.881691,1,0.001911,0.008159,0.001074,0.061872,0.881691,0.000476,0.04047,0.002631,0.000498,0.000175,0.000177,0.00032,0.000454,9.2e-05
363.jpg,/mnt/data1/spring/multimodal_project/data/images/363.jpg,5,5,5,0.997905,1,6e-06,4.4e-05,0.000177,1.2e-05,2.2e-05,0.997905,0.000113,1.5e-05,0.000154,3e-06,3e-05,0.000628,0.000861,3e-05
1090.jpg,/mnt/data1/spring/multimodal_project/data/images/1090.jpg,11,11,11,0.844256,1,0.004395,0.007328,0.003221,0.001847,0.003981,4.5e-05,0.092341,0.034727,0.002684,0.002344,0.000535,0.844256,0.000552,0.001745
1190.jpg,/mnt/data1/spring/multimodal_project/data/images/1190.jpg,12,12,12,0.998455,1,5e-06,7e-06,3e-05,2e-06,3e-06,2.3e-05,5e-06,1e-06,0.000267,5e-06,1.8e-05,1e-06,0.998455,0.001177
16.jpg,/mnt/data1/spring/multimodal_project/data/images/16.jpg,0,0,0,0.756772,1,0.756772,9.8e-05,0.23606,0.000182,0.000206,1.7e-05,0.000348,7.2e-05,0.000834,0.005049,4.6e-05,8.3e-05,1e-04,0.000133
827.jpg,/mnt/data1/spring/multimodal_project/data/images/827.jpg,9,9,9,0.999609,1,5e-06,0.0,2e-06,0.0,0.0,0.0,0.0,3e-06,0.000342,0.999609,0.0,0.0,1e-06,3.6e-05
523.jpg,/mnt/data1/spring/multimodal_project/data/images/523.jpg,7,7,7,0.995093,1,6e-06,3.6e-05,7e-06,3.8e-05,3e-05,5.2e-05,7e-06,0.995093,1.6e-05,0.002532,0.002166,8e-06,2e-06,4e-06
985.jpg,/mnt/data1/spring/multimodal_project/data/images/985.jpg,10,10,10,0.996024,1,2.3e-05,6.6e-05,8.9e-05,7.8e-05,8.7e-05,0.000364,5.3e-05,0.00023,0.001801,0.000347,0.996024,2e-05,9.3e-05,0.000725
825.jpg,/mnt/data1/spring/multimodal_project/data/images/825.jpg,9,9,9,0.999811,1,1e-05,2e-06,3.7e-05,1e-06,2e-06,0.0,0.0,6.7e-05,2.1e-05,0.999811,3e-06,2e-06,2e-06,4.1e-05
83.jpg,/mnt/data1/spring/multimodal_project/data/images/83.jpg,1,1,1,0.844431,1,0.001011,0.844431,0.00011,0.14017,0.007737,3.5e-05,0.004188,0.00175,0.000315,3.7e-05,2e-05,3.6e-05,7.7e-05,8.2e-05
571.jpg,/mnt/data1/spring/multimodal_project/data/images/571.jpg,7,7,7,0.999783,1,6e-06,9e-06,4e-06,2e-06,2e-06,1e-06,1e-05,0.999783,2e-06,4.8e-05,5e-05,1.2e-05,2e-06,6.7e-05
928.jpg,/mnt/data1/spring/multimodal_project/data/images/928.jpg,9,9,9,0.999545,1,6.8e-05,3e-06,4e-06,1e-06,0.0,0.0,0.0,5e-06,0.000287,0.999545,0.0,3e-06,1.7e-05,6.8e-05
383.jpg,/mnt/data1/spring/multimodal_project/data/images/383.jpg,5,5,5,0.998343,1,3e-06,6e-06,4.3e-05,5e-06,8e-06,0.998343,6e-06,0.001472,3e-06,1e-06,5.5e-05,2e-06,5.4e-05,1e-06
581.jpg,/mnt/data1/spring/multimodal_project/data/images/581.jpg,7,7,7,0.955986,1,0.000204,0.000149,0.000148,0.000116,0.000126,0.000198,0.000164,0.955986,0.000727,0.014539,0.025996,0.000126,0.000243,0.001278
1355.jpg,/mnt/data1/spring/multimodal_project/data/images/1355.jpg,13,13,13,0.907519,1,0.000237,0.000416,0.000362,0.000219,0.000267,0.000621,0.000171,0.001466,0.004966,0.002643,0.078844,0.000144,0.002125,0.907519
1316.jpg,/mnt/data1/spring/multimodal_project/data/images/1316.jpg,13,13,13,0.974547,1,0.000241,0.000389,0.000609,0.000507,0.000167,0.001125,0.000269,0.001743,0.002559,0.011677,0.00228,0.000234,0.003654,0.974547
497.jpg,/mnt/data1/spring/multimodal_project/data/images/497.jpg,7,7,7,0.940047,1,0.001631,0.007532,0.025986,0.003506,0.002887,0.001287,0.000365,0.940047,0.006435,0.003566,0.0049,0.000408,0.000989,0.00046
113.jpg,/mnt/data1/spring/multimodal_project/data/images/113.jpg,2,2,2,0.996384,1,0.001936,6.7e-05,0.996384,4.8e-05,1e-04,9e-06,3.4e-05,3.9e-05,2.7e-05,0.001224,7e-06,2.2e-05,8.5e-05,1.7e-05
530.jpg,/mnt/data1/spring/multimodal_project/data/images/530.jpg,7,7,7,0.980456,1,3.6e-05,0.000116,8.7e-05,0.000155,8.8e-05,0.000201,3.2e-05,0.980456,0.000434,0.004653,0.012897,3.8e-05,0.000112,0.000696
834.jpg,/mnt/data1/spring/multimodal_project/data/images/834.jpg,9,9,9,0.997653,1,1.7e-05,1.4e-05,6.9e-05,1.1e-05,2.2e-05,1.1e-05,9e-06,0.000256,0.000894,0.997653,0.000491,8e-06,1.6e-05,0.000528
1154.jpg,/mnt/data1/spring/multimodal_project/data/images/1154.jpg,11,11,11,0.998174,1,3.2e-05,2.5e-05,0.000282,1.2e-05,1.8e-05,6.4e-05,0.000114,0.001051,1.3e-05,7.8e-05,5.4e-05,0.998174,1.1e-05,7.1e-05
193.jpg,/mnt/data1/spring/multimodal_project/data/images/193.jpg,3,3,3,0.91031,1,9e-05,0.074619,0.000362,0.91031,0.013509,3.2e-05,0.000839,4.6e-05,4e-05,6e-06,7e-06,2.9e-05,9.2e-05,1.9e-05
245.jpg,/mnt/data1/spring/multimodal_project/data/images/245.jpg,4,4,4,0.996848,1,0.000134,0.000297,7.2e-05,0.001637,0.996848,4.2e-05,0.000631,0.000233,2.7e-05,1.8e-05,1.9e-05,2.2e-05,1.5e-05,3e-06
881.jpg,/mnt/data1/spring/multimodal_project/data/images/881.jpg,9,9,9,0.993158,1,6.9e-05,8.7e-05,9.8e-05,9.3e-05,4.3e-05,1.4e-05,2.8e-05,0.001098,0.002574,0.993158,0.001364,0.000593,5.8e-05,0.000722
1054.jpg,/mnt/data1/spring/multimodal_project/data/images/1054.jpg,10,10,10,0.993008,1,1.9e-05,2.8e-05,0.000136,2.3e-05,3.5e-05,0.000111,2.9e-05,0.005443,0.000834,0.000117,0.993008,1.9e-05,2.7e-05,0.000169
639.jpg,/mnt/data1/spring/multimodal_project/data/images/639.jpg,7,7,7,0.975917,1,1.6e-05,1.2e-05,2.8e-05,3.5e-05,0.000103,0.000556,3.5e-05,0.975917,8e-06,0.000356,0.022742,1.1e-05,2.8e-05,0.000153
608.jpg,/mnt/data1/spring/multimodal_project/data/images/608.jpg,7,7,7,0.998782,1,0.000127,0.000263,1.4e-05,3.5e-05,6.9e-05,0.000514,2.4e-05,0.998782,2e-05,2e-05,0.000109,6e-06,2e-06,1.6e-05
904.jpg,/mnt/data1/spring/multimodal_project/data/images/904.jpg,9,9,9,0.885419,1,0.000226,0.000394,0.000164,0.000128,0.000129,0.000265,0.000421,0.092058,0.004733,0.885419,0.005598,0.000471,0.000117,0.009876
746.jpg,/mnt/data1/spring/multimodal_project/data/images/746.jpg,8,8,8,0.977569,1,0.000354,5.7e-05,0.000109,1e-04,0.000173,2.2e-05,0.000109,0.000168,0.977569,0.008309,0.008494,0.000132,0.000896,0.00351
1003.jpg,/mnt/data1/spring/multimodal_project/data/images/1003.jpg,10,10,10,0.998197,1,8e-06,1.2e-05,1.9e-05,8e-06,2.8e-05,0.000336,1.1e-05,0.000297,0.000679,0.000172,0.998197,5e-06,6.9e-05,0.000159
775.jpg,/mnt/data1/spring/multimodal_project/data/images/775.jpg,8,8,8,0.967919,1,0.000259,0.000578,0.000839,0.000151,0.000498,0.005983,0.000359,0.003484,0.967919,0.009109,0.004855,0.000361,0.001802,0.003803
751.jpg,/mnt/data1/spring/multimodal_project/data/images/751.jpg,8,8,8,0.943216,1,0.000718,0.001098,0.003693,0.000787,0.000781,0.001096,0.000484,0.001544,0.943216,0.00392,0.009882,0.001698,0.013231,0.01785
1389.jpg,/mnt/data1/spring/multimodal_project/data/images/1389.jpg,13,13,13,0.911228,1,0.000131,0.000548,0.001428,0.000162,0.0005,0.000903,0.000356,0.000281,0.017257,0.051689,8.5e-05,0.000358,0.015074,0.911228
769.jpg,/mnt/data1/spring/multimodal_project/data/images/769.jpg,8,8,8,0.965348,1,0.000196,0.000241,0.000276,0.000127,9e-05,0.001557,0.000212,0.000883,0.965348,0.012365,0.000724,0.000593,0.002284,0.015106
752.jpg,/mnt/data1/spring/multimodal_project/data/images/752.jpg,8,8,8,0.98354,1,0.000243,0.000418,0.000259,8.3e-05,0.00016,0.000902,0.000397,0.001153,0.98354,0.001072,0.00642,0.000604,0.002138,0.002609
1108.jpg,/mnt/data1/spring/multimodal_project/data/images/1108.jpg,11,11,11,0.998156,1,1e-05,7.8e-05,1.7e-05,2.5e-05,1.1e-05,0.001294,2.5e-05,0.000116,2e-06,0.000143,3.6e-05,0.998156,1.4e-05,7.2e-05
804.jpg,/mnt/data1/spring/multimodal_project/data/images/804.jpg,8,8,8,0.855629,1,0.015332,2.7e-05,0.004306,3.9e-05,5e-06,2e-06,9e-06,0.000383,0.855629,0.119757,0.000203,7.8e-05,0.00342,0.00081
235.jpg,/mnt/data1/spring/multimodal_project/data/images/235.jpg,4,4,4,0.978246,1,0.000637,0.000838,0.000475,0.016359,0.978246,0.00011,0.002262,0.000822,2.7e-05,6e-05,1.9e-05,4e-05,9.5e-05,8e-06
1370.jpg,/mnt/data1/spring/multimodal_project/data/images/1370.jpg,13,13,13,0.983691,1,8.3e-05,0.000634,7.1e-05,0.000183,0.000155,0.000816,0.000213,0.003372,0.003519,0.0015,0.003928,0.000401,0.001432,0.983691
595.jpg,/mnt/data1/spring/multimodal_project/data/images/595.jpg,7,7,7,0.999935,1,2e-06,1e-06,2e-06,1e-06,5e-06,2e-06,1e-06,0.999935,1e-06,3.4e-05,1e-05,3e-06,1e-06,1e-06
123.jpg,/mnt/data1/spring/multimodal_project/data/images/123.jpg,2,2,2,0.996979,1,0.001909,3.7e-05,0.996979,3.2e-05,6.7e-05,2.1e-05,1.7e-05,4.5e-05,1.3e-05,0.000819,9e-06,5e-06,3.9e-05,7e-06
1283.jpg,/mnt/data1/spring/multimodal_project/data/images/1283.jpg,12,12,12,0.636628,1,6.3e-05,0.000455,0.011638,0.000736,0.000636,0.000173,1.3e-05,0.000176,0.097433,8e-05,3.7e-05,3.6e-05,0.636628,0.251898
218.jpg,/mnt/data1/spring/multimodal_project/data/images/218.jpg,4,4,4,0.971476,1,4.2e-05,0.02161,6.8e-05,0.00283,0.971476,1.8e-05,0.001795,0.002055,5.1e-05,6e-06,1.1e-05,9e-06,1.9e-05,1.1e-05
440.jpg,/mnt/data1/spring/multimodal_project/data/images/440.jpg,6,6,6,0.932763,1,0.000125,0.051468,0.000162,0.001632,0.012111,2.5e-05,0.932763,0.000418,0.000412,0.000355,1.4e-05,0.000365,0.000107,4.2e-05
739.jpg,/mnt/data1/spring/multimodal_project/data/images/739.jpg,8,8,8,0.766008,1,0.003834,0.001827,0.001829,0.000982,0.000813,0.000484,0.000923,0.00525,0.766008,0.154717,0.019135,0.001622,0.01141,0.031167
1065.jpg,/mnt/data1/spring/multimodal_project/data/images/1065.jpg,10,10,10,0.999773,1,1.3e-05,1e-06,3e-06,1e-06,2e-06,4e-05,1e-06,0.000125,4e-06,1.6e-05,0.999773,0.0,0.0,2.1e-05
795.jpg,/mnt/data1/spring/multimodal_project/data/images/795.jpg,8,8,8,0.975786,1,0.000206,0.000291,0.000282,7.1e-05,0.000359,0.002685,0.000247,0.00165,0.975786,0.006664,0.006873,0.000144,0.002302,0.00244
645.jpg,/mnt/data1/spring/multimodal_project/data/images/645.jpg,7,7,7,0.977145,1,1.1e-05,2.5e-05,7e-05,5.6e-05,0.000256,0.000204,4.1e-05,0.977145,7e-06,1.3e-05,0.02213,1.6e-05,1.7e-05,1e-05
1236.jpg,/mnt/data1/spring/multimodal_project/data/images/1236.jpg,12,12,12,0.983178,1,1e-05,0.000263,0.000272,0.000146,2.9e-05,0.004989,6.6e-05,1.7e-05,0.000409,1e-05,0.000138,4.9e-05,0.983178,0.010425
326.jpg,/mnt/data1/spring/multimodal_project/data/images/326.jpg,5,5,5,0.999078,1,1.1e-05,3e-06,0.000236,5e-06,3.2e-05,0.999078,1.1e-05,0.000506,5e-06,2e-06,5.6e-05,4.1e-05,1.3e-05,1e-06
978.jpg,/mnt/data1/spring/multimodal_project/data/images/978.jpg,10,10,10,0.87618,1,0.000416,0.000548,0.000938,0.000412,0.001447,0.070788,0.000936,0.031449,0.002262,0.003298,0.87618,0.000536,0.002367,0.008423
674.jpg,/mnt/data1/spring/multimodal_project/data/images/674.jpg,7,7,7,0.967437,1,5.3e-05,0.000103,5.3e-05,6.6e-05,9e-05,0.001319,0.00012,0.967437,6e-06,0.000722,0.029871,0.00011,5e-06,4.4e-05
391.jpg,/mnt/data1/spring/multimodal_project/data/images/391.jpg,5,5,5,0.423002,1,0.001859,0.002441,0.077923,0.002576,0.005831,0.423002,0.006017,0.19666,0.004966,0.009856,0.182175,0.011208,0.073411,0.002075
272.jpg,/mnt/data1/spring/multimodal_project/data/images/272.jpg,5,5,5,0.996657,1,2.7e-05,0.000123,0.000233,0.00041,0.00041,0.996657,0.000154,0.001051,0.00011,2.3e-05,5.4e-05,0.00034,0.000212,0.000195
1111.jpg,/mnt/data1/spring/multimodal_project/data/images/1111.jpg,11,11,11,0.995582,1,6.1e-05,0.000169,0.00011,2.6e-05,6.2e-05,0.000201,9.3e-05,0.000114,2.9e-05,0.002108,0.000941,0.995582,9e-06,0.000495
678.jpg,/mnt/data1/spring/multimodal_project/data/images/678.jpg,7,7,7,0.758135,1,3.9e-05,9.3e-05,3.4e-05,4.6e-05,0.000128,0.238176,0.000573,0.758135,2.1e-05,0.000247,0.001194,0.001192,0.000106,1.8e-05
677.jpg,/mnt/data1/spring/multimodal_project/data/images/677.jpg,7,7,7,0.813488,1,7.7e-05,0.000102,0.002775,0.000107,0.000529,0.136037,0.000283,0.813488,5e-05,0.000414,0.045408,6.2e-05,0.000612,5.6e-05
1307.jpg,/mnt/data1/spring/multimodal_project/data/images/1307.jpg,13,13,13,0.997198,1,4e-06,9e-06,0.000133,2.1e-05,1.2e-05,4.3e-05,1.3e-05,5e-05,0.000112,6e-05,0.001196,1.9e-05,0.001131,0.997198
96.jpg,/mnt/data1/spring/multimodal_project/data/images/96.jpg,1,1,1,0.94623,1,0.000245,0.94623,0.000122,0.041104,0.002079,2e-05,0.008874,0.001045,0.000166,1.7e-05,1e-06,7.7e-05,1.1e-05,1e-05
1136.jpg,/mnt/data1/spring/multimodal_project/data/images/1136.jpg,11,11,11,0.996942,1,3.4e-05,8.8e-05,5.4e-05,1.9e-05,1.5e-05,0.001157,0.000319,0.000274,2.9e-05,0.0008,5.2e-05,0.996942,4.5e-05,0.000171
261.jpg,/mnt/data1/spring/multimodal_project/data/images/261.jpg,5,5,5,0.999221,1,5e-06,4.5e-05,6.5e-05,4.5e-05,2.6e-05,0.999221,0.00014,1.3e-05,2.5e-05,0.0,7.8e-05,1.4e-05,0.000195,0.000128
824.jpg,/mnt/data1/spring/multimodal_project/data/images/824.jpg,9,9,9,0.65198,1,0.00188,0.000917,0.000824,0.00056,0.001724,0.000193,0.000389,0.2772,0.036408,0.65198,0.024383,0.000119,0.000612,0.002812
922.jpg,/mnt/data1/spring/multimodal_project/data/images/922.jpg,9,9,9,0.986159,1,0.009631,4.6e-05,0.001542,2.3e-05,1.1e-05,0.0,4e-06,0.000117,0.000896,0.986159,1.2e-05,7e-05,2.8e-05,0.00146
381.jpg,/mnt/data1/spring/multimodal_project/data/images/381.jpg,5,5,5,0.992349,1,2.3e-05,6.6e-05,7e-05,0.000157,3e-05,0.992349,2.9e-05,0.000354,1.9e-05,3e-06,0.006124,5e-06,0.000758,1.2e-05
848.jpg,/mnt/data1/spring/multimodal_project/data/images/848.jpg,9,9,9,0.989676,1,6.2e-05,2.7e-05,7.6e-05,7e-06,6e-06,1e-05,8e-06,8.4e-05,0.004816,0.989676,7e-06,4e-06,0.000475,0.004743
941.jpg,/mnt/data1/spring/multimodal_project/data/images/941.jpg,10,10,10,0.99529,1,1e-05,2.2e-05,7.5e-05,3.9e-05,7e-05,9.9e-05,2.5e-05,0.000164,0.00034,0.00221,0.99529,1.1e-05,6.5e-05,0.00158
559.jpg,/mnt/data1/spring/multimodal_project/data/images/559.jpg,7,7,7,0.986183,1,9.5e-05,6.6e-05,8.3e-05,9e-05,0.000106,3.9e-05,5e-05,0.986183,0.000388,0.002021,0.010466,3e-05,0.00019,0.000192
1300.jpg,/mnt/data1/spring/multimodal_project/data/images/1300.jpg,13,13,13,0.988095,1,4.1e-05,8.5e-05,0.000145,7.1e-05,5.3e-05,0.00043,5.4e-05,0.000483,0.000153,0.000193,0.001569,5.2e-05,0.008576,0.988095
1056.jpg,/mnt/data1/spring/multimodal_project/data/images/1056.jpg,10,10,10,0.998404,1,6e-06,3e-06,2.1e-05,5e-06,2e-06,1.7e-05,8e-06,0.000132,0.000146,2.4e-05,0.998404,2e-06,1.5e-05,0.001215
1363.jpg,/mnt/data1/spring/multimodal_project/data/images/1363.jpg,13,13,13,0.991061,1,1.5e-05,7.2e-05,0.000114,0.000244,7.6e-05,0.000524,2.7e-05,0.000424,0.00058,0.000319,0.000931,2.8e-05,0.005584,0.991061
910.jpg,/mnt/data1/spring/multimodal_project/data/images/910.jpg,9,9,9,0.996884,1,2.5e-05,2.8e-05,8e-06,8e-06,9e-06,9e-06,1.8e-05,0.000554,0.000282,0.996884,4.8e-05,7.8e-05,1.9e-05,0.00203
106.jpg,/mnt/data1/spring/multimodal_project/data/images/106.jpg,2,2,2,0.985312,1,0.010805,0.000308,0.985312,0.000117,0.000216,4e-05,9.1e-05,8.3e-05,0.000192,0.00244,5.1e-05,3e-05,0.000262,5.2e-05
1335.jpg,/mnt/data1/spring/multimodal_project/data/images/1335.jpg,13,13,13,0.993982,1,0.000139,0.000135,0.000145,0.000458,0.000101,0.000109,0.000202,6e-05,0.000246,0.000842,0.000277,0.000137,0.003167,0.993982
633.jpg,/mnt/data1/spring/multimodal_project/data/images/633.jpg,7,7,7,0.999715,1,1.5e-05,8e-06,1.4e-05,8e-06,8e-06,9e-06,1e-05,0.999715,2.5e-05,3.1e-05,0.000134,9e-06,3e-06,9e-06
263.jpg,/mnt/data1/spring/multimodal_project/data/images/263.jpg,5,5,5,0.994184,1,3e-05,0.000311,7.3e-05,7.7e-05,0.00031,0.994184,0.001396,0.000115,0.00047,4.1e-05,2.4e-05,0.000267,0.002692,1.1e-05
624.jpg,/mnt/data1/spring/multimodal_project/data/images/624.jpg,7,7,7,0.997218,1,0.000301,5.2e-05,3.8e-05,2.6e-05,3.2e-05,0.000153,8.6e-05,0.997218,1.5e-05,0.00155,0.000119,0.000385,6e-06,1.9e-05
35.jpg,/mnt/data1/spring/multimodal_project/data/images/35.jpg,0,0,0,0.987542,1,0.987542,8.6e-05,0.008734,5.3e-05,9.9e-05,6e-06,7.1e-05,0.000213,1e-05,0.003136,9e-06,3.1e-05,3e-06,5e-06
1197.jpg,/mnt/data1/spring/multimodal_project/data/images/1197.jpg,12,12,12,0.997999,1,9e-06,5e-06,5.6e-05,1e-06,2e-06,1e-06,4e-06,1e-06,0.000161,4e-06,3e-06,1e-06,0.997999,0.001752
937.jpg,/mnt/data1/spring/multimodal_project/data/images/937.jpg,9,9,9,0.994758,1,0.000462,9e-06,3.5e-05,4e-06,2e-06,7e-06,4e-06,8e-06,0.003907,0.994758,2e-06,6e-06,0.000126,0.00067
621.jpg,/mnt/data1/spring/multimodal_project/data/images/621.jpg,7,7,7,0.97082,1,0.000191,0.001894,0.000383,0.000182,0.000395,0.016194,0.002878,0.97082,0.001459,0.000664,0.000297,0.002785,0.000298,0.001559
143.jpg,/mnt/data1/spring/multimodal_project/data/images/143.jpg,2,2,2,0.982623,1,0.011936,0.000213,0.982623,0.000199,0.000287,1.8e-05,9.4e-05,6.6e-05,0.000154,0.004045,2.8e-05,8.9e-05,0.000195,5.2e-05
1223.jpg,/mnt/data1/spring/multimodal_project/data/images/1223.jpg,12,12,12,0.985874,1,0.001422,0.000942,0.001625,0.001187,0.000765,0.000388,0.000612,0.000157,0.000798,0.000793,0.000169,0.00112,0.985874,0.004148
431.jpg,/mnt/data1/spring/multimodal_project/data/images/431.jpg,6,6,6,0.995747,1,7.7e-05,0.001543,8e-06,0.000128,0.001867,5e-06,0.995747,0.00048,1.4e-05,2.8e-05,2e-06,9.3e-05,7e-06,1e-06
226.jpg,/mnt/data1/spring/multimodal_project/data/images/226.jpg,4,4,4,0.996359,1,0.000177,0.001432,6.7e-05,0.000593,0.996359,1.5e-05,0.001078,0.000183,2e-05,1.2e-05,1.7e-05,3e-05,1.5e-05,4e-06
925.jpg,/mnt/data1/spring/multimodal_project/data/images/925.jpg,9,9,9,0.998148,1,2.4e-05,0.0,3e-06,0.0,0.0,0.0,0.0,1e-06,0.001749,0.998148,0.0,0.0,2e-06,7.2e-05
103.jpg,/mnt/data1/spring/multimodal_project/data/images/103.jpg,2,2,2,0.994416,1,0.004268,6.4e-05,0.994416,7.6e-05,0.000106,2.6e-05,0.000122,1e-05,5.5e-05,0.000571,2e-05,3.6e-05,0.000204,2.6e-05
1274.jpg,/mnt/data1/spring/multimodal_project/data/images/1274.jpg,12,12,12,0.990466,1,2.7e-05,1.6e-05,0.000181,3.9e-05,3.1e-05,0.000367,2e-05,1e-05,0.001957,0.000133,0.00039,2.9e-05,0.990466,0.006333
929.jpg,/mnt/data1/spring/multimodal_project/data/images/929.jpg,9,9,9,0.988697,1,0.000894,8e-06,0.000174,1.3e-05,3.1e-05,9e-06,2e-06,4.4e-05,0.008453,0.988697,7e-06,2.3e-05,6.6e-05,0.00158
24.jpg,/mnt/data1/spring/multimodal_project/data/images/24.jpg,0,0,0,0.673574,1,0.673574,0.00019,0.317952,0.000739,0.00042,2.6e-05,0.000373,0.002085,0.000332,0.003906,0.000201,5.7e-05,0.000118,2.6e-05
715.jpg,/mnt/data1/spring/multimodal_project/data/images/715.jpg,8,8,8,0.974351,1,0.000151,6.1e-05,6.7e-05,4.2e-05,7e-05,5.3e-05,5.2e-05,0.000283,0.974351,0.015843,0.007419,4.1e-05,0.000278,0.001289
1036.jpg,/mnt/data1/spring/multimodal_project/data/images/1036.jpg,10,10,10,0.988838,1,6.2e-05,6.3e-05,0.000299,3.8e-05,5.8e-05,0.00012,2e-05,0.001942,0.004803,0.000659,0.988838,9e-06,0.000341,0.002748
1271.jpg,/mnt/data1/spring/multimodal_project/data/images/1271.jpg,12,12,12,0.960012,1,0.00014,0.000417,0.001704,0.000516,0.000567,0.013688,0.000629,0.002239,0.006619,0.000415,0.001319,0.000648,0.960012,0.011087
896.jpg,/mnt/data1/spring/multimodal_project/data/images/896.jpg,9,9,9,0.993108,1,0.000253,6.7e-05,2.7e-05,2.5e-05,3.2e-05,2.3e-05,4.3e-05,0.003995,0.000257,0.993108,3.8e-05,0.000108,1e-05,0.002014
528.jpg,/mnt/data1/spring/multimodal_project/data/images/528.jpg,7,7,7,0.98386,1,0.000135,0.000267,0.000103,0.000317,0.000275,0.00086,0.000145,0.98386,0.002636,0.004293,0.006128,0.000161,0.000339,0.000483
314.jpg,/mnt/data1/spring/multimodal_project/data/images/314.jpg,5,5,5,0.947271,1,0.000124,6.6e-05,0.00077,0.000108,0.000349,0.947271,5.1e-05,0.003391,0.002513,0.000264,0.021918,0.00047,0.022548,0.000158
206.jpg,/mnt/data1/spring/multimodal_project/data/images/206.jpg,4,4,4,0.987173,1,0.000239,0.007945,6.9e-05,0.002036,0.987173,1.7e-05,0.001343,0.000955,0.000131,1.2e-05,1.4e-05,1.4e-05,4e-05,1.1e-05
155.jpg,/mnt/data1/spring/multimodal_project/data/images/155.jpg,2,2,2,0.987231,1,0.008857,0.000563,0.987231,0.000249,0.000438,2e-06,0.000181,1.5e-05,5.8e-05,0.001978,6e-06,3.2e-05,0.000363,2.7e-05
662.jpg,/mnt/data1/spring/multimodal_project/data/images/662.jpg,7,7,7,0.955848,1,0.000196,5.9e-05,7.3e-05,3.5e-05,5.8e-05,0.00039,7.7e-05,0.955848,0.000223,0.000378,0.042511,3.7e-05,1.3e-05,0.000103
10.jpg,/mnt/data1/spring/multimodal_project/data/images/10.jpg,0,0,0,0.894701,1,0.894701,2e-05,0.101671,4.4e-05,4.6e-05,2e-06,0.000147,7e-06,3.3e-05,0.003279,2e-06,2e-05,2e-05,9e-06
635.jpg,/mnt/data1/spring/multimodal_project/data/images/635.jpg,7,7,7,0.999656,1,4e-06,5e-06,5e-06,2e-06,1.1e-05,0.000146,3e-06,0.999656,2e-06,1e-06,0.000162,2e-06,2e-06,1e-06
214.jpg,/mnt/data1/spring/multimodal_project/data/images/214.jpg,4,4,4,0.988514,1,0.000343,0.003172,0.000138,0.003055,0.988514,0.000329,0.003488,0.000447,0.000168,1.9e-05,2.7e-05,9.6e-05,0.000181,2.4e-05
1279.jpg,/mnt/data1/spring/multimodal_project/data/images/1279.jpg,12,12,12,0.762384,1,0.000162,0.001302,0.003414,0.000843,0.006722,0.008857,0.014223,7.1e-05,0.178223,0.000439,0.000393,0.00081,0.762384,0.022157
1384.jpg,/mnt/data1/spring/multimodal_project/data/images/1384.jpg,13,13,13,0.957621,1,0.000332,0.00022,0.003182,0.000254,0.00013,0.000353,5.9e-05,0.000652,0.002888,0.003531,0.002521,9.3e-05,0.028162,0.957621
992.jpg,/mnt/data1/spring/multimodal_project/data/images/992.jpg,10,10,10,0.999625,1,1e-06,2e-06,2e-06,2e-06,7e-06,4e-05,2e-06,0.000145,8.3e-05,6.3e-05,0.999625,1e-06,2e-06,2.6e-05
843.jpg,/mnt/data1/spring/multimodal_project/data/images/843.jpg,9,9,9,0.829963,1,0.000514,0.000197,0.000118,8.3e-05,0.000142,8.9e-05,0.000118,0.029255,0.134722,0.829963,0.002028,0.000113,0.000106,0.002551
670.jpg,/mnt/data1/spring/multimodal_project/data/images/670.jpg,7,7,7,0.99763,1,5.7e-05,2.6e-05,4.9e-05,2.6e-05,9.8e-05,0.000101,2.5e-05,0.99763,4.6e-05,2.5e-05,0.001885,9e-06,1.1e-05,1.3e-05
407.jpg,/mnt/data1/spring/multimodal_project/data/images/407.jpg,5,5,5,0.999664,1,1e-05,9e-06,1e-06,2.5e-05,1e-06,0.999664,1e-06,3e-06,8.8e-05,0.0,0.000186,1e-06,1.1e-05,1e-06
855.jpg,/mnt/data1/spring/multimodal_project/data/images/855.jpg,9,9,9,0.985871,1,0.000202,7.5e-05,0.000601,3e-05,5.7e-05,2.7e-05,6.4e-05,0.000726,0.00879,0.985871,0.00088,6.7e-05,4e-05,0.002568
1145.jpg,/mnt/data1/spring/multimodal_project/data/images/1145.jpg,11,11,11,0.999738,1,1.5e-05,1.4e-05,5.6e-05,2e-06,0.0,3.2e-05,3.1e-05,0.000101,0.0,0.0,6e-06,0.999738,1e-06,3e-06
502.jpg,/mnt/data1/spring/multimodal_project/data/images/502.jpg,7,7,7,0.975844,1,0.001042,0.009578,0.001381,0.000971,0.000705,0.000996,0.002031,0.975844,0.000389,0.000647,0.003249,0.000941,0.001378,0.000846
1202.jpg,/mnt/data1/spring/multimodal_project/data/images/1202.jpg,12,12,12,0.987973,1,7.4e-05,0.000103,0.000127,0.00012,0.000154,0.000236,6.5e-05,0.000248,0.000626,9.4e-05,0.001005,2.7e-05,0.987973,0.009147
580.jpg,/mnt/data1/spring/multimodal_project/data/images/580.jpg,7,7,7,0.998322,1,2.9e-05,1.3e-05,3e-05,1.7e-05,2.6e-05,3.9e-05,1.7e-05,0.998322,7.1e-05,0.000399,0.000979,9e-06,2.6e-05,2.2e-05
117.jpg,/mnt/data1/spring/multimodal_project/data/images/117.jpg,2,2,2,0.998799,1,0.000445,1.3e-05,0.998799,8e-06,1.9e-05,1e-06,1.8e-05,1.4e-05,3e-06,0.000655,5e-06,7e-06,1.1e-05,1e-06
364.jpg,/mnt/data1/spring/multimodal_project/data/images/364.jpg,5,5,5,0.999956,1,0.0,1e-06,0.0,0.0,0.0,0.999956,1e-05,1e-06,0.0,0.0,2e-06,2.2e-05,5e-06,0.0
747.jpg,/mnt/data1/spring/multimodal_project/data/images/747.jpg,8,8,8,0.828515,1,0.000153,0.000248,0.000333,8.2e-05,0.000191,6.3e-05,0.000117,0.000606,0.828515,0.163119,0.002394,5.5e-05,0.000846,0.003278
543.jpg,/mnt/data1/spring/multimodal_project/data/images/543.jpg,7,7,7,0.990375,1,5.2e-05,0.000507,9.5e-05,0.000481,0.000122,0.000351,7.4e-05,0.990375,0.000766,0.001586,0.00369,0.001475,0.000129,0.000297
912.jpg,/mnt/data1/spring/multimodal_project/data/images/912.jpg,9,9,9,0.967811,1,0.000163,0.000252,0.000134,0.000127,9.6e-05,0.000111,0.000232,0.011764,0.003412,0.967811,0.001915,0.001186,0.000108,0.012689
160.jpg,/mnt/data1/spring/multimodal_project/data/images/160.jpg,2,2,2,0.96226,1,0.022197,0.00076,0.96226,0.001209,0.003124,3.3e-05,0.000565,0.003272,0.000304,0.00243,6.1e-05,0.000651,0.000337,0.002796
691.jpg,/mnt/data1/spring/multimodal_project/data/images/691.jpg,7,7,7,0.888788,1,0.000197,0.000112,0.000567,0.00016,0.000211,0.10529,0.000129,0.888788,5.7e-05,1e-04,0.004109,2.7e-05,0.000139,0.000113
905.jpg,/mnt/data1/spring/multimodal_project/data/images/905.jpg,9,9,9,0.937776,1,0.000194,0.000318,8.9e-05,0.000133,0.000108,0.000286,0.000295,0.008099,0.025973,0.937776,0.000706,0.000571,0.000432,0.02502
238.jpg,/mnt/data1/spring/multimodal_project/data/images/238.jpg,4,4,4,0.999344,1,6e-06,0.000268,1.2e-05,5.4e-05,0.999344,4e-06,0.000147,0.000128,1.9e-05,1e-06,1e-06,5e-06,1e-05,1e-06
1189.jpg,/mnt/data1/spring/multimodal_project/data/images/1189.jpg,12,12,12,0.976076,1,3.5e-05,5.5e-05,8.4e-05,3.2e-05,3.2e-05,7.6e-05,5.3e-05,1.9e-05,0.004903,6.8e-05,0.000223,1e-05,0.976076,0.018332
1352.jpg,/mnt/data1/spring/multimodal_project/data/images/1352.jpg,13,13,13,0.92197,1,0.000239,0.000592,0.000241,0.000469,0.000259,0.001578,0.000463,0.008055,0.000686,0.009481,0.052867,0.000572,0.002527,0.92197
567.jpg,/mnt/data1/spring/multimodal_project/data/images/567.jpg,7,7,7,0.993604,1,3.1e-05,4.1e-05,2.2e-05,3e-05,0.000159,0.005752,4.3e-05,0.993604,3.3e-05,3.9e-05,0.000103,4e-05,6e-05,4.3e-05
360.jpg,/mnt/data1/spring/multimodal_project/data/images/360.jpg,5,5,5,0.986453,1,7.6e-05,0.000162,0.000362,8.9e-05,9.2e-05,0.986453,0.000322,0.008525,3.2e-05,9.5e-05,0.003516,3.9e-05,0.000192,4.5e-05
333.jpg,/mnt/data1/spring/multimodal_project/data/images/333.jpg,5,5,7,0.559368,0,0.000361,0.000648,0.00039,0.000778,0.000838,0.425816,0.000174,0.559368,0.000192,3.5e-05,0.011164,3.3e-05,6.7e-05,0.000136
1080.jpg,/mnt/data1/spring/multimodal_project/data/images/1080.jpg,10,10,10,0.996449,1,2.6e-05,2.1e-05,0.000135,0.000248,9.6e-05,0.000869,4.5e-05,0.000249,0.000341,9e-06,0.996449,8e-06,0.001164,0.00034
172.jpg,/mnt/data1/spring/multimodal_project/data/images/172.jpg,3,3,3,0.99031,1,4e-06,0.00965,1.3e-05,0.99031,5e-06,2e-06,4e-06,4e-06,1e-06,0.0,3e-06,1e-06,1e-06,1e-06
735.jpg,/mnt/data1/spring/multimodal_project/data/images/735.jpg,8,8,8,0.982917,1,7.1e-05,0.000189,0.000267,2.5e-05,1.5e-05,0.000208,3.9e-05,1.4e-05,0.982917,0.000923,0.000431,0.000121,0.012189,0.002591
409.jpg,/mnt/data1/spring/multimodal_project/data/images/409.jpg,5,5,5,0.960226,1,9.5e-05,0.000572,0.00014,0.000587,0.000472,0.960226,0.00025,8.3e-05,0.000377,8e-06,0.011503,1.1e-05,0.025661,1.4e-05
647.jpg,/mnt/data1/spring/multimodal_project/data/images/647.jpg,7,7,7,0.999141,1,1e-05,5e-06,7e-06,9e-06,1.7e-05,1.1e-05,6e-06,0.999141,7e-06,0.000425,0.000343,3e-06,7e-06,9e-06
297.jpg,/mnt/data1/spring/multimodal_project/data/images/297.jpg,5,5,5,0.817611,1,9.2e-05,0.011897,0.002197,0.011619,0.03072,0.817611,0.10758,0.000771,0.008029,0.001814,0.003689,0.002659,0.000932,0.00039
1174.jpg,/mnt/data1/spring/multimodal_project/data/images/1174.jpg,12,12,12,0.83748,1,0.000423,0.001062,0.003592,0.001092,0.000418,0.002032,0.000931,0.001381,0.002448,0.000507,0.021949,0.0002,0.83748,0.126484
311.jpg,/mnt/data1/spring/multimodal_project/data/images/311.jpg,5,5,5,0.997547,1,2e-06,2e-06,2.8e-05,3e-06,0.000146,0.997547,3e-06,0.002152,1e-05,3e-06,6.7e-05,1.1e-05,2.5e-05,1e-06
456.jpg,/mnt/data1/spring/multimodal_project/data/images/456.jpg,6,6,6,0.997869,1,1.4e-05,0.00172,2.7e-05,0.000112,9.5e-05,8e-06,0.997869,8.6e-05,8e-06,2.2e-05,0.0,3e-05,7e-06,2e-06
246.jpg,/mnt/data1/spring/multimodal_project/data/images/246.jpg,4,4,4,0.837387,1,0.000735,0.002608,0.000511,0.156907,0.837387,3.6e-05,0.000327,0.000689,0.000147,7e-05,2e-05,6.5e-05,0.000404,9.5e-05
190.jpg,/mnt/data1/spring/multimodal_project/data/images/190.jpg,3,3,3,0.98986,1,1.3e-05,0.006682,2.3e-05,0.98986,0.003188,3e-05,5.2e-05,6.3e-05,4e-06,2e-06,2.7e-05,8e-06,3.5e-05,1.2e-05
714.jpg,/mnt/data1/spring/multimodal_project/data/images/714.jpg,8,8,9,0.735314,0,0.000659,0.000538,0.001369,0.000243,0.000281,5.6e-05,8.1e-05,0.000277,0.186741,0.735314,0.05679,0.00013,0.000208,0.017315
112.jpg,/mnt/data1/spring/multimodal_project/data/images/112.jpg,2,2,2,0.986782,1,0.002697,0.00013,0.986782,0.000223,0.000185,3e-05,0.000185,0.000103,0.000107,0.009201,3e-05,5.7e-05,0.000186,8.5e-05
538.jpg,/mnt/data1/spring/multimodal_project/data/images/538.jpg,7,7,7,0.98478,1,4.2e-05,0.000103,3.3e-05,0.000113,4.3e-05,0.000171,4.6e-05,0.98478,0.000101,0.012148,0.000132,0.000459,5.2e-05,0.001777
68.jpg,/mnt/data1/spring/multimodal_project/data/images/68.jpg,1,1,1,0.782068,1,0.002362,0.782068,0.000421,0.198469,0.004619,0.001273,0.000837,0.007268,0.000479,0.000127,0.000822,0.000451,0.000219,0.000583
1378.jpg,/mnt/data1/spring/multimodal_project/data/images/1378.jpg,13,13,13,0.986634,1,0.000105,6.1e-05,0.000558,6.1e-05,6.9e-05,6.9e-05,3.8e-05,1.6e-05,0.002902,0.007527,0.000223,3.5e-05,0.001704,0.986634
88.jpg,/mnt/data1/spring/multimodal_project/data/images/88.jpg,1,1,1,0.937595,1,1.3e-05,0.937595,1.1e-05,0.061042,2.4e-05,8e-05,0.001084,8.1e-05,5e-06,4e-06,1e-06,5.2e-05,1e-06,7e-06
558.jpg,/mnt/data1/spring/multimodal_project/data/images/558.jpg,7,7,7,0.996657,1,5.6e-05,3.2e-05,2.9e-05,4.9e-05,4.4e-05,2e-05,4.3e-05,0.996657,0.00012,0.001418,0.001353,6.2e-05,4.4e-05,7.3e-05
998.jpg,/mnt/data1/spring/multimodal_project/data/images/998.jpg,10,10,10,0.993948,1,6.3e-05,3.2e-05,0.000128,1.7e-05,3.1e-05,0.000115,1.4e-05,5.8e-05,0.001221,0.00313,0.993948,9e-06,4.9e-05,0.001186
997.jpg,/mnt/data1/spring/multimodal_project/data/images/997.jpg,10,10,10,0.997012,1,8.3e-05,5.1e-05,2.5e-05,5.8e-05,4.2e-05,0.000276,5.8e-05,0.000517,0.000523,0.000115,0.997012,8.8e-05,7.7e-05,0.001074
327.jpg,/mnt/data1/spring/multimodal_project/data/images/327.jpg,5,5,5,0.997005,1,4.9e-05,1.7e-05,0.001045,3.5e-05,4.1e-05,0.997005,1.5e-05,0.000842,9.7e-05,1.4e-05,0.000111,0.000345,0.000369,1.4e-05
909.jpg,/mnt/data1/spring/multimodal_project/data/images/909.jpg,9,9,9,0.99853,1,1.6e-05,1e-05,5e-06,3e-06,2e-06,4e-06,1.4e-05,0.000762,0.000411,0.99853,4.8e-05,7.2e-05,7e-06,0.000116
1318.jpg,/mnt/data1/spring/multimodal_project/data/images/1318.jpg,13,13,13,0.890634,1,0.000748,0.002068,0.001374,0.001205,0.000635,0.002212,0.000407,0.035957,0.019005,0.01877,0.00704,0.004245,0.015701,0.890634
1198.jpg,/mnt/data1/spring/multimodal_project/data/images/1198.jpg,12,12,12,0.75138,1,1.3e-05,4.4e-05,0.000106,8.5e-05,5.1e-05,4.6e-05,2.5e-05,5.9e-05,0.000283,7.2e-05,7.2e-05,9e-06,0.75138,0.247755
561.jpg,/mnt/data1/spring/multimodal_project/data/images/561.jpg,7,7,7,0.997371,1,2.2e-05,7e-06,1.8e-05,8e-06,3.5e-05,7.4e-05,8e-06,0.997371,1.4e-05,0.000662,0.001757,2e-06,8e-06,1.4e-05
926.jpg,/mnt/data1/spring/multimodal_project/data/images/926.jpg,9,9,9,0.997257,1,0.000301,5e-06,2.5e-05,1e-06,2e-06,0.0,1e-06,7e-06,0.002039,0.997257,2e-06,4e-06,0.000172,0.000184
711.jpg,/mnt/data1/spring/multimodal_project/data/images/711.jpg,8,8,8,0.960571,1,5.2e-05,2.8e-05,8.2e-05,1.8e-05,1.8e-05,2.9e-05,1.5e-05,8.7e-05,0.960571,0.033989,0.004304,9e-06,9.3e-05,0.000705
1249.jpg,/mnt/data1/spring/multimodal_project/data/images/1249.jpg,12,12,5,0.53835,0,0.000206,0.003671,0.009424,0.005314,0.006448,0.53835,0.003041,0.009026,0.001469,0.000607,0.006826,0.001682,0.397151,0.016784
1336.jpg,/mnt/data1/spring/multimodal_project/data/images/1336.jpg,13,13,13,0.999669,1,0.0,7e-06,2e-06,3e-06,2e-06,6e-06,1e-06,1e-06,1e-04,1.1e-05,0.000141,1e-06,5.7e-05,0.999669
277.jpg,/mnt/data1/spring/multimodal_project/data/images/277.jpg,5,5,5,0.999871,1,0.0,3e-06,3e-06,1.6e-05,1.4e-05,0.999871,2.1e-05,5e-06,5e-06,0.0,2.5e-05,1e-06,3.3e-05,2e-06
244.jpg,/mnt/data1/spring/multimodal_project/data/images/244.jpg,4,4,4,0.988284,1,0.000168,0.000576,0.00025,0.008974,0.988284,6.7e-05,0.000658,0.000885,6.5e-05,1.3e-05,1.5e-05,9e-06,2.9e-05,6e-06
39.jpg,/mnt/data1/spring/multimodal_project/data/images/39.jpg,0,0,0,0.893879,1,0.893879,0.00122,0.074316,0.001658,0.001243,0.000501,0.001155,0.001912,0.001414,0.018551,0.000553,0.000276,0.002704,0.000618
446.jpg,/mnt/data1/spring/multimodal_project/data/images/446.jpg,6,6,6,0.9565,1,0.004583,0.015748,0.006156,0.002873,0.004906,0.000501,0.9565,0.001231,0.000868,0.003282,0.000112,0.00258,6.5e-05,0.000594
759.jpg,/mnt/data1/spring/multimodal_project/data/images/759.jpg,8,8,8,0.987766,1,0.000425,0.000164,0.000162,4e-05,1e-04,0.000684,0.000278,0.001129,0.987766,0.003694,0.000643,0.001272,0.002756,0.000886
222.jpg,/mnt/data1/spring/multimodal_project/data/images/222.jpg,4,4,4,0.997203,1,0.000107,0.000591,2.5e-05,0.000946,0.997203,5e-05,0.000353,0.000664,1.4e-05,1e-05,3e-06,1.3e-05,1.9e-05,3e-06
417.jpg,/mnt/data1/spring/multimodal_project/data/images/417.jpg,6,6,6,0.994274,1,4.1e-05,0.001188,1.3e-05,0.000179,0.002246,7.4e-05,0.994274,0.000255,7.7e-05,5.5e-05,2.8e-05,0.00149,2.8e-05,5.3e-05
1074.jpg,/mnt/data1/spring/multimodal_project/data/images/1074.jpg,10,10,10,0.417347,1,0.008187,0.002533,0.013533,0.007016,0.010424,0.001895,0.008278,0.36583,0.036589,0.004493,0.417347,0.009997,0.009305,0.104571
1234.jpg,/mnt/data1/spring/multimodal_project/data/images/1234.jpg,12,12,12,0.893228,1,4.9e-05,0.000152,0.000632,0.000939,0.00015,0.001785,9.9e-05,3e-05,0.002404,2.7e-05,0.00146,4.5e-05,0.893228,0.099001
78.jpg,/mnt/data1/spring/multimodal_project/data/images/78.jpg,1,1,1,0.884527,1,2.9e-05,0.884527,4.5e-05,0.10823,0.001011,1.3e-05,0.005358,4.4e-05,0.000245,4.1e-05,2.1e-05,7.2e-05,0.000325,3.9e-05
430.jpg,/mnt/data1/spring/multimodal_project/data/images/430.jpg,6,6,6,0.979993,1,0.00079,0.01347,0.000307,0.002368,0.001163,4.1e-05,0.979993,0.000436,0.000197,0.000916,4.6e-05,0.000124,5e-05,9.9e-05
357.jpg,/mnt/data1/spring/multimodal_project/data/images/357.jpg,5,5,5,0.8696,1,8.9e-05,2.5e-05,0.000941,6.9e-05,0.000473,0.8696,1.8e-05,0.047298,6.1e-05,1.7e-05,0.081075,3e-06,0.000319,1.3e-05
100.jpg,/mnt/data1/spring/multimodal_project/data/images/100.jpg,2,2,2,0.99688,1,0.001867,4.4e-05,0.99688,3e-05,4.1e-05,1.2e-05,6.1e-05,2.2e-05,3.7e-05,0.000741,1.5e-05,1.1e-05,0.000231,9e-06
1164.jpg,/mnt/data1/spring/multimodal_project/data/images/1164.jpg,11,11,11,0.999086,1,0.000334,0.000145,0.000211,0.000129,1.2e-05,0.0,1.3e-05,5e-06,8e-06,1.1e-05,1e-05,0.999086,2.3e-05,1.2e-05
1152.jpg,/mnt/data1/spring/multimodal_project/data/images/1152.jpg,11,11,11,0.999437,1,7e-06,7e-06,2.5e-05,2e-06,5e-06,3e-06,3e-06,0.00015,3e-05,0.000169,0.00013,0.999437,4e-06,2.8e-05
432.jpg,/mnt/data1/spring/multimodal_project/data/images/432.jpg,6,6,6,0.953616,1,0.001087,0.039927,6.7e-05,0.000427,0.003008,4.3e-05,0.953616,0.001007,0.000157,0.000192,7e-06,0.000432,1.3e-05,1.7e-05
931.jpg,/mnt/data1/spring/multimodal_project/data/images/931.jpg,9,9,9,0.97575,1,0.000586,4e-06,0.000349,1.5e-05,1.6e-05,4e-06,6e-06,0.00012,0.022438,0.97575,1e-05,1e-05,3.1e-05,0.000663
1302.jpg,/mnt/data1/spring/multimodal_project/data/images/1302.jpg,13,13,13,0.956014,1,8.2e-05,0.000399,0.000991,0.000244,0.000194,0.001323,0.00011,0.001201,0.000214,0.000169,0.035735,9.4e-05,0.00323,0.956014
233.jpg,/mnt/data1/spring/multimodal_project/data/images/233.jpg,4,4,4,0.983036,1,0.000144,0.004926,8.5e-05,0.006421,0.983036,0.000139,0.002146,0.001046,0.000213,7e-05,3.7e-05,3.4e-05,0.000957,0.000746
637.jpg,/mnt/data1/spring/multimodal_project/data/images/637.jpg,7,7,7,0.992618,1,0.000137,0.000105,0.000148,4.4e-05,0.000118,0.00056,0.000385,0.992618,0.000107,0.001047,0.00252,0.001239,2.9e-05,0.000943
227.jpg,/mnt/data1/spring/multimodal_project/data/images/227.jpg,4,4,4,0.997851,1,7.5e-05,0.001036,7e-06,7e-05,0.997851,2e-06,0.0005,0.000428,1.9e-05,2e-06,1e-06,7e-06,2e-06,0.0
873.jpg,/mnt/data1/spring/multimodal_project/data/images/873.jpg,9,9,9,0.895524,1,0.001022,0.001478,0.001016,0.001446,0.000984,0.000326,0.00131,0.044268,0.032184,0.895524,0.007295,0.001023,0.000533,0.011591
13.jpg,/mnt/data1/spring/multimodal_project/data/images/13.jpg,0,0,0,0.986555,1,0.986555,0.000462,0.00842,0.000172,0.000163,0.000277,0.000547,0.000399,0.000806,0.001817,4.4e-05,7.5e-05,0.000167,9.6e-05
