image_name,image_path,true_label,true_label_enc,pred_label_enc,confidence,correct,prob_class_0,prob_class_1,prob_class_2,prob_class_3,prob_class_4,prob_class_5,prob_class_6,prob_class_7,prob_class_8,prob_class_9,prob_class_10,prob_class_11,prob_class_12,prob_class_13
1258.jpg,/mnt/data1/spring/multimodal_project/data/images/1258.jpg,12,12,7,0.162495,0,0.046538,0.025213,0.046961,0.026726,0.034581,0.113439,0.046053,0.162495,0.079328,0.090567,0.10625,0.061308,0.081378,0.079161
554.jpg,/mnt/data1/spring/multimodal_project/data/images/554.jpg,7,7,7,0.162495,1,0.046538,0.025213,0.046962,0.026726,0.034581,0.11344,0.046053,0.162495,0.079328,0.090568,0.10625,0.061308,0.081378,0.079161
171.jpg,/mnt/data1/spring/multimodal_project/data/images/171.jpg,3,3,7,0.162495,0,0.046538,0.025213,0.046961,0.026726,0.034581,0.11344,0.046053,0.162495,0.079328,0.090567,0.10625,0.061308,0.081378,0.079161
875.jpg,/mnt/data1/spring/multimodal_project/data/images/875.jpg,9,9,7,0.162495,0,0.046538,0.025213,0.046962,0.026726,0.034581,0.113439,0.046053,0.162495,0.079328,0.090568,0.10625,0.061308,0.081378,0.079161
1098.jpg,/mnt/data1/spring/multimodal_project/data/images/1098.jpg,11,11,7,0.162495,0,0.046538,0.025213,0.046961,0.026726,0.034581,0.113439,0.046053,0.162495,0.079328,0.090568,0.10625,0.061308,0.081378,0.079161
582.jpg,/mnt/data1/spring/multimodal_project/data/images/582.jpg,7,7,7,0.162495,1,0.046538,0.025213,0.046962,0.026726,0.034581,0.11344,0.046053,0.162495,0.079328,0.090568,0.10625,0.061308,0.081378,0.079161
520.jpg,/mnt/data1/spring/multimodal_project/data/images/520.jpg,7,7,7,0.162495,1,0.046538,0.025213,0.046962,0.026726,0.034581,0.113439,0.046053,0.162495,0.079328,0.090568,0.10625,0.061308,0.081378,0.079161
1103.jpg,/mnt/data1/spring/multimodal_project/data/images/1103.jpg,11,11,7,0.162495,0,0.046538,0.025213,0.046961,0.026726,0.034581,0.113439,0.046053,0.162495,0.079328,0.090568,0.10625,0.061308,0.081378,0.079161
267.jpg,/mnt/data1/spring/multimodal_project/data/images/267.jpg,5,5,7,0.162495,0,0.046538,0.025213,0.046962,0.026726,0.034581,0.11344,0.046053,0.162495,0.079328,0.090568,0.10625,0.061308,0.081378,0.079161
463.jpg,/mnt/data1/spring/multimodal_project/data/images/463.jpg,6,6,7,0.162495,0,0.046538,0.025213,0.046962,0.026726,0.034581,0.113439,0.046053,0.162495,0.079328,0.090568,0.10625,0.061308,0.081378,0.079161
191.jpg,/mnt/data1/spring/multimodal_project/data/images/191.jpg,3,3,7,0.162495,0,0.046538,0.025213,0.046961,0.026726,0.034581,0.113439,0.046053,0.162495,0.079328,0.090567,0.10625,0.061308,0.081378,0.079161
1298.jpg,/mnt/data1/spring/multimodal_project/data/images/1298.jpg,13,13,7,0.162495,0,0.046538,0.025213,0.046961,0.026726,0.034581,0.113439,0.046053,0.162495,0.079328,0.090568,0.10625,0.061308,0.081378,0.079161
1166.jpg,/mnt/data1/spring/multimodal_project/data/images/1166.jpg,11,11,7,0.162495,0,0.046538,0.025213,0.046962,0.026726,0.034581,0.113439,0.046053,0.162495,0.079328,0.090568,0.10625,0.061308,0.081378,0.079161
796.jpg,/mnt/data1/spring/multimodal_project/data/images/796.jpg,8,8,7,0.162495,0,0.046538,0.025213,0.046961,0.026726,0.034581,0.113439,0.046053,0.162495,0.079328,0.090568,0.10625,0.061308,0.081378,0.079161
659.jpg,/mnt/data1/spring/multimodal_project/data/images/659.jpg,7,7,7,0.162495,1,0.046538,0.025213,0.046962,0.026726,0.034581,0.11344,0.046053,0.162495,0.079328,0.090568,0.10625,0.061308,0.081378,0.079161
1086.jpg,/mnt/data1/spring/multimodal_project/data/images/1086.jpg,10,10,7,0.162495,0,0.046538,0.025213,0.046961,0.026726,0.034581,0.113439,0.046053,0.162495,0.079328,0.090568,0.10625,0.061308,0.081378,0.079161
1076.jpg,/mnt/data1/spring/multimodal_project/data/images/1076.jpg,10,10,7,0.162495,0,0.046538,0.025213,0.046962,0.026726,0.034581,0.113439,0.046053,0.162495,0.079328,0.090568,0.10625,0.061308,0.081378,0.079161
475.jpg,/mnt/data1/spring/multimodal_project/data/images/475.jpg,7,7,7,0.162495,1,0.046538,0.025213,0.046961,0.026726,0.034581,0.113439,0.046053,0.162495,0.079328,0.090568,0.10625,0.061308,0.081378,0.079161
973.jpg,/mnt/data1/spring/multimodal_project/data/images/973.jpg,10,10,7,0.162495,0,0.046538,0.025213,0.046962,0.026726,0.034581,0.11344,0.046053,0.162495,0.079328,0.090568,0.10625,0.061308,0.081378,0.079161
699.jpg,/mnt/data1/spring/multimodal_project/data/images/699.jpg,7,7,7,0.162495,1,0.046538,0.025213,0.046961,0.026726,0.034581,0.113439,0.046053,0.162495,0.079328,0.090568,0.10625,0.061308,0.081378,0.079161
22.jpg,/mnt/data1/spring/multimodal_project/data/images/22.jpg,0,0,7,0.162495,0,0.046538,0.025213,0.046962,0.026726,0.034581,0.11344,0.046053,0.162495,0.079328,0.090568,0.10625,0.061308,0.081378,0.079161
329.jpg,/mnt/data1/spring/multimodal_project/data/images/329.jpg,5,5,7,0.162495,0,0.046538,0.025213,0.046962,0.026726,0.034581,0.11344,0.046053,0.162495,0.079328,0.090568,0.10625,0.061308,0.081378,0.079161
898.jpg,/mnt/data1/spring/multimodal_project/data/images/898.jpg,9,9,7,0.162495,0,0.046538,0.025213,0.046961,0.026726,0.034581,0.113439,0.046053,0.162495,0.079328,0.090568,0.10625,0.061308,0.081378,0.079161
807.jpg,/mnt/data1/spring/multimodal_project/data/images/807.jpg,8,8,7,0.162495,0,0.046538,0.025213,0.046961,0.026726,0.034581,0.113439,0.046053,0.162495,0.079328,0.090568,0.10625,0.061308,0.081378,0.079161
1324.jpg,/mnt/data1/spring/multimodal_project/data/images/1324.jpg,13,13,7,0.162495,0,0.046538,0.025213,0.046962,0.026726,0.034581,0.11344,0.046053,0.162495,0.079328,0.090568,0.10625,0.061308,0.081378,0.079161
999.jpg,/mnt/data1/spring/multimodal_project/data/images/999.jpg,10,10,7,0.162495,0,0.046538,0.025213,0.046961,0.026726,0.034581,0.11344,0.046053,0.162495,0.079328,0.090568,0.10625,0.061308,0.081378,0.079161
406.jpg,/mnt/data1/spring/multimodal_project/data/images/406.jpg,5,5,7,0.162495,0,0.046538,0.025213,0.046961,0.026726,0.034581,0.113439,0.046053,0.162495,0.079328,0.090568,0.10625,0.061308,0.081378,0.079161
853.jpg,/mnt/data1/spring/multimodal_project/data/images/853.jpg,9,9,7,0.162495,0,0.046538,0.025213,0.046962,0.026726,0.034581,0.11344,0.046053,0.162495,0.079328,0.090568,0.10625,0.061308,0.081378,0.079161
817.jpg,/mnt/data1/spring/multimodal_project/data/images/817.jpg,9,9,7,0.162495,0,0.046538,0.025213,0.046961,0.026726,0.034581,0.113439,0.046053,0.162495,0.079328,0.090568,0.10625,0.061308,0.081378,0.079161
1344.jpg,/mnt/data1/spring/multimodal_project/data/images/1344.jpg,13,13,7,0.162495,0,0.046538,0.025213,0.046962,0.026726,0.034581,0.11344,0.046053,0.162495,0.079328,0.090568,0.10625,0.061308,0.081378,0.079161
207.jpg,/mnt/data1/spring/multimodal_project/data/images/207.jpg,4,4,7,0.162495,0,0.046538,0.025213,0.046962,0.026726,0.034581,0.113439,0.046053,0.162495,0.079328,0.090568,0.10625,0.061308,0.081378,0.079161
390.jpg,/mnt/data1/spring/multimodal_project/data/images/390.jpg,5,5,7,0.162495,0,0.046538,0.025213,0.046962,0.026726,0.034581,0.11344,0.046053,0.162495,0.079328,0.090568,0.10625,0.061308,0.081378,0.079161
872.jpg,/mnt/data1/spring/multimodal_project/data/images/872.jpg,9,9,7,0.162495,0,0.046538,0.025213,0.046962,0.026726,0.034581,0.113439,0.046053,0.162495,0.079328,0.090568,0.10625,0.061308,0.081378,0.079161
473.jpg,/mnt/data1/spring/multimodal_project/data/images/473.jpg,6,6,7,0.162495,0,0.046538,0.025213,0.046961,0.026726,0.034581,0.113439,0.046053,0.162495,0.079328,0.090568,0.10625,0.061308,0.081378,0.079161
447.jpg,/mnt/data1/spring/multimodal_project/data/images/447.jpg,6,6,7,0.162495,0,0.046538,0.025213,0.046962,0.026726,0.034581,0.113439,0.046053,0.162495,0.079328,0.090568,0.10625,0.061308,0.081378,0.079161
50.jpg,/mnt/data1/spring/multimodal_project/data/images/50.jpg,0,0,7,0.162495,0,0.046538,0.025213,0.046962,0.026726,0.034581,0.11344,0.046053,0.162495,0.079328,0.090568,0.10625,0.061308,0.081378,0.079161
908.jpg,/mnt/data1/spring/multimodal_project/data/images/908.jpg,9,9,7,0.162495,0,0.046538,0.025213,0.046961,0.026726,0.034581,0.113439,0.046053,0.162495,0.079328,0.090568,0.10625,0.061308,0.081378,0.079161
1351.jpg,/mnt/data1/spring/multimodal_project/data/images/1351.jpg,13,13,7,0.162495,0,0.046538,0.025213,0.046962,0.026726,0.034581,0.11344,0.046053,0.162495,0.079328,0.090568,0.10625,0.061308,0.081378,0.079161
762.jpg,/mnt/data1/spring/multimodal_project/data/images/762.jpg,8,8,7,0.162495,0,0.046538,0.025213,0.046961,0.026726,0.034581,0.113439,0.046053,0.162495,0.079328,0.090568,0.10625,0.061308,0.081378,0.079161
289.jpg,/mnt/data1/spring/multimodal_project/data/images/289.jpg,5,5,7,0.162495,0,0.046538,0.025213,0.046962,0.026726,0.034581,0.11344,0.046053,0.162495,0.079328,0.090568,0.10625,0.061308,0.081378,0.079161
192.jpg,/mnt/data1/spring/multimodal_project/data/images/192.jpg,3,3,7,0.162495,0,0.046538,0.025213,0.046961,0.026726,0.034581,0.113439,0.046053,0.162495,0.079328,0.090568,0.10625,0.061308,0.081378,0.079161
783.jpg,/mnt/data1/spring/multimodal_project/data/images/783.jpg,8,8,7,0.162495,0,0.046538,0.025213,0.046961,0.026726,0.034581,0.113439,0.046053,0.162495,0.079328,0.090568,0.10625,0.061308,0.081378,0.079161
589.jpg,/mnt/data1/spring/multimodal_project/data/images/589.jpg,7,7,7,0.162495,1,0.046538,0.025213,0.046962,0.026726,0.034581,0.11344,0.046053,0.162495,0.079328,0.090568,0.10625,0.061308,0.081378,0.079161
1171.jpg,/mnt/data1/spring/multimodal_project/data/images/1171.jpg,11,11,7,0.162495,0,0.046538,0.025213,0.046962,0.026726,0.034581,0.113439,0.046053,0.162495,0.079328,0.090568,0.10625,0.061308,0.081378,0.079161
1252.jpg,/mnt/data1/spring/multimodal_project/data/images/1252.jpg,12,12,7,0.162495,0,0.046538,0.025213,0.046961,0.026726,0.034581,0.113439,0.046053,0.162495,0.079328,0.090567,0.10625,0.061308,0.081378,0.079161
862.jpg,/mnt/data1/spring/multimodal_project/data/images/862.jpg,9,9,7,0.162495,0,0.046538,0.025213,0.046962,0.026726,0.034581,0.113439,0.046053,0.162495,0.079328,0.090568,0.10625,0.061308,0.081378,0.079161
1022.jpg,/mnt/data1/spring/multimodal_project/data/images/1022.jpg,10,10,7,0.162495,0,0.046538,0.025213,0.046962,0.026726,0.034581,0.11344,0.046053,0.162495,0.079328,0.090568,0.10625,0.061308,0.081378,0.079161
1158.jpg,/mnt/data1/spring/multimodal_project/data/images/1158.jpg,11,11,7,0.162495,0,0.046538,0.025213,0.046962,0.026726,0.034581,0.11344,0.046053,0.162495,0.079328,0.090568,0.10625,0.061308,0.081378,0.079161
508.jpg,/mnt/data1/spring/multimodal_project/data/images/508.jpg,7,7,7,0.162495,1,0.046538,0.025213,0.046962,0.026726,0.034581,0.113439,0.046053,0.162495,0.079328,0.090567,0.10625,0.061308,0.081378,0.079161
109.jpg,/mnt/data1/spring/multimodal_project/data/images/109.jpg,2,2,7,0.162495,0,0.046538,0.025213,0.046961,0.026726,0.034581,0.113439,0.046053,0.162495,0.079328,0.090568,0.10625,0.061308,0.081378,0.079161
838.jpg,/mnt/data1/spring/multimodal_project/data/images/838.jpg,9,9,7,0.162495,0,0.046538,0.025213,0.046961,0.026726,0.034581,0.113439,0.046053,0.162495,0.079328,0.090568,0.10625,0.061308,0.081378,0.079161
1048.jpg,/mnt/data1/spring/multimodal_project/data/images/1048.jpg,10,10,7,0.162495,0,0.046538,0.025213,0.046962,0.026726,0.034581,0.11344,0.046053,0.162495,0.079328,0.090568,0.10625,0.061308,0.081378,0.079161
1096.jpg,/mnt/data1/spring/multimodal_project/data/images/1096.jpg,11,11,7,0.162495,0,0.046538,0.025213,0.046962,0.026726,0.034581,0.113439,0.046053,0.162495,0.079328,0.090568,0.10625,0.061308,0.081378,0.079161
77.jpg,/mnt/data1/spring/multimodal_project/data/images/77.jpg,1,1,7,0.162495,0,0.046538,0.025213,0.046962,0.026726,0.034581,0.113439,0.046053,0.162495,0.079328,0.090568,0.10625,0.061308,0.081378,0.079161
1357.jpg,/mnt/data1/spring/multimodal_project/data/images/1357.jpg,13,13,7,0.162495,0,0.046538,0.025213,0.046962,0.026726,0.034581,0.113439,0.046053,0.162495,0.079328,0.090568,0.10625,0.061308,0.081378,0.079161
1367.jpg,/mnt/data1/spring/multimodal_project/data/images/1367.jpg,13,13,7,0.162495,0,0.046538,0.025213,0.046962,0.026726,0.034581,0.11344,0.046053,0.162495,0.079328,0.090568,0.10625,0.061308,0.081378,0.079161
451.jpg,/mnt/data1/spring/multimodal_project/data/images/451.jpg,6,6,7,0.162495,0,0.046538,0.025213,0.046962,0.026726,0.034581,0.113439,0.046053,0.162495,0.079328,0.090568,0.10625,0.061308,0.081378,0.079161
980.jpg,/mnt/data1/spring/multimodal_project/data/images/980.jpg,10,10,7,0.162495,0,0.046538,0.025213,0.046962,0.026726,0.034581,0.11344,0.046053,0.162495,0.079328,0.090568,0.10625,0.061308,0.081378,0.079161
232.jpg,/mnt/data1/spring/multimodal_project/data/images/232.jpg,4,4,7,0.162495,0,0.046538,0.025213,0.046962,0.026726,0.034581,0.113439,0.046053,0.162495,0.079328,0.090568,0.10625,0.061308,0.081378,0.079161
85.jpg,/mnt/data1/spring/multimodal_project/data/images/85.jpg,1,1,7,0.162495,0,0.046538,0.025213,0.046962,0.026726,0.034581,0.113439,0.046053,0.162495,0.079328,0.090568,0.10625,0.061308,0.081378,0.079161
307.jpg,/mnt/data1/spring/multimodal_project/data/images/307.jpg,5,5,7,0.162495,0,0.046538,0.025213,0.046962,0.026726,0.034581,0.11344,0.046053,0.162495,0.079328,0.090568,0.10625,0.061308,0.081378,0.079161
187.jpg,/mnt/data1/spring/multimodal_project/data/images/187.jpg,3,3,7,0.162495,0,0.046538,0.025213,0.046961,0.026726,0.034581,0.113439,0.046053,0.162495,0.079328,0.090567,0.10625,0.061308,0.081378,0.079161
301.jpg,/mnt/data1/spring/multimodal_project/data/images/301.jpg,5,5,7,0.162495,0,0.046538,0.025213,0.046962,0.026726,0.034581,0.11344,0.046053,0.162495,0.079328,0.090568,0.10625,0.061308,0.081378,0.079161
11.jpg,/mnt/data1/spring/multimodal_project/data/images/11.jpg,0,0,7,0.162495,0,0.046538,0.025213,0.046962,0.026726,0.034581,0.113439,0.046053,0.162495,0.079328,0.090568,0.10625,0.061308,0.081378,0.079161
975.jpg,/mnt/data1/spring/multimodal_project/data/images/975.jpg,10,10,7,0.162495,0,0.046538,0.025213,0.046962,0.026726,0.034581,0.11344,0.046053,0.162495,0.079328,0.090568,0.10625,0.061308,0.081378,0.079161
485.jpg,/mnt/data1/spring/multimodal_project/data/images/485.jpg,7,7,7,0.162495,1,0.046538,0.025213,0.046962,0.026726,0.034581,0.11344,0.046053,0.162495,0.079328,0.090568,0.10625,0.061308,0.081378,0.079161
38.jpg,/mnt/data1/spring/multimodal_project/data/images/38.jpg,0,0,7,0.162495,0,0.046538,0.025213,0.046962,0.026726,0.034581,0.11344,0.046053,0.162495,0.079328,0.090568,0.10625,0.061308,0.081378,0.079161
945.jpg,/mnt/data1/spring/multimodal_project/data/images/945.jpg,10,10,7,0.162495,0,0.046538,0.025213,0.046962,0.026726,0.034581,0.11344,0.046053,0.162495,0.079328,0.090568,0.10625,0.061308,0.081378,0.079161
197.jpg,/mnt/data1/spring/multimodal_project/data/images/197.jpg,3,3,7,0.162495,0,0.046538,0.025213,0.046961,0.026726,0.034581,0.113439,0.046053,0.162495,0.079328,0.090567,0.10625,0.061308,0.081378,0.079161
594.jpg,/mnt/data1/spring/multimodal_project/data/images/594.jpg,7,7,7,0.162495,1,0.046538,0.025213,0.046962,0.026726,0.034581,0.11344,0.046053,0.162495,0.079328,0.090568,0.10625,0.061308,0.081378,0.079161
43.jpg,/mnt/data1/spring/multimodal_project/data/images/43.jpg,0,0,7,0.162495,0,0.046538,0.025213,0.046962,0.026726,0.034581,0.11344,0.046053,0.162495,0.079328,0.090568,0.10625,0.061308,0.081378,0.079161
900.jpg,/mnt/data1/spring/multimodal_project/data/images/900.jpg,9,9,7,0.162495,0,0.046538,0.025213,0.046961,0.026726,0.034581,0.113439,0.046053,0.162495,0.079328,0.090568,0.10625,0.061308,0.081378,0.079161
178.jpg,/mnt/data1/spring/multimodal_project/data/images/178.jpg,3,3,7,0.162495,0,0.046538,0.025213,0.046961,0.026726,0.034581,0.113439,0.046053,0.162495,0.079328,0.090567,0.10625,0.061308,0.081378,0.079161
198.jpg,/mnt/data1/spring/multimodal_project/data/images/198.jpg,3,3,7,0.162495,0,0.046538,0.025213,0.046961,0.026726,0.034581,0.113439,0.046053,0.162495,0.079328,0.090568,0.10625,0.061308,0.081378,0.079161
588.jpg,/mnt/data1/spring/multimodal_project/data/images/588.jpg,7,7,7,0.162495,1,0.046538,0.025213,0.046962,0.026726,0.034581,0.11344,0.046053,0.162495,0.079328,0.090568,0.10625,0.061308,0.081378,0.079161
1160.jpg,/mnt/data1/spring/multimodal_project/data/images/1160.jpg,11,11,7,0.162495,0,0.046538,0.025213,0.046962,0.026726,0.034581,0.11344,0.046053,0.162495,0.079328,0.090568,0.10625,0.061308,0.081378,0.079161
865.jpg,/mnt/data1/spring/multimodal_project/data/images/865.jpg,9,9,7,0.162495,0,0.046538,0.025213,0.046962,0.026726,0.034581,0.11344,0.046053,0.162495,0.079328,0.090568,0.10625,0.061308,0.081378,0.079161
153.jpg,/mnt/data1/spring/multimodal_project/data/images/153.jpg,2,2,7,0.162495,0,0.046538,0.025213,0.046961,0.026726,0.034581,0.113439,0.046053,0.162495,0.079328,0.090568,0.10625,0.061308,0.081378,0.079161
575.jpg,/mnt/data1/spring/multimodal_project/data/images/575.jpg,7,7,7,0.162495,1,0.046538,0.025213,0.046962,0.026726,0.034581,0.11344,0.046053,0.162495,0.079328,0.090568,0.10625,0.061308,0.081378,0.079161
1177.jpg,/mnt/data1/spring/multimodal_project/data/images/1177.jpg,12,12,7,0.162495,0,0.046538,0.025213,0.046962,0.026726,0.034581,0.113439,0.046053,0.162495,0.079328,0.090567,0.10625,0.061308,0.081378,0.079161
130.jpg,/mnt/data1/spring/multimodal_project/data/images/130.jpg,2,2,7,0.162495,0,0.046538,0.025213,0.046962,0.026726,0.034581,0.113439,0.046053,0.162495,0.079328,0.090568,0.10625,0.061308,0.081378,0.079161
410.jpg,/mnt/data1/spring/multimodal_project/data/images/410.jpg,5,5,7,0.162495,0,0.046538,0.025213,0.046961,0.026726,0.034581,0.113439,0.046053,0.162495,0.079328,0.090568,0.10625,0.061308,0.081378,0.079161
136.jpg,/mnt/data1/spring/multimodal_project/data/images/136.jpg,2,2,7,0.162495,0,0.046538,0.025213,0.046961,0.026726,0.034581,0.113439,0.046053,0.162495,0.079328,0.090568,0.10625,0.061308,0.081378,0.079161
1146.jpg,/mnt/data1/spring/multimodal_project/data/images/1146.jpg,11,11,7,0.162495,0,0.046538,0.025213,0.046962,0.026726,0.034581,0.113439,0.046053,0.162495,0.079328,0.090568,0.10625,0.061308,0.081378,0.079161
1239.jpg,/mnt/data1/spring/multimodal_project/data/images/1239.jpg,12,12,7,0.162495,0,0.046538,0.025213,0.046961,0.026726,0.034581,0.113439,0.046053,0.162495,0.079328,0.090567,0.10625,0.061308,0.081378,0.079161
1018.jpg,/mnt/data1/spring/multimodal_project/data/images/1018.jpg,10,10,7,0.162495,0,0.046538,0.025213,0.046962,0.026726,0.034581,0.11344,0.046053,0.162495,0.079328,0.090568,0.10625,0.061308,0.081378,0.079161
813.jpg,/mnt/data1/spring/multimodal_project/data/images/813.jpg,8,8,7,0.162495,0,0.046538,0.025213,0.046961,0.026726,0.034581,0.113439,0.046053,0.162495,0.079328,0.090568,0.10625,0.061308,0.081378,0.079161
1220.jpg,/mnt/data1/spring/multimodal_project/data/images/1220.jpg,12,12,7,0.162495,0,0.046538,0.025213,0.046962,0.026726,0.034581,0.11344,0.046053,0.162495,0.079328,0.090567,0.10625,0.061308,0.081378,0.079161
765.jpg,/mnt/data1/spring/multimodal_project/data/images/765.jpg,8,8,7,0.162495,0,0.046538,0.025213,0.046961,0.026726,0.034581,0.113439,0.046053,0.162495,0.079328,0.090568,0.10625,0.061308,0.081378,0.079161
1260.jpg,/mnt/data1/spring/multimodal_project/data/images/1260.jpg,12,12,7,0.162495,0,0.046538,0.025213,0.046961,0.026726,0.034581,0.11344,0.046053,0.162495,0.079328,0.090568,0.10625,0.061308,0.081378,0.079161
145.jpg,/mnt/data1/spring/multimodal_project/data/images/145.jpg,2,2,7,0.162495,0,0.046538,0.025213,0.046961,0.026726,0.034581,0.113439,0.046053,0.162495,0.079328,0.090568,0.10625,0.061308,0.081378,0.079161
982.jpg,/mnt/data1/spring/multimodal_project/data/images/982.jpg,10,10,7,0.162495,0,0.046538,0.025213,0.046962,0.026726,0.034581,0.11344,0.046053,0.162495,0.079328,0.090568,0.10625,0.061308,0.081378,0.079161
1183.jpg,/mnt/data1/spring/multimodal_project/data/images/1183.jpg,12,12,7,0.162495,0,0.046538,0.025213,0.046962,0.026726,0.034581,0.113439,0.046053,0.162495,0.079328,0.090567,0.10625,0.061308,0.081378,0.079161
1029.jpg,/mnt/data1/spring/multimodal_project/data/images/1029.jpg,10,10,7,0.162495,0,0.046538,0.025213,0.046962,0.026726,0.034581,0.11344,0.046053,0.162495,0.079328,0.090568,0.10625,0.061308,0.081378,0.079161
251.jpg,/mnt/data1/spring/multimodal_project/data/images/251.jpg,5,5,7,0.162495,0,0.046538,0.025213,0.046962,0.026726,0.034581,0.11344,0.046053,0.162495,0.079328,0.090568,0.10625,0.061308,0.081378,0.079161
737.jpg,/mnt/data1/spring/multimodal_project/data/images/737.jpg,8,8,7,0.162495,0,0.046538,0.025213,0.046961,0.026726,0.034581,0.113439,0.046053,0.162495,0.079328,0.090568,0.10625,0.061308,0.081378,0.079161
766.jpg,/mnt/data1/spring/multimodal_project/data/images/766.jpg,8,8,7,0.162495,0,0.046538,0.025213,0.046961,0.026726,0.034581,0.113439,0.046053,0.162495,0.079328,0.090568,0.10625,0.061308,0.081378,0.079161
352.jpg,/mnt/data1/spring/multimodal_project/data/images/352.jpg,5,5,7,0.162495,0,0.046538,0.025213,0.046962,0.026726,0.034581,0.11344,0.046053,0.162495,0.079328,0.090568,0.10625,0.061308,0.081378,0.079161
290.jpg,/mnt/data1/spring/multimodal_project/data/images/290.jpg,5,5,7,0.162495,0,0.046538,0.025213,0.046962,0.026726,0.034581,0.11344,0.046053,0.162495,0.079328,0.090568,0.10625,0.061308,0.081378,0.079161
830.jpg,/mnt/data1/spring/multimodal_project/data/images/830.jpg,9,9,7,0.162495,0,0.046538,0.025213,0.046961,0.026726,0.034581,0.113439,0.046053,0.162495,0.079328,0.090568,0.10625,0.061308,0.081378,0.079161
269.jpg,/mnt/data1/spring/multimodal_project/data/images/269.jpg,5,5,7,0.162495,0,0.046538,0.025213,0.046961,0.026726,0.034581,0.11344,0.046053,0.162495,0.079328,0.090568,0.10625,0.061308,0.081378,0.079161
1193.jpg,/mnt/data1/spring/multimodal_project/data/images/1193.jpg,12,12,7,0.162495,0,0.046538,0.025213,0.046962,0.026726,0.034581,0.113439,0.046053,0.162495,0.079328,0.090567,0.10625,0.061308,0.081378,0.079161
399.jpg,/mnt/data1/spring/multimodal_project/data/images/399.jpg,5,5,7,0.162495,0,0.046538,0.025213,0.046962,0.026726,0.034581,0.113439,0.046053,0.162495,0.079328,0.090568,0.10625,0.061308,0.081378,0.079161
127.jpg,/mnt/data1/spring/multimodal_project/data/images/127.jpg,2,2,7,0.162495,0,0.046538,0.025213,0.046961,0.026726,0.034581,0.113439,0.046053,0.162495,0.079328,0.090568,0.10625,0.061308,0.081378,0.079161
1143.jpg,/mnt/data1/spring/multimodal_project/data/images/1143.jpg,11,11,7,0.162495,0,0.046538,0.025213,0.046962,0.026726,0.034581,0.113439,0.046053,0.162495,0.079328,0.090568,0.10625,0.061308,0.081378,0.079161
801.jpg,/mnt/data1/spring/multimodal_project/data/images/801.jpg,8,8,7,0.162495,0,0.046538,0.025213,0.046962,0.026726,0.034581,0.113439,0.046053,0.162495,0.079328,0.090568,0.10625,0.061308,0.081378,0.079161
672.jpg,/mnt/data1/spring/multimodal_project/data/images/672.jpg,7,7,7,0.162495,1,0.046538,0.025213,0.046962,0.026726,0.034581,0.11344,0.046053,0.162495,0.079328,0.090568,0.10625,0.061308,0.081378,0.079161
105.jpg,/mnt/data1/spring/multimodal_project/data/images/105.jpg,2,2,7,0.162495,0,0.046538,0.025213,0.046961,0.026726,0.034581,0.113439,0.046053,0.162495,0.079328,0.090568,0.10625,0.061308,0.081378,0.079161
1185.jpg,/mnt/data1/spring/multimodal_project/data/images/1185.jpg,12,12,7,0.162495,0,0.046538,0.025213,0.046962,0.026726,0.034581,0.113439,0.046053,0.162495,0.079328,0.090567,0.10625,0.061308,0.081378,0.079161
991.jpg,/mnt/data1/spring/multimodal_project/data/images/991.jpg,10,10,7,0.162495,0,0.046538,0.025213,0.046962,0.026726,0.034581,0.11344,0.046053,0.162495,0.079328,0.090568,0.10625,0.061308,0.081378,0.079161
1181.jpg,/mnt/data1/spring/multimodal_project/data/images/1181.jpg,12,12,7,0.162495,0,0.046538,0.025213,0.046962,0.026726,0.034581,0.113439,0.046053,0.162495,0.079328,0.090567,0.10625,0.061308,0.081378,0.079161
161.jpg,/mnt/data1/spring/multimodal_project/data/images/161.jpg,2,2,7,0.162495,0,0.046538,0.025213,0.046961,0.026726,0.034581,0.11344,0.046053,0.162495,0.079328,0.090568,0.10625,0.061308,0.081378,0.079161
860.jpg,/mnt/data1/spring/multimodal_project/data/images/860.jpg,9,9,7,0.162495,0,0.046538,0.025213,0.046962,0.026726,0.034581,0.113439,0.046053,0.162495,0.079328,0.090568,0.10625,0.061308,0.081378,0.079161
800.jpg,/mnt/data1/spring/multimodal_project/data/images/800.jpg,8,8,7,0.162495,0,0.046538,0.025213,0.046962,0.026726,0.034581,0.113439,0.046053,0.162495,0.079328,0.090568,0.10625,0.061308,0.081378,0.079161
1127.jpg,/mnt/data1/spring/multimodal_project/data/images/1127.jpg,11,11,7,0.162495,0,0.046538,0.025213,0.046961,0.026726,0.034581,0.113439,0.046053,0.162495,0.079328,0.090568,0.10625,0.061308,0.081378,0.079161
602.jpg,/mnt/data1/spring/multimodal_project/data/images/602.jpg,7,7,7,0.162495,1,0.046538,0.025213,0.046962,0.026726,0.034581,0.11344,0.046053,0.162495,0.079328,0.090568,0.10625,0.061308,0.081378,0.079161
1170.jpg,/mnt/data1/spring/multimodal_project/data/images/1170.jpg,11,11,7,0.162495,0,0.046538,0.025213,0.046962,0.026726,0.034581,0.113439,0.046053,0.162495,0.079328,0.090568,0.10625,0.061308,0.081378,0.079161
355.jpg,/mnt/data1/spring/multimodal_project/data/images/355.jpg,5,5,7,0.162495,0,0.046538,0.025213,0.046962,0.026726,0.034581,0.11344,0.046053,0.162495,0.079328,0.090568,0.10625,0.061308,0.081378,0.079161
732.jpg,/mnt/data1/spring/multimodal_project/data/images/732.jpg,8,8,7,0.162495,0,0.046538,0.025213,0.046961,0.026726,0.034581,0.113439,0.046053,0.162495,0.079328,0.090568,0.10625,0.061308,0.081378,0.079161
202.jpg,/mnt/data1/spring/multimodal_project/data/images/202.jpg,4,4,7,0.162495,0,0.046538,0.025213,0.046962,0.026726,0.034581,0.113439,0.046053,0.162495,0.079328,0.090568,0.10625,0.061308,0.081378,0.079161
745.jpg,/mnt/data1/spring/multimodal_project/data/images/745.jpg,8,8,7,0.162495,0,0.046538,0.025213,0.046961,0.026726,0.034581,0.113439,0.046053,0.162495,0.079328,0.090568,0.10625,0.061308,0.081378,0.079161
943.jpg,/mnt/data1/spring/multimodal_project/data/images/943.jpg,10,10,7,0.162495,0,0.046538,0.025213,0.046962,0.026726,0.034581,0.11344,0.046053,0.162495,0.079328,0.090568,0.10625,0.061308,0.081378,0.079161
308.jpg,/mnt/data1/spring/multimodal_project/data/images/308.jpg,5,5,7,0.162495,0,0.046538,0.025213,0.046962,0.026726,0.034581,0.11344,0.046053,0.162495,0.079328,0.090568,0.10625,0.061308,0.081378,0.079161
529.jpg,/mnt/data1/spring/multimodal_project/data/images/529.jpg,7,7,7,0.162495,1,0.046538,0.025213,0.046962,0.026726,0.034581,0.11344,0.046053,0.162495,0.079328,0.090568,0.10625,0.061308,0.081378,0.079161
503.jpg,/mnt/data1/spring/multimodal_project/data/images/503.jpg,7,7,7,0.162495,1,0.046538,0.025213,0.046962,0.026726,0.034581,0.113439,0.046053,0.162495,0.079328,0.090568,0.10625,0.061308,0.081378,0.079161
434.jpg,/mnt/data1/spring/multimodal_project/data/images/434.jpg,6,6,7,0.162495,0,0.046538,0.025213,0.046962,0.026726,0.034581,0.11344,0.046053,0.162495,0.079328,0.090568,0.10625,0.061308,0.081378,0.079161
531.jpg,/mnt/data1/spring/multimodal_project/data/images/531.jpg,7,7,7,0.162495,1,0.046538,0.025213,0.046962,0.026726,0.034581,0.11344,0.046053,0.162495,0.079328,0.090568,0.10625,0.061308,0.081378,0.079161
616.jpg,/mnt/data1/spring/multimodal_project/data/images/616.jpg,7,7,7,0.162495,1,0.046538,0.025213,0.046962,0.026726,0.034581,0.11344,0.046053,0.162495,0.079328,0.090568,0.10625,0.061308,0.081378,0.079161
89.jpg,/mnt/data1/spring/multimodal_project/data/images/89.jpg,1,1,7,0.162495,0,0.046538,0.025213,0.046962,0.026726,0.034581,0.113439,0.046053,0.162495,0.079328,0.090568,0.10625,0.061308,0.081378,0.079161
643.jpg,/mnt/data1/spring/multimodal_project/data/images/643.jpg,7,7,7,0.162495,1,0.046538,0.025213,0.046962,0.026726,0.034581,0.11344,0.046053,0.162495,0.079328,0.090568,0.10625,0.061308,0.081378,0.079161
555.jpg,/mnt/data1/spring/multimodal_project/data/images/555.jpg,7,7,7,0.162495,1,0.046538,0.025213,0.046962,0.026726,0.034581,0.11344,0.046053,0.162495,0.079328,0.090568,0.10625,0.061308,0.081378,0.079161
784.jpg,/mnt/data1/spring/multimodal_project/data/images/784.jpg,8,8,7,0.162495,0,0.046538,0.025213,0.046961,0.026726,0.034581,0.113439,0.046053,0.162495,0.079328,0.090568,0.10625,0.061308,0.081378,0.079161
47.jpg,/mnt/data1/spring/multimodal_project/data/images/47.jpg,0,0,7,0.162495,0,0.046538,0.025213,0.046962,0.026726,0.034581,0.11344,0.046053,0.162495,0.079328,0.090568,0.10625,0.061308,0.081378,0.079161
964.jpg,/mnt/data1/spring/multimodal_project/data/images/964.jpg,10,10,7,0.162495,0,0.046538,0.025213,0.046962,0.026726,0.034581,0.11344,0.046053,0.162495,0.079328,0.090568,0.10625,0.061308,0.081378,0.079161
92.jpg,/mnt/data1/spring/multimodal_project/data/images/92.jpg,1,1,7,0.162495,0,0.046538,0.025213,0.046962,0.026726,0.034581,0.113439,0.046053,0.162495,0.079328,0.090568,0.10625,0.061308,0.081378,0.079161
517.jpg,/mnt/data1/spring/multimodal_project/data/images/517.jpg,7,7,7,0.162495,1,0.046538,0.025213,0.046962,0.026726,0.034581,0.11344,0.046053,0.162495,0.079328,0.090568,0.10625,0.061308,0.081378,0.079161
175.jpg,/mnt/data1/spring/multimodal_project/data/images/175.jpg,3,3,7,0.162495,0,0.046538,0.025213,0.046961,0.026726,0.034581,0.113439,0.046053,0.162495,0.079328,0.090567,0.10625,0.061308,0.081378,0.079161
208.jpg,/mnt/data1/spring/multimodal_project/data/images/208.jpg,4,4,7,0.162495,0,0.046538,0.025213,0.046962,0.026726,0.034581,0.113439,0.046053,0.162495,0.079328,0.090568,0.10625,0.061308,0.081378,0.079161
606.jpg,/mnt/data1/spring/multimodal_project/data/images/606.jpg,7,7,7,0.162495,1,0.046538,0.025213,0.046961,0.026726,0.034581,0.11344,0.046053,0.162495,0.079328,0.090568,0.10625,0.061308,0.081378,0.079161
1314.jpg,/mnt/data1/spring/multimodal_project/data/images/1314.jpg,13,13,7,0.162495,0,0.046538,0.025213,0.046961,0.026726,0.034581,0.113439,0.046053,0.162495,0.079328,0.090568,0.10625,0.061308,0.081378,0.079161
792.jpg,/mnt/data1/spring/multimodal_project/data/images/792.jpg,8,8,7,0.162495,0,0.046538,0.025213,0.046962,0.026726,0.034581,0.11344,0.046053,0.162495,0.079328,0.090568,0.10625,0.061308,0.081378,0.079161
683.jpg,/mnt/data1/spring/multimodal_project/data/images/683.jpg,7,7,7,0.162495,1,0.046538,0.025213,0.046962,0.026726,0.034581,0.11344,0.046053,0.162495,0.079328,0.090568,0.10625,0.061308,0.081378,0.079161
897.jpg,/mnt/data1/spring/multimodal_project/data/images/897.jpg,9,9,7,0.162495,0,0.046538,0.025213,0.046961,0.026726,0.034581,0.113439,0.046053,0.162495,0.079328,0.090568,0.10625,0.061308,0.081378,0.079161
718.jpg,/mnt/data1/spring/multimodal_project/data/images/718.jpg,8,8,7,0.162495,0,0.046538,0.025213,0.046961,0.026726,0.034581,0.113439,0.046053,0.162495,0.079328,0.090568,0.10625,0.061308,0.081378,0.079161
753.jpg,/mnt/data1/spring/multimodal_project/data/images/753.jpg,8,8,7,0.162495,0,0.046538,0.025213,0.046962,0.026726,0.034581,0.11344,0.046053,0.162495,0.079328,0.090568,0.10625,0.061308,0.081378,0.079161
727.jpg,/mnt/data1/spring/multimodal_project/data/images/727.jpg,8,8,7,0.162495,0,0.046538,0.025213,0.046961,0.026726,0.034581,0.113439,0.046053,0.162495,0.079328,0.090568,0.10625,0.061308,0.081378,0.079161
871.jpg,/mnt/data1/spring/multimodal_project/data/images/871.jpg,9,9,7,0.162495,0,0.046538,0.025213,0.046962,0.026726,0.034581,0.11344,0.046053,0.162495,0.079328,0.090568,0.10625,0.061308,0.081378,0.079161
887.jpg,/mnt/data1/spring/multimodal_project/data/images/887.jpg,9,9,7,0.162495,0,0.046538,0.025213,0.046962,0.026726,0.034581,0.11344,0.046053,0.162495,0.079328,0.090568,0.10625,0.061308,0.081378,0.079161
196.jpg,/mnt/data1/spring/multimodal_project/data/images/196.jpg,3,3,7,0.162495,0,0.046538,0.025213,0.046962,0.026726,0.034581,0.11344,0.046053,0.162495,0.079328,0.090568,0.10625,0.061308,0.081378,0.079161
1053.jpg,/mnt/data1/spring/multimodal_project/data/images/1053.jpg,10,10,7,0.162495,0,0.046538,0.025213,0.046962,0.026726,0.034581,0.11344,0.046053,0.162495,0.079328,0.090568,0.10625,0.061308,0.081378,0.079161
849.jpg,/mnt/data1/spring/multimodal_project/data/images/849.jpg,9,9,7,0.162495,0,0.046538,0.025213,0.046962,0.026726,0.034581,0.11344,0.046053,0.162495,0.079328,0.090568,0.10625,0.061308,0.081378,0.079161
1000.jpg,/mnt/data1/spring/multimodal_project/data/images/1000.jpg,10,10,7,0.162495,0,0.046538,0.025213,0.046962,0.026726,0.034581,0.11344,0.046053,0.162495,0.079328,0.090568,0.10625,0.061308,0.081378,0.079161
798.jpg,/mnt/data1/spring/multimodal_project/data/images/798.jpg,8,8,7,0.162495,0,0.046538,0.025213,0.046961,0.026726,0.034581,0.113439,0.046053,0.162495,0.079328,0.090568,0.10625,0.061308,0.081378,0.079161
814.jpg,/mnt/data1/spring/multimodal_project/data/images/814.jpg,9,9,7,0.162495,0,0.046538,0.025213,0.046961,0.026726,0.034581,0.113439,0.046053,0.162495,0.079328,0.090568,0.10625,0.061308,0.081378,0.079161
934.jpg,/mnt/data1/spring/multimodal_project/data/images/934.jpg,9,9,7,0.162495,0,0.046538,0.025213,0.046962,0.026726,0.034581,0.113439,0.046053,0.162495,0.079328,0.090568,0.10625,0.061308,0.081378,0.079161
102.jpg,/mnt/data1/spring/multimodal_project/data/images/102.jpg,2,2,7,0.162495,0,0.046538,0.025213,0.046961,0.026726,0.034581,0.113439,0.046053,0.162495,0.079328,0.090568,0.10625,0.061308,0.081378,0.079161
911.jpg,/mnt/data1/spring/multimodal_project/data/images/911.jpg,9,9,7,0.162495,0,0.046538,0.025213,0.046961,0.026726,0.034581,0.113439,0.046053,0.162495,0.079328,0.090568,0.10625,0.061308,0.081378,0.079161
15.jpg,/mnt/data1/spring/multimodal_project/data/images/15.jpg,0,0,7,0.162495,0,0.046538,0.025213,0.046962,0.026726,0.034581,0.113439,0.046053,0.162495,0.079328,0.090568,0.10625,0.061308,0.081378,0.079161
138.jpg,/mnt/data1/spring/multimodal_project/data/images/138.jpg,2,2,7,0.162495,0,0.046538,0.025213,0.046961,0.026726,0.034581,0.113439,0.046053,0.162495,0.079328,0.090568,0.10625,0.061308,0.081378,0.079161
1304.jpg,/mnt/data1/spring/multimodal_project/data/images/1304.jpg,13,13,7,0.162495,0,0.046538,0.025213,0.046961,0.026726,0.034581,0.113439,0.046053,0.162495,0.079328,0.090568,0.10625,0.061308,0.081378,0.079161
847.jpg,/mnt/data1/spring/multimodal_project/data/images/847.jpg,9,9,7,0.162496,0,0.046538,0.025213,0.046961,0.026726,0.034581,0.113439,0.046053,0.162496,0.079328,0.090567,0.10625,0.061308,0.081378,0.079161
1232.jpg,/mnt/data1/spring/multimodal_project/data/images/1232.jpg,12,12,7,0.162495,0,0.046538,0.025213,0.046961,0.026726,0.034581,0.11344,0.046053,0.162495,0.079328,0.090568,0.10625,0.061308,0.081378,0.079161
1147.jpg,/mnt/data1/spring/multimodal_project/data/images/1147.jpg,11,11,7,0.162495,0,0.046538,0.025213,0.046962,0.026726,0.034581,0.11344,0.046053,0.162495,0.079328,0.090568,0.10625,0.061308,0.081378,0.079161
850.jpg,/mnt/data1/spring/multimodal_project/data/images/850.jpg,9,9,7,0.162495,0,0.046538,0.025213,0.046962,0.026726,0.034581,0.11344,0.046053,0.162495,0.079328,0.090568,0.10625,0.061308,0.081378,0.079161
663.jpg,/mnt/data1/spring/multimodal_project/data/images/663.jpg,7,7,7,0.162495,1,0.046538,0.025213,0.046962,0.026726,0.034581,0.11344,0.046053,0.162495,0.079328,0.090568,0.10625,0.061308,0.081378,0.079161
770.jpg,/mnt/data1/spring/multimodal_project/data/images/770.jpg,8,8,7,0.162495,0,0.046538,0.025213,0.046961,0.026726,0.034581,0.113439,0.046053,0.162495,0.079328,0.090568,0.10625,0.061308,0.081378,0.079161
1023.jpg,/mnt/data1/spring/multimodal_project/data/images/1023.jpg,10,10,7,0.162495,0,0.046538,0.025213,0.046962,0.026726,0.034581,0.11344,0.046053,0.162495,0.079328,0.090568,0.10625,0.061308,0.081378,0.079161
44.jpg,/mnt/data1/spring/multimodal_project/data/images/44.jpg,0,0,7,0.162495,0,0.046538,0.025213,0.046962,0.026726,0.034581,0.113439,0.046053,0.162495,0.079328,0.090568,0.10625,0.061308,0.081378,0.079161
811.jpg,/mnt/data1/spring/multimodal_project/data/images/811.jpg,8,8,7,0.162495,0,0.046538,0.025213,0.046962,0.026726,0.034581,0.113439,0.046053,0.162495,0.079328,0.090568,0.10625,0.061308,0.081378,0.079161
1238.jpg,/mnt/data1/spring/multimodal_project/data/images/1238.jpg,12,12,7,0.162495,0,0.046538,0.025213,0.046961,0.026726,0.034581,0.113439,0.046053,0.162495,0.079328,0.090568,0.10625,0.061308,0.081378,0.079161
1280.jpg,/mnt/data1/spring/multimodal_project/data/images/1280.jpg,12,12,7,0.162495,0,0.046538,0.025213,0.046962,0.026726,0.034581,0.11344,0.046053,0.162495,0.079328,0.090568,0.10625,0.061308,0.081378,0.079161
1119.jpg,/mnt/data1/spring/multimodal_project/data/images/1119.jpg,11,11,7,0.162495,0,0.046538,0.025213,0.046962,0.026726,0.034581,0.11344,0.046053,0.162495,0.079328,0.090568,0.10625,0.061308,0.081378,0.079161
1101.jpg,/mnt/data1/spring/multimodal_project/data/images/1101.jpg,11,11,7,0.162495,0,0.046538,0.025213,0.046961,0.026726,0.034581,0.113439,0.046053,0.162495,0.079328,0.090568,0.10625,0.061308,0.081378,0.079161
465.jpg,/mnt/data1/spring/multimodal_project/data/images/465.jpg,6,6,7,0.162495,0,0.046538,0.025213,0.046962,0.026726,0.034581,0.11344,0.046053,0.162495,0.079328,0.090568,0.10625,0.061308,0.081378,0.079161
318.jpg,/mnt/data1/spring/multimodal_project/data/images/318.jpg,5,5,7,0.162495,0,0.046538,0.025213,0.046962,0.026726,0.034581,0.11344,0.046053,0.162495,0.079328,0.090568,0.10625,0.061308,0.081378,0.079161
1373.jpg,/mnt/data1/spring/multimodal_project/data/images/1373.jpg,13,13,7,0.162495,0,0.046538,0.025213,0.046962,0.026726,0.034581,0.11344,0.046053,0.162495,0.079328,0.090568,0.10625,0.061308,0.081378,0.079161
265.jpg,/mnt/data1/spring/multimodal_project/data/images/265.jpg,5,5,7,0.162495,0,0.046538,0.025213,0.046962,0.026726,0.034581,0.11344,0.046053,0.162495,0.079328,0.090568,0.10625,0.061308,0.081378,0.079161
412.jpg,/mnt/data1/spring/multimodal_project/data/images/412.jpg,6,6,7,0.162495,0,0.046538,0.025213,0.046961,0.026726,0.034581,0.113439,0.046053,0.162495,0.079328,0.090568,0.10625,0.061308,0.081378,0.079161
703.jpg,/mnt/data1/spring/multimodal_project/data/images/703.jpg,8,8,7,0.162495,0,0.046538,0.025213,0.046962,0.026726,0.034581,0.113439,0.046053,0.162495,0.079328,0.090568,0.10625,0.061308,0.081378,0.079161
499.jpg,/mnt/data1/spring/multimodal_project/data/images/499.jpg,7,7,7,0.162496,1,0.046538,0.025213,0.046961,0.026726,0.034581,0.113439,0.046053,0.162496,0.079328,0.090567,0.10625,0.061308,0.081378,0.079161
493.jpg,/mnt/data1/spring/multimodal_project/data/images/493.jpg,7,7,7,0.162496,1,0.046538,0.025213,0.046961,0.026726,0.034581,0.113439,0.046053,0.162496,0.079328,0.090567,0.10625,0.061308,0.081378,0.079161
778.jpg,/mnt/data1/spring/multimodal_project/data/images/778.jpg,8,8,7,0.162495,0,0.046538,0.025213,0.046961,0.026726,0.034581,0.113439,0.046053,0.162495,0.079328,0.090568,0.10625,0.061308,0.081378,0.079161
116.jpg,/mnt/data1/spring/multimodal_project/data/images/116.jpg,2,2,7,0.162495,0,0.046538,0.025213,0.046961,0.026726,0.034581,0.113439,0.046053,0.162495,0.079328,0.090568,0.10625,0.061308,0.081378,0.079161
590.jpg,/mnt/data1/spring/multimodal_project/data/images/590.jpg,7,7,7,0.162495,1,0.046538,0.025213,0.046962,0.026726,0.034581,0.11344,0.046053,0.162495,0.079328,0.090568,0.10625,0.061308,0.081378,0.079161
1195.jpg,/mnt/data1/spring/multimodal_project/data/images/1195.jpg,12,12,7,0.162495,0,0.046538,0.025213,0.046962,0.026726,0.034581,0.113439,0.046053,0.162495,0.079328,0.090567,0.10625,0.061308,0.081378,0.079161
1114.jpg,/mnt/data1/spring/multimodal_project/data/images/1114.jpg,11,11,7,0.162495,0,0.046538,0.025213,0.046961,0.026726,0.034581,0.113439,0.046053,0.162495,0.079328,0.090568,0.10625,0.061308,0.081378,0.079161
224.jpg,/mnt/data1/spring/multimodal_project/data/images/224.jpg,4,4,7,0.162495,0,0.046538,0.025213,0.046962,0.026726,0.034581,0.113439,0.046053,0.162495,0.079328,0.090568,0.10625,0.061308,0.081378,0.079161
1356.jpg,/mnt/data1/spring/multimodal_project/data/images/1356.jpg,13,13,7,0.162495,0,0.046538,0.025213,0.046961,0.026726,0.034581,0.113439,0.046053,0.162495,0.079328,0.090568,0.10625,0.061308,0.081378,0.079161
797.jpg,/mnt/data1/spring/multimodal_project/data/images/797.jpg,8,8,7,0.162495,0,0.046538,0.025213,0.046961,0.026726,0.034581,0.113439,0.046053,0.162495,0.079328,0.090568,0.10625,0.061308,0.081378,0.079161
781.jpg,/mnt/data1/spring/multimodal_project/data/images/781.jpg,8,8,7,0.162495,0,0.046538,0.025213,0.046961,0.026726,0.034581,0.113439,0.046053,0.162495,0.079328,0.090568,0.10625,0.061308,0.081378,0.079161
384.jpg,/mnt/data1/spring/multimodal_project/data/images/384.jpg,5,5,7,0.162495,0,0.046538,0.025213,0.046962,0.026726,0.034581,0.11344,0.046053,0.162495,0.079328,0.090568,0.10625,0.061308,0.081378,0.079161
1062.jpg,/mnt/data1/spring/multimodal_project/data/images/1062.jpg,10,10,7,0.162495,0,0.046538,0.025213,0.046962,0.026726,0.034581,0.11344,0.046053,0.162495,0.079328,0.090568,0.10625,0.061308,0.081378,0.079161
80.jpg,/mnt/data1/spring/multimodal_project/data/images/80.jpg,1,1,7,0.162495,0,0.046538,0.025213,0.046961,0.026726,0.034581,0.113439,0.046053,0.162495,0.079328,0.090568,0.10625,0.061308,0.081378,0.079161
526.jpg,/mnt/data1/spring/multimodal_project/data/images/526.jpg,7,7,7,0.162495,1,0.046538,0.025213,0.046962,0.026726,0.034581,0.11344,0.046053,0.162495,0.079328,0.090568,0.10625,0.061308,0.081378,0.079161
453.jpg,/mnt/data1/spring/multimodal_project/data/images/453.jpg,6,6,7,0.162495,0,0.046538,0.025213,0.046962,0.026726,0.034581,0.113439,0.046053,0.162495,0.079328,0.090568,0.10625,0.061308,0.081378,0.079161
976.jpg,/mnt/data1/spring/multimodal_project/data/images/976.jpg,10,10,7,0.162495,0,0.046538,0.025213,0.046962,0.026726,0.034581,0.11344,0.046053,0.162495,0.079328,0.090568,0.10625,0.061308,0.081378,0.079161
230.jpg,/mnt/data1/spring/multimodal_project/data/images/230.jpg,4,4,7,0.162495,0,0.046538,0.025213,0.046962,0.026726,0.034581,0.113439,0.046053,0.162495,0.079328,0.090568,0.10625,0.061308,0.081378,0.079161
126.jpg,/mnt/data1/spring/multimodal_project/data/images/126.jpg,2,2,7,0.162495,0,0.046538,0.025213,0.046961,0.026726,0.034581,0.113439,0.046053,0.162495,0.079328,0.090568,0.10625,0.061308,0.081378,0.079161
974.jpg,/mnt/data1/spring/multimodal_project/data/images/974.jpg,10,10,7,0.162495,0,0.046538,0.025213,0.046962,0.026726,0.034581,0.11344,0.046053,0.162495,0.079328,0.090568,0.10625,0.061308,0.081378,0.079161
977.jpg,/mnt/data1/spring/multimodal_project/data/images/977.jpg,10,10,7,0.162495,0,0.046538,0.025213,0.046962,0.026726,0.034581,0.11344,0.046053,0.162495,0.079328,0.090568,0.10625,0.061308,0.081378,0.079161
780.jpg,/mnt/data1/spring/multimodal_project/data/images/780.jpg,8,8,7,0.162495,0,0.046538,0.025213,0.046961,0.026726,0.034581,0.113439,0.046053,0.162495,0.079328,0.090568,0.10625,0.061308,0.081378,0.079161
1173.jpg,/mnt/data1/spring/multimodal_project/data/images/1173.jpg,12,12,7,0.162495,0,0.046538,0.025213,0.046962,0.026726,0.034581,0.113439,0.046053,0.162495,0.079328,0.090567,0.10625,0.061308,0.081378,0.079161
1052.jpg,/mnt/data1/spring/multimodal_project/data/images/1052.jpg,10,10,7,0.162495,0,0.046538,0.025213,0.046962,0.026726,0.034581,0.11344,0.046053,0.162495,0.079328,0.090568,0.10625,0.061308,0.081378,0.079161
546.jpg,/mnt/data1/spring/multimodal_project/data/images/546.jpg,7,7,7,0.162495,1,0.046538,0.025213,0.046962,0.026726,0.034581,0.11344,0.046053,0.162495,0.079328,0.090568,0.10625,0.061308,0.081378,0.079161
655.jpg,/mnt/data1/spring/multimodal_project/data/images/655.jpg,7,7,7,0.162495,1,0.046538,0.025213,0.046962,0.026726,0.034581,0.11344,0.046053,0.162495,0.079328,0.090568,0.10625,0.061308,0.081378,0.079161
205.jpg,/mnt/data1/spring/multimodal_project/data/images/205.jpg,4,4,7,0.162495,0,0.046538,0.025213,0.046962,0.026726,0.034581,0.113439,0.046053,0.162495,0.079328,0.090568,0.10625,0.061308,0.081378,0.079161
768.jpg,/mnt/data1/spring/multimodal_project/data/images/768.jpg,8,8,7,0.162495,0,0.046538,0.025213,0.046961,0.026726,0.034581,0.113439,0.046053,0.162495,0.079328,0.090568,0.10625,0.061308,0.081378,0.079161
756.jpg,/mnt/data1/spring/multimodal_project/data/images/756.jpg,8,8,7,0.162495,0,0.046538,0.025213,0.046961,0.026726,0.034581,0.113439,0.046053,0.162495,0.079328,0.090568,0.10625,0.061308,0.081378,0.079161
712.jpg,/mnt/data1/spring/multimodal_project/data/images/712.jpg,8,8,7,0.162495,0,0.046538,0.025213,0.046961,0.026726,0.034581,0.113439,0.046053,0.162495,0.079328,0.090568,0.10625,0.061308,0.081378,0.079161
1308.jpg,/mnt/data1/spring/multimodal_project/data/images/1308.jpg,13,13,7,0.162495,0,0.046538,0.025213,0.046961,0.026726,0.034581,0.113439,0.046053,0.162495,0.079328,0.090568,0.10625,0.061308,0.081378,0.079161
445.jpg,/mnt/data1/spring/multimodal_project/data/images/445.jpg,6,6,7,0.162495,0,0.046538,0.025213,0.046962,0.026726,0.034581,0.113439,0.046053,0.162495,0.079328,0.090568,0.10625,0.061308,0.081378,0.079161
304.jpg,/mnt/data1/spring/multimodal_project/data/images/304.jpg,5,5,7,0.162495,0,0.046538,0.025213,0.046962,0.026726,0.034581,0.11344,0.046053,0.162495,0.079328,0.090568,0.10625,0.061308,0.081378,0.079161
61.jpg,/mnt/data1/spring/multimodal_project/data/images/61.jpg,0,0,7,0.162495,0,0.046538,0.025213,0.046962,0.026726,0.034581,0.113439,0.046053,0.162495,0.079328,0.090568,0.10625,0.061308,0.081378,0.079161
1354.jpg,/mnt/data1/spring/multimodal_project/data/images/1354.jpg,13,13,7,0.162495,0,0.046538,0.025213,0.046962,0.026726,0.034581,0.11344,0.046053,0.162495,0.079328,0.090568,0.10625,0.061308,0.081378,0.079161
959.jpg,/mnt/data1/spring/multimodal_project/data/images/959.jpg,10,10,7,0.162495,0,0.046538,0.025213,0.046962,0.026726,0.034581,0.11344,0.046053,0.162495,0.079328,0.090568,0.10625,0.061308,0.081378,0.079161
918.jpg,/mnt/data1/spring/multimodal_project/data/images/918.jpg,9,9,7,0.162495,0,0.046538,0.025213,0.046962,0.026726,0.034581,0.11344,0.046053,0.162495,0.079328,0.090568,0.10625,0.061308,0.081378,0.079161
1375.jpg,/mnt/data1/spring/multimodal_project/data/images/1375.jpg,13,13,7,0.162495,0,0.046538,0.025213,0.046962,0.026726,0.034581,0.11344,0.046053,0.162495,0.079328,0.090568,0.10625,0.061308,0.081378,0.079161
236.jpg,/mnt/data1/spring/multimodal_project/data/images/236.jpg,4,4,7,0.162495,0,0.046538,0.025213,0.046962,0.026726,0.034581,0.113439,0.046053,0.162495,0.079328,0.090568,0.10625,0.061308,0.081378,0.079161
189.jpg,/mnt/data1/spring/multimodal_project/data/images/189.jpg,3,3,7,0.162495,0,0.046538,0.025213,0.046961,0.026726,0.034581,0.113439,0.046053,0.162495,0.079328,0.090567,0.10625,0.061308,0.081378,0.079161
201.jpg,/mnt/data1/spring/multimodal_project/data/images/201.jpg,4,4,7,0.162495,0,0.046538,0.025213,0.046962,0.026726,0.034581,0.113439,0.046053,0.162495,0.079328,0.090568,0.10625,0.061308,0.081378,0.079161
509.jpg,/mnt/data1/spring/multimodal_project/data/images/509.jpg,7,7,7,0.162495,1,0.046538,0.025213,0.046961,0.026726,0.034581,0.113439,0.046053,0.162495,0.079328,0.090568,0.10625,0.061308,0.081378,0.079161
1225.jpg,/mnt/data1/spring/multimodal_project/data/images/1225.jpg,12,12,7,0.162495,0,0.046538,0.025213,0.046962,0.026726,0.034581,0.113439,0.046053,0.162495,0.079328,0.090567,0.10625,0.061308,0.081378,0.079161
1387.jpg,/mnt/data1/spring/multimodal_project/data/images/1387.jpg,13,13,7,0.162495,0,0.046538,0.025213,0.046961,0.026726,0.034581,0.113439,0.046053,0.162495,0.079328,0.090568,0.10625,0.061308,0.081378,0.079161
921.jpg,/mnt/data1/spring/multimodal_project/data/images/921.jpg,9,9,7,0.162495,0,0.046538,0.025213,0.046962,0.026726,0.034581,0.113439,0.046053,0.162495,0.079328,0.090568,0.10625,0.061308,0.081378,0.079161
1079.jpg,/mnt/data1/spring/multimodal_project/data/images/1079.jpg,10,10,7,0.162495,0,0.046538,0.025213,0.046961,0.026726,0.034581,0.113439,0.046053,0.162495,0.079328,0.090568,0.10625,0.061308,0.081378,0.079161
901.jpg,/mnt/data1/spring/multimodal_project/data/images/901.jpg,9,9,7,0.162495,0,0.046538,0.025213,0.046961,0.026726,0.034581,0.113439,0.046053,0.162495,0.079328,0.090568,0.10625,0.061308,0.081378,0.079161
791.jpg,/mnt/data1/spring/multimodal_project/data/images/791.jpg,8,8,7,0.162495,0,0.046538,0.025213,0.046962,0.026726,0.034581,0.11344,0.046053,0.162495,0.079328,0.090568,0.10625,0.061308,0.081378,0.079161
49.jpg,/mnt/data1/spring/multimodal_project/data/images/49.jpg,0,0,7,0.162495,0,0.046538,0.025213,0.046962,0.026726,0.034581,0.11344,0.046053,0.162495,0.079328,0.090568,0.10625,0.061308,0.081378,0.079161
370.jpg,/mnt/data1/spring/multimodal_project/data/images/370.jpg,5,5,7,0.162495,0,0.046538,0.025213,0.046962,0.026726,0.034581,0.113439,0.046053,0.162495,0.079328,0.090568,0.10625,0.061308,0.081378,0.079161
173.jpg,/mnt/data1/spring/multimodal_project/data/images/173.jpg,3,3,7,0.162495,0,0.046538,0.025213,0.046961,0.026726,0.034581,0.113439,0.046053,0.162495,0.079328,0.090567,0.10625,0.061308,0.081378,0.079161
141.jpg,/mnt/data1/spring/multimodal_project/data/images/141.jpg,2,2,7,0.162495,0,0.046538,0.025213,0.046961,0.026726,0.034581,0.113439,0.046053,0.162495,0.079328,0.090568,0.10625,0.061308,0.081378,0.079161
919.jpg,/mnt/data1/spring/multimodal_project/data/images/919.jpg,9,9,7,0.162495,0,0.046538,0.025213,0.046962,0.026726,0.034581,0.11344,0.046053,0.162495,0.079328,0.090568,0.10625,0.061308,0.081378,0.079161
408.jpg,/mnt/data1/spring/multimodal_project/data/images/408.jpg,5,5,7,0.162495,0,0.046538,0.025213,0.046961,0.026726,0.034581,0.113439,0.046053,0.162495,0.079328,0.090568,0.10625,0.061308,0.081378,0.079161
324.jpg,/mnt/data1/spring/multimodal_project/data/images/324.jpg,5,5,7,0.162495,0,0.046538,0.025213,0.046962,0.026726,0.034581,0.11344,0.046053,0.162495,0.079328,0.090568,0.10625,0.061308,0.081378,0.079161
652.jpg,/mnt/data1/spring/multimodal_project/data/images/652.jpg,7,7,7,0.162495,1,0.046538,0.025213,0.046962,0.026726,0.034581,0.11344,0.046053,0.162495,0.079328,0.090568,0.10625,0.061308,0.081378,0.079161
110.jpg,/mnt/data1/spring/multimodal_project/data/images/110.jpg,2,2,7,0.162495,0,0.046538,0.025213,0.046961,0.026726,0.034581,0.113439,0.046053,0.162495,0.079328,0.090568,0.10625,0.061308,0.081378,0.079161
565.jpg,/mnt/data1/spring/multimodal_project/data/images/565.jpg,7,7,7,0.162495,1,0.046538,0.025213,0.046962,0.026726,0.034581,0.11344,0.046053,0.162495,0.079328,0.090568,0.10625,0.061308,0.081378,0.079161
539.jpg,/mnt/data1/spring/multimodal_project/data/images/539.jpg,7,7,7,0.162495,1,0.046538,0.025213,0.046961,0.026726,0.034581,0.11344,0.046053,0.162495,0.079328,0.090568,0.10625,0.061308,0.081378,0.079161
962.jpg,/mnt/data1/spring/multimodal_project/data/images/962.jpg,10,10,7,0.162495,0,0.046538,0.025213,0.046962,0.026726,0.034581,0.11344,0.046053,0.162495,0.079328,0.090568,0.10625,0.061308,0.081378,0.079161
374.jpg,/mnt/data1/spring/multimodal_project/data/images/374.jpg,5,5,7,0.162495,0,0.046538,0.025213,0.046962,0.026726,0.034581,0.11344,0.046053,0.162495,0.079328,0.090568,0.10625,0.061308,0.081378,0.079161
469.jpg,/mnt/data1/spring/multimodal_project/data/images/469.jpg,6,6,7,0.162495,0,0.046538,0.025213,0.046962,0.026726,0.034581,0.11344,0.046053,0.162495,0.079328,0.090568,0.10625,0.061308,0.081378,0.079161
878.jpg,/mnt/data1/spring/multimodal_project/data/images/878.jpg,9,9,7,0.162495,0,0.046538,0.025213,0.046962,0.026726,0.034581,0.113439,0.046053,0.162495,0.079328,0.090568,0.10625,0.061308,0.081378,0.079161
1.jpg,/mnt/data1/spring/multimodal_project/data/images/1.jpg,0,0,7,0.162495,0,0.046538,0.025213,0.046962,0.026726,0.034581,0.113439,0.046053,0.162495,0.079328,0.090568,0.10625,0.061308,0.081378,0.079161
786.jpg,/mnt/data1/spring/multimodal_project/data/images/786.jpg,8,8,7,0.162495,0,0.046538,0.025213,0.046961,0.026726,0.034581,0.113439,0.046053,0.162495,0.079328,0.090568,0.10625,0.061308,0.081378,0.079161
1030.jpg,/mnt/data1/spring/multimodal_project/data/images/1030.jpg,10,10,7,0.162495,0,0.046538,0.025213,0.046962,0.026726,0.034581,0.11344,0.046053,0.162495,0.079328,0.090568,0.10625,0.061308,0.081378,0.079161
1139.jpg,/mnt/data1/spring/multimodal_project/data/images/1139.jpg,11,11,7,0.162496,0,0.046538,0.025213,0.046961,0.026726,0.034581,0.113439,0.046053,0.162496,0.079328,0.090568,0.10625,0.061308,0.081378,0.079161
1006.jpg,/mnt/data1/spring/multimodal_project/data/images/1006.jpg,10,10,7,0.162495,0,0.046538,0.025213,0.046962,0.026726,0.034581,0.113439,0.046053,0.162495,0.079328,0.090568,0.10625,0.061308,0.081378,0.079161
613.jpg,/mnt/data1/spring/multimodal_project/data/images/613.jpg,7,7,7,0.162496,1,0.046538,0.025213,0.046961,0.026726,0.034581,0.113439,0.046053,0.162496,0.079328,0.090568,0.10625,0.061308,0.081378,0.079161
429.jpg,/mnt/data1/spring/multimodal_project/data/images/429.jpg,6,6,7,0.162495,0,0.046538,0.025213,0.046962,0.026726,0.034581,0.113439,0.046053,0.162495,0.079328,0.090568,0.10625,0.061308,0.081378,0.079161
1123.jpg,/mnt/data1/spring/multimodal_project/data/images/1123.jpg,11,11,7,0.162495,0,0.046538,0.025213,0.046962,0.026726,0.034581,0.11344,0.046053,0.162495,0.079328,0.090568,0.10625,0.061308,0.081378,0.079161
924.jpg,/mnt/data1/spring/multimodal_project/data/images/924.jpg,9,9,7,0.162495,0,0.046538,0.025213,0.046962,0.026726,0.034581,0.113439,0.046053,0.162495,0.079328,0.090568,0.10625,0.061308,0.081378,0.079161
34.jpg,/mnt/data1/spring/multimodal_project/data/images/34.jpg,0,0,7,0.162495,0,0.046538,0.025213,0.046962,0.026726,0.034581,0.113439,0.046053,0.162495,0.079328,0.090568,0.10625,0.061308,0.081378,0.079161
334.jpg,/mnt/data1/spring/multimodal_project/data/images/334.jpg,5,5,7,0.162495,0,0.046538,0.025213,0.046962,0.026726,0.034581,0.11344,0.046053,0.162495,0.079328,0.090568,0.10625,0.061308,0.081378,0.079161
560.jpg,/mnt/data1/spring/multimodal_project/data/images/560.jpg,7,7,7,0.162495,1,0.046538,0.025213,0.046962,0.026726,0.034581,0.11344,0.046053,0.162495,0.079328,0.090568,0.10625,0.061308,0.081378,0.079161
351.jpg,/mnt/data1/spring/multimodal_project/data/images/351.jpg,5,5,7,0.162495,0,0.046538,0.025213,0.046961,0.026726,0.034581,0.11344,0.046053,0.162495,0.079328,0.090568,0.10625,0.061308,0.081378,0.079161
829.jpg,/mnt/data1/spring/multimodal_project/data/images/829.jpg,9,9,7,0.162495,0,0.046538,0.025213,0.046961,0.026726,0.034581,0.113439,0.046053,0.162495,0.079328,0.090568,0.10625,0.061308,0.081378,0.079161
1172.jpg,/mnt/data1/spring/multimodal_project/data/images/1172.jpg,11,11,7,0.162495,0,0.046538,0.025213,0.046961,0.026726,0.034581,0.113439,0.046053,0.162495,0.079328,0.090568,0.10625,0.061308,0.081378,0.079161
1201.jpg,/mnt/data1/spring/multimodal_project/data/images/1201.jpg,12,12,7,0.162495,0,0.046538,0.025213,0.046962,0.026726,0.034581,0.113439,0.046053,0.162495,0.079328,0.090567,0.10625,0.061308,0.081378,0.079161
750.jpg,/mnt/data1/spring/multimodal_project/data/images/750.jpg,8,8,7,0.162495,0,0.046538,0.025213,0.046961,0.026726,0.034581,0.113439,0.046053,0.162495,0.079328,0.090568,0.10625,0.061308,0.081378,0.079161
857.jpg,/mnt/data1/spring/multimodal_project/data/images/857.jpg,9,9,7,0.162495,0,0.046538,0.025213,0.046962,0.026726,0.034581,0.113439,0.046053,0.162495,0.079328,0.090568,0.10625,0.061308,0.081378,0.079161
692.jpg,/mnt/data1/spring/multimodal_project/data/images/692.jpg,7,7,7,0.162495,1,0.046538,0.025213,0.046962,0.026726,0.034581,0.11344,0.046053,0.162495,0.079328,0.090568,0.10625,0.061308,0.081378,0.079161
1135.jpg,/mnt/data1/spring/multimodal_project/data/images/1135.jpg,11,11,7,0.162496,0,0.046538,0.025213,0.046961,0.026726,0.034581,0.113439,0.046053,0.162496,0.079328,0.090568,0.10625,0.061308,0.081378,0.079161
148.jpg,/mnt/data1/spring/multimodal_project/data/images/148.jpg,2,2,7,0.162495,0,0.046538,0.025213,0.046961,0.026726,0.034581,0.113439,0.046053,0.162495,0.079328,0.090568,0.10625,0.061308,0.081378,0.079161
907.jpg,/mnt/data1/spring/multimodal_project/data/images/907.jpg,9,9,7,0.162495,0,0.046538,0.025213,0.046961,0.026726,0.034581,0.113439,0.046053,0.162495,0.079328,0.090568,0.10625,0.061308,0.081378,0.079161
1255.jpg,/mnt/data1/spring/multimodal_project/data/images/1255.jpg,12,12,7,0.162495,0,0.046538,0.025213,0.046961,0.026726,0.034581,0.11344,0.046053,0.162495,0.079328,0.090568,0.10625,0.061308,0.081378,0.079161
1084.jpg,/mnt/data1/spring/multimodal_project/data/images/1084.jpg,10,10,7,0.162495,0,0.046538,0.025213,0.046962,0.026726,0.034581,0.113439,0.046053,0.162495,0.079328,0.090568,0.10625,0.061308,0.081378,0.079161
1224.jpg,/mnt/data1/spring/multimodal_project/data/images/1224.jpg,12,12,7,0.162495,0,0.046538,0.025213,0.046962,0.026726,0.034581,0.113439,0.046053,0.162495,0.079328,0.090567,0.10625,0.061308,0.081378,0.079161
1092.jpg,/mnt/data1/spring/multimodal_project/data/images/1092.jpg,11,11,7,0.162495,0,0.046538,0.025213,0.046961,0.026726,0.034581,0.113439,0.046053,0.162495,0.079328,0.090568,0.10625,0.061308,0.081378,0.079161
33.jpg,/mnt/data1/spring/multimodal_project/data/images/33.jpg,0,0,7,0.162495,0,0.046538,0.025213,0.046962,0.026726,0.034581,0.11344,0.046053,0.162495,0.079328,0.090568,0.10625,0.061308,0.081378,0.079161
55.jpg,/mnt/data1/spring/multimodal_project/data/images/55.jpg,0,0,7,0.162495,0,0.046538,0.025213,0.046962,0.026726,0.034581,0.11344,0.046053,0.162495,0.079328,0.090568,0.10625,0.061308,0.081378,0.079161
1156.jpg,/mnt/data1/spring/multimodal_project/data/images/1156.jpg,11,11,7,0.162495,0,0.046538,0.025213,0.046962,0.026726,0.034581,0.113439,0.046053,0.162495,0.079328,0.090568,0.10625,0.061308,0.081378,0.079161
398.jpg,/mnt/data1/spring/multimodal_project/data/images/398.jpg,5,5,7,0.162495,0,0.046538,0.025213,0.046962,0.026726,0.034581,0.11344,0.046053,0.162495,0.079328,0.090568,0.10625,0.061308,0.081378,0.079161
1012.jpg,/mnt/data1/spring/multimodal_project/data/images/1012.jpg,10,10,7,0.162495,0,0.046538,0.025213,0.046962,0.026726,0.034581,0.11344,0.046053,0.162495,0.079328,0.090568,0.10625,0.061308,0.081378,0.079161
1383.jpg,/mnt/data1/spring/multimodal_project/data/images/1383.jpg,13,13,7,0.162495,0,0.046538,0.025213,0.046961,0.026726,0.034581,0.113439,0.046053,0.162495,0.079328,0.090568,0.10625,0.061308,0.081378,0.079161
423.jpg,/mnt/data1/spring/multimodal_project/data/images/423.jpg,6,6,7,0.162495,0,0.046538,0.025213,0.046962,0.026726,0.034581,0.113439,0.046053,0.162495,0.079328,0.090568,0.10625,0.061308,0.081378,0.079161
1094.jpg,/mnt/data1/spring/multimodal_project/data/images/1094.jpg,11,11,7,0.162495,0,0.046538,0.025213,0.046962,0.026726,0.034581,0.113439,0.046053,0.162495,0.079328,0.090568,0.10625,0.061308,0.081378,0.079161
134.jpg,/mnt/data1/spring/multimodal_project/data/images/134.jpg,2,2,7,0.162495,0,0.046538,0.025213,0.046961,0.026726,0.034581,0.113439,0.046053,0.162495,0.079328,0.090568,0.10625,0.061308,0.081378,0.079161
1386.jpg,/mnt/data1/spring/multimodal_project/data/images/1386.jpg,13,13,7,0.162495,0,0.046538,0.025213,0.046962,0.026726,0.034581,0.113439,0.046053,0.162495,0.079328,0.090568,0.10625,0.061308,0.081378,0.079161
1131.jpg,/mnt/data1/spring/multimodal_project/data/images/1131.jpg,11,11,7,0.162495,0,0.046538,0.025213,0.046961,0.026726,0.034581,0.113439,0.046053,0.162495,0.079328,0.090568,0.10625,0.061308,0.081378,0.079161
542.jpg,/mnt/data1/spring/multimodal_project/data/images/542.jpg,7,7,7,0.162495,1,0.046538,0.025213,0.046962,0.026726,0.034581,0.11344,0.046053,0.162495,0.079328,0.090568,0.10625,0.061308,0.081378,0.079161
159.jpg,/mnt/data1/spring/multimodal_project/data/images/159.jpg,2,2,7,0.162495,0,0.046538,0.025213,0.046961,0.026726,0.034581,0.113439,0.046053,0.162495,0.079328,0.090568,0.10625,0.061308,0.081378,0.079161
731.jpg,/mnt/data1/spring/multimodal_project/data/images/731.jpg,8,8,7,0.162495,0,0.046538,0.025213,0.046961,0.026726,0.034581,0.113439,0.046053,0.162495,0.079328,0.090568,0.10625,0.061308,0.081378,0.079161
339.jpg,/mnt/data1/spring/multimodal_project/data/images/339.jpg,5,5,7,0.162495,0,0.046538,0.025213,0.046962,0.026726,0.034581,0.11344,0.046053,0.162495,0.079328,0.090568,0.10625,0.061308,0.081378,0.079161
789.jpg,/mnt/data1/spring/multimodal_project/data/images/789.jpg,8,8,7,0.162495,0,0.046538,0.025213,0.046961,0.026726,0.034581,0.113439,0.046053,0.162495,0.079328,0.090568,0.10625,0.061308,0.081378,0.079161
69.jpg,/mnt/data1/spring/multimodal_project/data/images/69.jpg,1,1,7,0.162495,0,0.046538,0.025213,0.046962,0.026726,0.034581,0.113439,0.046053,0.162495,0.079328,0.090568,0.10625,0.061308,0.081378,0.079161
1229.jpg,/mnt/data1/spring/multimodal_project/data/images/1229.jpg,12,12,7,0.162495,0,0.046538,0.025213,0.046961,0.026726,0.034581,0.11344,0.046053,0.162495,0.079328,0.090568,0.10625,0.061308,0.081378,0.079161
1319.jpg,/mnt/data1/spring/multimodal_project/data/images/1319.jpg,13,13,7,0.162495,0,0.046538,0.025213,0.046961,0.026726,0.034581,0.113439,0.046053,0.162495,0.079328,0.090568,0.10625,0.061308,0.081378,0.079161
505.jpg,/mnt/data1/spring/multimodal_project/data/images/505.jpg,7,7,7,0.162495,1,0.046538,0.025213,0.046962,0.026726,0.034581,0.113439,0.046053,0.162495,0.079328,0.090568,0.10625,0.061308,0.081378,0.079161
1333.jpg,/mnt/data1/spring/multimodal_project/data/images/1333.jpg,13,13,7,0.162495,0,0.046538,0.025213,0.046962,0.026726,0.034581,0.11344,0.046053,0.162495,0.079328,0.090568,0.10625,0.061308,0.081378,0.079161
685.jpg,/mnt/data1/spring/multimodal_project/data/images/685.jpg,7,7,7,0.162495,1,0.046538,0.025213,0.046962,0.026726,0.034581,0.11344,0.046053,0.162495,0.079328,0.090568,0.10625,0.061308,0.081378,0.079161
889.jpg,/mnt/data1/spring/multimodal_project/data/images/889.jpg,9,9,7,0.162495,0,0.046538,0.025213,0.046962,0.026726,0.034581,0.11344,0.046053,0.162495,0.079328,0.090568,0.10625,0.061308,0.081378,0.079161
19.jpg,/mnt/data1/spring/multimodal_project/data/images/19.jpg,0,0,7,0.162495,0,0.046538,0.025213,0.046962,0.026726,0.034581,0.113439,0.046053,0.162495,0.079328,0.090568,0.10625,0.061308,0.081378,0.079161
891.jpg,/mnt/data1/spring/multimodal_project/data/images/891.jpg,9,9,7,0.162495,0,0.046538,0.025213,0.046961,0.026726,0.034581,0.113439,0.046053,0.162495,0.079328,0.090568,0.10625,0.061308,0.081378,0.079161
1294.jpg,/mnt/data1/spring/multimodal_project/data/images/1294.jpg,13,13,7,0.162495,0,0.046538,0.025213,0.046961,0.026726,0.034581,0.113439,0.046053,0.162495,0.079328,0.090568,0.10625,0.061308,0.081378,0.079161
1346.jpg,/mnt/data1/spring/multimodal_project/data/images/1346.jpg,13,13,7,0.162495,0,0.046538,0.025213,0.046962,0.026726,0.034581,0.11344,0.046053,0.162495,0.079328,0.090568,0.10625,0.061308,0.081378,0.079161
1329.jpg,/mnt/data1/spring/multimodal_project/data/images/1329.jpg,13,13,7,0.162495,0,0.046538,0.025213,0.046961,0.026726,0.034581,0.113439,0.046053,0.162495,0.079328,0.090568,0.10625,0.061308,0.081378,0.079161
1142.jpg,/mnt/data1/spring/multimodal_project/data/images/1142.jpg,11,11,7,0.162495,0,0.046538,0.025213,0.046962,0.026726,0.034581,0.11344,0.046053,0.162495,0.079328,0.090568,0.10625,0.061308,0.081378,0.079161
1361.jpg,/mnt/data1/spring/multimodal_project/data/images/1361.jpg,13,13,7,0.162495,0,0.046538,0.025213,0.046962,0.026726,0.034581,0.113439,0.046053,0.162495,0.079328,0.090568,0.10625,0.061308,0.081378,0.079161
757.jpg,/mnt/data1/spring/multimodal_project/data/images/757.jpg,8,8,7,0.162495,0,0.046538,0.025213,0.046961,0.026726,0.034581,0.113439,0.046053,0.162495,0.079328,0.090568,0.10625,0.061308,0.081378,0.079161
158.jpg,/mnt/data1/spring/multimodal_project/data/images/158.jpg,2,2,7,0.162495,0,0.046538,0.025213,0.046961,0.026726,0.034581,0.113439,0.046053,0.162495,0.079328,0.090568,0.10625,0.061308,0.081378,0.079161
553.jpg,/mnt/data1/spring/multimodal_project/data/images/553.jpg,7,7,7,0.162495,1,0.046538,0.025213,0.046962,0.026726,0.034581,0.11344,0.046053,0.162495,0.079328,0.090568,0.10625,0.061308,0.081378,0.079161
755.jpg,/mnt/data1/spring/multimodal_project/data/images/755.jpg,8,8,7,0.162495,0,0.046538,0.025213,0.046961,0.026726,0.034581,0.113439,0.046053,0.162495,0.079328,0.090568,0.10625,0.061308,0.081378,0.079161
774.jpg,/mnt/data1/spring/multimodal_project/data/images/774.jpg,8,8,7,0.162495,0,0.046538,0.025213,0.046961,0.026726,0.034581,0.113439,0.046053,0.162495,0.079328,0.090568,0.10625,0.061308,0.081378,0.079161
169.jpg,/mnt/data1/spring/multimodal_project/data/images/169.jpg,3,3,7,0.162495,0,0.046538,0.025213,0.046962,0.026726,0.034581,0.113439,0.046053,0.162495,0.079328,0.090568,0.10625,0.061308,0.081378,0.079161
411.jpg,/mnt/data1/spring/multimodal_project/data/images/411.jpg,6,6,7,0.162495,0,0.046538,0.025213,0.046961,0.026726,0.034581,0.113439,0.046053,0.162495,0.079328,0.090568,0.10625,0.061308,0.081378,0.079161
1337.jpg,/mnt/data1/spring/multimodal_project/data/images/1337.jpg,13,13,7,0.162495,0,0.046538,0.025213,0.046962,0.026726,0.034581,0.11344,0.046053,0.162495,0.079328,0.090568,0.10625,0.061308,0.081378,0.079161
675.jpg,/mnt/data1/spring/multimodal_project/data/images/675.jpg,7,7,7,0.162495,1,0.046538,0.025213,0.046962,0.026726,0.034581,0.11344,0.046053,0.162495,0.079328,0.090568,0.10625,0.061308,0.081378,0.079161
454.jpg,/mnt/data1/spring/multimodal_project/data/images/454.jpg,6,6,7,0.162495,0,0.046538,0.025213,0.046962,0.026726,0.034581,0.113439,0.046053,0.162495,0.079328,0.090568,0.10625,0.061308,0.081378,0.079161
846.jpg,/mnt/data1/spring/multimodal_project/data/images/846.jpg,9,9,7,0.162495,0,0.046538,0.025213,0.046962,0.026726,0.034581,0.11344,0.046053,0.162495,0.079328,0.090568,0.10625,0.061308,0.081378,0.079161
971.jpg,/mnt/data1/spring/multimodal_project/data/images/971.jpg,10,10,7,0.162495,0,0.046538,0.025213,0.046962,0.026726,0.034581,0.11344,0.046053,0.162495,0.079328,0.090568,0.10625,0.061308,0.081378,0.079161
315.jpg,/mnt/data1/spring/multimodal_project/data/images/315.jpg,5,5,7,0.162495,0,0.046538,0.025213,0.046962,0.026726,0.034581,0.11344,0.046053,0.162495,0.079328,0.090568,0.10625,0.061308,0.081378,0.079161
500.jpg,/mnt/data1/spring/multimodal_project/data/images/500.jpg,7,7,7,0.162495,1,0.046538,0.025213,0.046961,0.026726,0.034581,0.113439,0.046053,0.162495,0.079328,0.090568,0.10625,0.061308,0.081378,0.079161
65.jpg,/mnt/data1/spring/multimodal_project/data/images/65.jpg,1,1,7,0.162495,0,0.046538,0.025213,0.046961,0.026726,0.034581,0.113439,0.046053,0.162495,0.079328,0.090568,0.10625,0.061308,0.081378,0.079161
17.jpg,/mnt/data1/spring/multimodal_project/data/images/17.jpg,0,0,7,0.162495,0,0.046538,0.025213,0.046962,0.026726,0.034581,0.113439,0.046053,0.162495,0.079328,0.090568,0.10625,0.061308,0.081378,0.079161
1064.jpg,/mnt/data1/spring/multimodal_project/data/images/1064.jpg,10,10,7,0.162495,0,0.046538,0.025213,0.046962,0.026726,0.034581,0.11344,0.046053,0.162495,0.079328,0.090568,0.10625,0.061308,0.081378,0.079161
256.jpg,/mnt/data1/spring/multimodal_project/data/images/256.jpg,5,5,7,0.162495,0,0.046538,0.025213,0.046962,0.026726,0.034581,0.11344,0.046053,0.162495,0.079328,0.090568,0.10625,0.061308,0.081378,0.079161
794.jpg,/mnt/data1/spring/multimodal_project/data/images/794.jpg,8,8,7,0.162495,0,0.046538,0.025213,0.046961,0.026726,0.034581,0.113439,0.046053,0.162495,0.079328,0.090568,0.10625,0.061308,0.081378,0.079161
157.jpg,/mnt/data1/spring/multimodal_project/data/images/157.jpg,2,2,7,0.162495,0,0.046538,0.025213,0.046961,0.026726,0.034581,0.113439,0.046053,0.162495,0.079328,0.090568,0.10625,0.061308,0.081378,0.079161
1299.jpg,/mnt/data1/spring/multimodal_project/data/images/1299.jpg,13,13,7,0.162495,0,0.046538,0.025213,0.046961,0.026726,0.034581,0.113439,0.046053,0.162495,0.079328,0.090568,0.10625,0.061308,0.081378,0.079161
513.jpg,/mnt/data1/spring/multimodal_project/data/images/513.jpg,7,7,7,0.162495,1,0.046538,0.025213,0.046962,0.026726,0.034581,0.11344,0.046053,0.162495,0.079328,0.090568,0.10625,0.061308,0.081378,0.079161
1362.jpg,/mnt/data1/spring/multimodal_project/data/images/1362.jpg,13,13,7,0.162495,0,0.046538,0.025213,0.046962,0.026726,0.034581,0.113439,0.046053,0.162495,0.079328,0.090568,0.10625,0.061308,0.081378,0.079161
401.jpg,/mnt/data1/spring/multimodal_project/data/images/401.jpg,5,5,7,0.162495,0,0.046538,0.025213,0.046961,0.026726,0.034581,0.113439,0.046053,0.162495,0.079328,0.090568,0.10625,0.061308,0.081378,0.079161
1237.jpg,/mnt/data1/spring/multimodal_project/data/images/1237.jpg,12,12,7,0.162495,0,0.046538,0.025213,0.046961,0.026726,0.034581,0.11344,0.046053,0.162495,0.079328,0.090568,0.10625,0.061308,0.081378,0.079161
492.jpg,/mnt/data1/spring/multimodal_project/data/images/492.jpg,7,7,7,0.162496,1,0.046538,0.025213,0.046961,0.026726,0.034581,0.113439,0.046053,0.162496,0.079328,0.090567,0.10625,0.061308,0.081378,0.079161
1207.jpg,/mnt/data1/spring/multimodal_project/data/images/1207.jpg,12,12,7,0.162495,0,0.046538,0.025213,0.046962,0.026726,0.034581,0.113439,0.046053,0.162495,0.079328,0.090567,0.10625,0.061308,0.081378,0.079161
1350.jpg,/mnt/data1/spring/multimodal_project/data/images/1350.jpg,13,13,7,0.162495,0,0.046538,0.025213,0.046961,0.026726,0.034581,0.113439,0.046053,0.162495,0.079328,0.090568,0.10625,0.061308,0.081378,0.079161
785.jpg,/mnt/data1/spring/multimodal_project/data/images/785.jpg,8,8,7,0.162495,0,0.046538,0.025213,0.046961,0.026726,0.034581,0.113439,0.046053,0.162495,0.079328,0.090568,0.10625,0.061308,0.081378,0.079161
671.jpg,/mnt/data1/spring/multimodal_project/data/images/671.jpg,7,7,7,0.162495,1,0.046538,0.025213,0.046962,0.026726,0.034581,0.11344,0.046053,0.162495,0.079328,0.090568,0.10625,0.061308,0.081378,0.079161
1028.jpg,/mnt/data1/spring/multimodal_project/data/images/1028.jpg,10,10,7,0.162495,0,0.046538,0.025213,0.046962,0.026726,0.034581,0.11344,0.046053,0.162495,0.079328,0.090568,0.10625,0.061308,0.081378,0.079161
863.jpg,/mnt/data1/spring/multimodal_project/data/images/863.jpg,9,9,7,0.162495,0,0.046538,0.025213,0.046962,0.026726,0.034581,0.113439,0.046053,0.162495,0.079328,0.090568,0.10625,0.061308,0.081378,0.079161
1097.jpg,/mnt/data1/spring/multimodal_project/data/images/1097.jpg,11,11,7,0.162495,0,0.046538,0.025213,0.046962,0.026726,0.034581,0.11344,0.046053,0.162495,0.079328,0.090568,0.10625,0.061308,0.081378,0.079161
259.jpg,/mnt/data1/spring/multimodal_project/data/images/259.jpg,5,5,7,0.162495,0,0.046538,0.025213,0.046962,0.026726,0.034581,0.11344,0.046053,0.162495,0.079328,0.090568,0.10625,0.061308,0.081378,0.079161
424.jpg,/mnt/data1/spring/multimodal_project/data/images/424.jpg,6,6,7,0.162495,0,0.046538,0.025213,0.046962,0.026726,0.034581,0.113439,0.046053,0.162495,0.079328,0.090568,0.10625,0.061308,0.081378,0.079161
483.jpg,/mnt/data1/spring/multimodal_project/data/images/483.jpg,7,7,7,0.162496,1,0.046538,0.025213,0.046961,0.026726,0.034581,0.113439,0.046053,0.162496,0.079328,0.090568,0.10625,0.061308,0.081378,0.079162
913.jpg,/mnt/data1/spring/multimodal_project/data/images/913.jpg,9,9,7,0.162495,0,0.046538,0.025213,0.046961,0.026726,0.034581,0.113439,0.046053,0.162495,0.079328,0.090568,0.10625,0.061308,0.081378,0.079161
325.jpg,/mnt/data1/spring/multimodal_project/data/images/325.jpg,5,5,7,0.162495,0,0.046538,0.025213,0.046962,0.026726,0.034581,0.11344,0.046053,0.162495,0.079328,0.090568,0.10625,0.061308,0.081378,0.079161
1066.jpg,/mnt/data1/spring/multimodal_project/data/images/1066.jpg,10,10,7,0.162495,0,0.046538,0.025213,0.046962,0.026726,0.034581,0.11344,0.046053,0.162495,0.079328,0.090568,0.10625,0.061308,0.081378,0.079161
527.jpg,/mnt/data1/spring/multimodal_project/data/images/527.jpg,7,7,7,0.162495,1,0.046538,0.025213,0.046962,0.026726,0.034581,0.11344,0.046053,0.162495,0.079328,0.090568,0.10625,0.061308,0.081378,0.079161
1128.jpg,/mnt/data1/spring/multimodal_project/data/images/1128.jpg,11,11,7,0.162496,0,0.046538,0.025213,0.046961,0.026726,0.034581,0.113439,0.046053,0.162496,0.079328,0.090568,0.10625,0.061308,0.081378,0.079161
568.jpg,/mnt/data1/spring/multimodal_project/data/images/568.jpg,7,7,7,0.162495,1,0.046538,0.025213,0.046962,0.026726,0.034581,0.11344,0.046053,0.162495,0.079328,0.090568,0.10625,0.061308,0.081378,0.079161
79.jpg,/mnt/data1/spring/multimodal_project/data/images/79.jpg,1,1,7,0.162495,0,0.046538,0.025213,0.046962,0.026726,0.034581,0.113439,0.046053,0.162495,0.079328,0.090568,0.10625,0.061308,0.081378,0.079161
99.jpg,/mnt/data1/spring/multimodal_project/data/images/99.jpg,2,2,7,0.162495,0,0.046538,0.025213,0.046961,0.026726,0.034581,0.113439,0.046053,0.162495,0.079328,0.090568,0.10625,0.061308,0.081378,0.079161
1273.jpg,/mnt/data1/spring/multimodal_project/data/images/1273.jpg,12,12,7,0.162495,0,0.046538,0.025213,0.046962,0.026726,0.034581,0.113439,0.046053,0.162495,0.079328,0.090568,0.10625,0.061308,0.081378,0.079161
698.jpg,/mnt/data1/spring/multimodal_project/data/images/698.jpg,7,7,7,0.162495,1,0.046538,0.025213,0.046961,0.026726,0.034581,0.113439,0.046053,0.162495,0.079328,0.090568,0.10625,0.061308,0.081378,0.079161
1285.jpg,/mnt/data1/spring/multimodal_project/data/images/1285.jpg,12,12,7,0.162495,0,0.046538,0.025213,0.046961,0.026726,0.034581,0.11344,0.046053,0.162495,0.079328,0.090567,0.10625,0.061308,0.081378,0.079161
812.jpg,/mnt/data1/spring/multimodal_project/data/images/812.jpg,8,8,7,0.162495,0,0.046538,0.025213,0.046961,0.026726,0.034581,0.113439,0.046053,0.162495,0.079328,0.090568,0.10625,0.061308,0.081378,0.079161
894.jpg,/mnt/data1/spring/multimodal_project/data/images/894.jpg,9,9,7,0.162495,0,0.046538,0.025213,0.046962,0.026726,0.034581,0.11344,0.046053,0.162495,0.079328,0.090568,0.10625,0.061308,0.081378,0.079161
1228.jpg,/mnt/data1/spring/multimodal_project/data/images/1228.jpg,12,12,7,0.162495,0,0.046538,0.025213,0.046961,0.026726,0.034581,0.11344,0.046053,0.162495,0.079328,0.090568,0.10625,0.061308,0.081378,0.079161
676.jpg,/mnt/data1/spring/multimodal_project/data/images/676.jpg,7,7,7,0.162495,1,0.046538,0.025213,0.046962,0.026726,0.034581,0.11344,0.046053,0.162495,0.079328,0.090568,0.10625,0.061308,0.081378,0.079161
349.jpg,/mnt/data1/spring/multimodal_project/data/images/349.jpg,5,5,7,0.162495,0,0.046538,0.025213,0.046962,0.026726,0.034581,0.11344,0.046053,0.162495,0.079328,0.090568,0.10625,0.061308,0.081378,0.079161
551.jpg,/mnt/data1/spring/multimodal_project/data/images/551.jpg,7,7,7,0.162495,1,0.046538,0.025213,0.046962,0.026726,0.034581,0.11344,0.046053,0.162495,0.079328,0.090568,0.10625,0.061308,0.081378,0.079161
252.jpg,/mnt/data1/spring/multimodal_project/data/images/252.jpg,5,5,7,0.162495,0,0.046538,0.025213,0.046962,0.026726,0.034581,0.11344,0.046053,0.162495,0.079328,0.090568,0.10625,0.061308,0.081378,0.079161
818.jpg,/mnt/data1/spring/multimodal_project/data/images/818.jpg,9,9,7,0.162495,0,0.046538,0.025213,0.046961,0.026726,0.034581,0.113439,0.046053,0.162495,0.079328,0.090568,0.10625,0.061308,0.081378,0.079161
1394.jpg,/mnt/data1/spring/multimodal_project/data/images/1394.jpg,13,13,7,0.162495,0,0.046538,0.025213,0.046962,0.026726,0.034581,0.11344,0.046053,0.162495,0.079328,0.090568,0.10625,0.061308,0.081378,0.079161
1246.jpg,/mnt/data1/spring/multimodal_project/data/images/1246.jpg,12,12,7,0.162495,0,0.046538,0.025213,0.046961,0.026726,0.034581,0.11344,0.046053,0.162495,0.079328,0.090568,0.10625,0.061308,0.081378,0.079161
1082.jpg,/mnt/data1/spring/multimodal_project/data/images/1082.jpg,10,10,7,0.162495,0,0.046538,0.025213,0.046961,0.026726,0.034581,0.113439,0.046053,0.162495,0.079328,0.090568,0.10625,0.061308,0.081378,0.079161
54.jpg,/mnt/data1/spring/multimodal_project/data/images/54.jpg,0,0,7,0.162495,0,0.046538,0.025213,0.046962,0.026726,0.034581,0.11344,0.046053,0.162495,0.079328,0.090568,0.10625,0.061308,0.081378,0.079161
656.jpg,/mnt/data1/spring/multimodal_project/data/images/656.jpg,7,7,7,0.162495,1,0.046538,0.025213,0.046962,0.026726,0.034581,0.11344,0.046053,0.162495,0.079328,0.090568,0.10625,0.061308,0.081378,0.079161
427.jpg,/mnt/data1/spring/multimodal_project/data/images/427.jpg,6,6,7,0.162495,0,0.046538,0.025213,0.046962,0.026726,0.034581,0.113439,0.046053,0.162495,0.079328,0.090568,0.10625,0.061308,0.081378,0.079161
320.jpg,/mnt/data1/spring/multimodal_project/data/images/320.jpg,5,5,7,0.162495,0,0.046538,0.025213,0.046962,0.026726,0.034581,0.11344,0.046053,0.162495,0.079328,0.090568,0.10625,0.061308,0.081378,0.079161
612.jpg,/mnt/data1/spring/multimodal_project/data/images/612.jpg,7,7,7,0.162496,1,0.046538,0.025213,0.046961,0.026726,0.034581,0.113439,0.046053,0.162496,0.079328,0.090568,0.10625,0.061308,0.081378,0.079161
1393.jpg,/mnt/data1/spring/multimodal_project/data/images/1393.jpg,13,13,7,0.162495,0,0.046538,0.025213,0.046961,0.026726,0.034581,0.113439,0.046053,0.162495,0.079328,0.090568,0.10625,0.061308,0.081378,0.079161
433.jpg,/mnt/data1/spring/multimodal_project/data/images/433.jpg,6,6,7,0.162495,0,0.046538,0.025213,0.046962,0.026726,0.034581,0.11344,0.046053,0.162495,0.079328,0.090568,0.10625,0.061308,0.081378,0.079161
611.jpg,/mnt/data1/spring/multimodal_project/data/images/611.jpg,7,7,7,0.162495,1,0.046538,0.025213,0.046961,0.026726,0.034581,0.11344,0.046053,0.162495,0.079328,0.090568,0.10625,0.061308,0.081378,0.079161
618.jpg,/mnt/data1/spring/multimodal_project/data/images/618.jpg,7,7,7,0.162495,1,0.046538,0.025213,0.046962,0.026726,0.034581,0.11344,0.046053,0.162495,0.079328,0.090568,0.10625,0.061308,0.081378,0.079161
895.jpg,/mnt/data1/spring/multimodal_project/data/images/895.jpg,9,9,7,0.162495,0,0.046538,0.025213,0.046961,0.026726,0.034581,0.113439,0.046053,0.162495,0.079328,0.090568,0.10625,0.061308,0.081378,0.079161
1339.jpg,/mnt/data1/spring/multimodal_project/data/images/1339.jpg,13,13,7,0.162495,0,0.046538,0.025213,0.046962,0.026726,0.034581,0.11344,0.046053,0.162495,0.079328,0.090568,0.10625,0.061308,0.081378,0.079161
1176.jpg,/mnt/data1/spring/multimodal_project/data/images/1176.jpg,12,12,7,0.162495,0,0.046538,0.025213,0.046962,0.026726,0.034581,0.113439,0.046053,0.162495,0.079328,0.090567,0.10625,0.061308,0.081378,0.079161
1020.jpg,/mnt/data1/spring/multimodal_project/data/images/1020.jpg,10,10,7,0.162495,0,0.046538,0.025213,0.046962,0.026726,0.034581,0.11344,0.046053,0.162495,0.079328,0.090568,0.10625,0.061308,0.081378,0.079161
373.jpg,/mnt/data1/spring/multimodal_project/data/images/373.jpg,5,5,7,0.162495,0,0.046538,0.025213,0.046962,0.026726,0.034581,0.113439,0.046053,0.162495,0.079328,0.090568,0.10625,0.061308,0.081378,0.079161
805.jpg,/mnt/data1/spring/multimodal_project/data/images/805.jpg,8,8,7,0.162495,0,0.046538,0.025213,0.046962,0.026726,0.034581,0.113439,0.046053,0.162495,0.079328,0.090568,0.10625,0.061308,0.081378,0.079161
258.jpg,/mnt/data1/spring/multimodal_project/data/images/258.jpg,5,5,7,0.162495,0,0.046538,0.025213,0.046962,0.026726,0.034581,0.11344,0.046053,0.162495,0.079328,0.090568,0.10625,0.061308,0.081378,0.079161
369.jpg,/mnt/data1/spring/multimodal_project/data/images/369.jpg,5,5,7,0.162495,0,0.046538,0.025213,0.046962,0.026726,0.034581,0.11344,0.046053,0.162495,0.079328,0.090568,0.10625,0.061308,0.081378,0.079161
773.jpg,/mnt/data1/spring/multimodal_project/data/images/773.jpg,8,8,7,0.162495,0,0.046538,0.025213,0.046961,0.026726,0.034581,0.113439,0.046053,0.162495,0.079328,0.090568,0.10625,0.061308,0.081378,0.079161
882.jpg,/mnt/data1/spring/multimodal_project/data/images/882.jpg,9,9,7,0.162495,0,0.046538,0.025213,0.046962,0.026726,0.034581,0.11344,0.046053,0.162495,0.079328,0.090568,0.10625,0.061308,0.081378,0.079161
562.jpg,/mnt/data1/spring/multimodal_project/data/images/562.jpg,7,7,7,0.162495,1,0.046538,0.025213,0.046961,0.026726,0.034581,0.11344,0.046053,0.162495,0.079328,0.090568,0.10625,0.061308,0.081378,0.079161
323.jpg,/mnt/data1/spring/multimodal_project/data/images/323.jpg,5,5,7,0.162495,0,0.046538,0.025213,0.046962,0.026726,0.034581,0.11344,0.046053,0.162495,0.079328,0.090568,0.10625,0.061308,0.081378,0.079161
264.jpg,/mnt/data1/spring/multimodal_project/data/images/264.jpg,5,5,7,0.162495,0,0.046538,0.025213,0.046962,0.026726,0.034581,0.11344,0.046053,0.162495,0.079328,0.090568,0.10625,0.061308,0.081378,0.079161
1125.jpg,/mnt/data1/spring/multimodal_project/data/images/1125.jpg,11,11,7,0.162495,0,0.046538,0.025213,0.046961,0.026726,0.034581,0.113439,0.046053,0.162495,0.079328,0.090568,0.10625,0.061308,0.081378,0.079161
1155.jpg,/mnt/data1/spring/multimodal_project/data/images/1155.jpg,11,11,7,0.162495,0,0.046538,0.025213,0.046962,0.026726,0.034581,0.11344,0.046053,0.162495,0.079328,0.090568,0.10625,0.061308,0.081378,0.079161
217.jpg,/mnt/data1/spring/multimodal_project/data/images/217.jpg,4,4,7,0.162495,0,0.046538,0.025213,0.046962,0.026726,0.034581,0.113439,0.046053,0.162495,0.079328,0.090568,0.10625,0.061308,0.081378,0.079161
1342.jpg,/mnt/data1/spring/multimodal_project/data/images/1342.jpg,13,13,7,0.162495,0,0.046538,0.025213,0.046961,0.026726,0.034581,0.113439,0.046053,0.162495,0.079328,0.090568,0.10625,0.061308,0.081378,0.079161
240.jpg,/mnt/data1/spring/multimodal_project/data/images/240.jpg,4,4,7,0.162495,0,0.046538,0.025213,0.046962,0.026726,0.034581,0.113439,0.046053,0.162495,0.079328,0.090568,0.10625,0.061308,0.081378,0.079161
1059.jpg,/mnt/data1/spring/multimodal_project/data/images/1059.jpg,10,10,7,0.162495,0,0.046538,0.025213,0.046962,0.026726,0.034581,0.11344,0.046053,0.162495,0.079328,0.090568,0.10625,0.061308,0.081378,0.079161
1366.jpg,/mnt/data1/spring/multimodal_project/data/images/1366.jpg,13,13,7,0.162495,0,0.046538,0.025213,0.046962,0.026726,0.034581,0.11344,0.046053,0.162495,0.079328,0.090568,0.10625,0.061308,0.081378,0.079161
1137.jpg,/mnt/data1/spring/multimodal_project/data/images/1137.jpg,11,11,7,0.162495,0,0.046538,0.025213,0.046961,0.026726,0.034581,0.113439,0.046053,0.162495,0.079328,0.090568,0.10625,0.061308,0.081378,0.079161
149.jpg,/mnt/data1/spring/multimodal_project/data/images/149.jpg,2,2,7,0.162495,0,0.046538,0.025213,0.046961,0.026726,0.034581,0.113439,0.046053,0.162495,0.079328,0.090568,0.10625,0.061308,0.081378,0.079161
1124.jpg,/mnt/data1/spring/multimodal_project/data/images/1124.jpg,11,11,7,0.162495,0,0.046538,0.025213,0.046961,0.026726,0.034581,0.113439,0.046053,0.162495,0.079328,0.090568,0.10625,0.061308,0.081378,0.079161
1095.jpg,/mnt/data1/spring/multimodal_project/data/images/1095.jpg,11,11,7,0.162495,0,0.046538,0.025213,0.046962,0.026726,0.034581,0.113439,0.046053,0.162495,0.079328,0.090568,0.10625,0.061308,0.081378,0.079161
1068.jpg,/mnt/data1/spring/multimodal_project/data/images/1068.jpg,10,10,7,0.162495,0,0.046538,0.025213,0.046962,0.026726,0.034581,0.11344,0.046053,0.162495,0.079328,0.090568,0.10625,0.061308,0.081378,0.079161
18.jpg,/mnt/data1/spring/multimodal_project/data/images/18.jpg,0,0,7,0.162495,0,0.046538,0.025213,0.046962,0.026726,0.034581,0.113439,0.046053,0.162495,0.079328,0.090568,0.10625,0.061308,0.081378,0.079161
952.jpg,/mnt/data1/spring/multimodal_project/data/images/952.jpg,10,10,7,0.162495,0,0.046538,0.025213,0.046962,0.026726,0.034581,0.11344,0.046053,0.162495,0.079328,0.090568,0.10625,0.061308,0.081378,0.079161
1099.jpg,/mnt/data1/spring/multimodal_project/data/images/1099.jpg,11,11,7,0.162495,0,0.046538,0.025213,0.046961,0.026726,0.034581,0.113439,0.046053,0.162495,0.079328,0.090568,0.10625,0.061308,0.081378,0.079161
806.jpg,/mnt/data1/spring/multimodal_project/data/images/806.jpg,8,8,7,0.162495,0,0.046538,0.025213,0.046961,0.026726,0.034581,0.113439,0.046053,0.162495,0.079328,0.090568,0.10625,0.061308,0.081378,0.079161
163.jpg,/mnt/data1/spring/multimodal_project/data/images/163.jpg,2,2,7,0.162495,0,0.046538,0.025213,0.046962,0.026726,0.034581,0.113439,0.046053,0.162495,0.079328,0.090568,0.10625,0.061308,0.081378,0.079161
886.jpg,/mnt/data1/spring/multimodal_project/data/images/886.jpg,9,9,7,0.162495,0,0.046538,0.025213,0.046962,0.026726,0.034581,0.11344,0.046053,0.162495,0.079328,0.090568,0.10625,0.061308,0.081378,0.079161
1270.jpg,/mnt/data1/spring/multimodal_project/data/images/1270.jpg,12,12,7,0.162495,0,0.046538,0.025213,0.046961,0.026726,0.034581,0.113439,0.046053,0.162495,0.079328,0.090568,0.10625,0.061308,0.081378,0.079161
114.jpg,/mnt/data1/spring/multimodal_project/data/images/114.jpg,2,2,7,0.162495,0,0.046538,0.025213,0.046961,0.026726,0.034581,0.113439,0.046053,0.162495,0.079328,0.090568,0.10625,0.061308,0.081378,0.079161
1206.jpg,/mnt/data1/spring/multimodal_project/data/images/1206.jpg,12,12,7,0.162495,0,0.046538,0.025213,0.046962,0.026726,0.034581,0.113439,0.046053,0.162495,0.079328,0.090567,0.10625,0.061308,0.081378,0.079161
512.jpg,/mnt/data1/spring/multimodal_project/data/images/512.jpg,7,7,7,0.162495,1,0.046538,0.025213,0.046962,0.026726,0.034581,0.113439,0.046053,0.162495,0.079328,0.090568,0.10625,0.061308,0.081378,0.079161
968.jpg,/mnt/data1/spring/multimodal_project/data/images/968.jpg,10,10,7,0.162495,0,0.046538,0.025213,0.046962,0.026726,0.034581,0.11344,0.046053,0.162495,0.079328,0.090568,0.10625,0.061308,0.081378,0.079161
425.jpg,/mnt/data1/spring/multimodal_project/data/images/425.jpg,6,6,7,0.162495,0,0.046538,0.025213,0.046962,0.026726,0.034581,0.113439,0.046053,0.162495,0.079328,0.090568,0.10625,0.061308,0.081378,0.079161
885.jpg,/mnt/data1/spring/multimodal_project/data/images/885.jpg,9,9,7,0.162495,0,0.046538,0.025213,0.046962,0.026726,0.034581,0.11344,0.046053,0.162495,0.079328,0.090568,0.10625,0.061308,0.081378,0.079161
903.jpg,/mnt/data1/spring/multimodal_project/data/images/903.jpg,9,9,7,0.162495,0,0.046538,0.025213,0.046961,0.026726,0.034581,0.113439,0.046053,0.162495,0.079328,0.090568,0.10625,0.061308,0.081378,0.079161
1286.jpg,/mnt/data1/spring/multimodal_project/data/images/1286.jpg,12,12,7,0.162495,0,0.046538,0.025213,0.046961,0.026726,0.034581,0.11344,0.046053,0.162495,0.079328,0.090568,0.10625,0.061308,0.081378,0.079161
1184.jpg,/mnt/data1/spring/multimodal_project/data/images/1184.jpg,12,12,7,0.162495,0,0.046538,0.025213,0.046962,0.026726,0.034581,0.113439,0.046053,0.162495,0.079328,0.090567,0.10625,0.061308,0.081378,0.079161
23.jpg,/mnt/data1/spring/multimodal_project/data/images/23.jpg,0,0,7,0.162495,0,0.046538,0.025213,0.046962,0.026726,0.034581,0.113439,0.046053,0.162495,0.079328,0.090568,0.10625,0.061308,0.081378,0.079161
1272.jpg,/mnt/data1/spring/multimodal_project/data/images/1272.jpg,12,12,7,0.162495,0,0.046538,0.025213,0.046961,0.026726,0.034581,0.113439,0.046053,0.162495,0.079328,0.090568,0.10625,0.061308,0.081378,0.079161
403.jpg,/mnt/data1/spring/multimodal_project/data/images/403.jpg,5,5,7,0.162495,0,0.046538,0.025213,0.046961,0.026726,0.034581,0.113439,0.046053,0.162495,0.079328,0.090568,0.10625,0.061308,0.081378,0.079161
1165.jpg,/mnt/data1/spring/multimodal_project/data/images/1165.jpg,11,11,7,0.162495,0,0.046538,0.025213,0.046962,0.026726,0.034581,0.113439,0.046053,0.162495,0.079328,0.090568,0.10625,0.061308,0.081378,0.079161
1063.jpg,/mnt/data1/spring/multimodal_project/data/images/1063.jpg,10,10,7,0.162495,0,0.046538,0.025213,0.046962,0.026726,0.034581,0.11344,0.046053,0.162495,0.079328,0.090568,0.10625,0.061308,0.081378,0.079161
293.jpg,/mnt/data1/spring/multimodal_project/data/images/293.jpg,5,5,7,0.162495,0,0.046538,0.025213,0.046962,0.026726,0.034581,0.11344,0.046053,0.162495,0.079328,0.090568,0.10625,0.061308,0.081378,0.079161
1312.jpg,/mnt/data1/spring/multimodal_project/data/images/1312.jpg,13,13,7,0.162495,0,0.046538,0.025213,0.046961,0.026726,0.034581,0.113439,0.046053,0.162495,0.079328,0.090568,0.10625,0.061308,0.081378,0.079161
464.jpg,/mnt/data1/spring/multimodal_project/data/images/464.jpg,6,6,7,0.162495,0,0.046538,0.025213,0.046962,0.026726,0.034581,0.113439,0.046053,0.162495,0.079328,0.090568,0.10625,0.061308,0.081378,0.079161
228.jpg,/mnt/data1/spring/multimodal_project/data/images/228.jpg,4,4,7,0.162495,0,0.046538,0.025213,0.046962,0.026726,0.034581,0.113439,0.046053,0.162495,0.079328,0.090568,0.10625,0.061308,0.081378,0.079161
1112.jpg,/mnt/data1/spring/multimodal_project/data/images/1112.jpg,11,11,7,0.162495,0,0.046538,0.025213,0.046961,0.026726,0.034581,0.113439,0.046053,0.162495,0.079328,0.090568,0.10625,0.061308,0.081378,0.079161
1016.jpg,/mnt/data1/spring/multimodal_project/data/images/1016.jpg,10,10,7,0.162495,0,0.046538,0.025213,0.046962,0.026726,0.034581,0.11344,0.046053,0.162495,0.079328,0.090568,0.10625,0.061308,0.081378,0.079161
1132.jpg,/mnt/data1/spring/multimodal_project/data/images/1132.jpg,11,11,7,0.162495,0,0.046538,0.025213,0.046961,0.026726,0.034581,0.113439,0.046053,0.162495,0.079328,0.090568,0.10625,0.061308,0.081378,0.079161
597.jpg,/mnt/data1/spring/multimodal_project/data/images/597.jpg,7,7,7,0.162495,1,0.046538,0.025213,0.046962,0.026726,0.034581,0.113439,0.046053,0.162495,0.079328,0.090568,0.10625,0.061308,0.081378,0.079161
336.jpg,/mnt/data1/spring/multimodal_project/data/images/336.jpg,5,5,7,0.162495,0,0.046538,0.025213,0.046962,0.026726,0.034581,0.11344,0.046053,0.162495,0.079328,0.090568,0.10625,0.061308,0.081378,0.079161
809.jpg,/mnt/data1/spring/multimodal_project/data/images/809.jpg,8,8,7,0.162495,0,0.046538,0.025213,0.046962,0.026726,0.034581,0.113439,0.046053,0.162495,0.079328,0.090568,0.10625,0.061308,0.081378,0.079161
361.jpg,/mnt/data1/spring/multimodal_project/data/images/361.jpg,5,5,7,0.162495,0,0.046538,0.025213,0.046962,0.026726,0.034581,0.11344,0.046053,0.162495,0.079328,0.090568,0.10625,0.061308,0.081378,0.079161
382.jpg,/mnt/data1/spring/multimodal_project/data/images/382.jpg,5,5,7,0.162495,0,0.046538,0.025213,0.046962,0.026726,0.034581,0.11344,0.046053,0.162495,0.079328,0.090568,0.10625,0.061308,0.081378,0.079161
619.jpg,/mnt/data1/spring/multimodal_project/data/images/619.jpg,7,7,7,0.162495,1,0.046538,0.025213,0.046962,0.026726,0.034581,0.11344,0.046053,0.162495,0.079328,0.090568,0.10625,0.061308,0.081378,0.079161
1259.jpg,/mnt/data1/spring/multimodal_project/data/images/1259.jpg,12,12,7,0.162495,0,0.046538,0.025213,0.046961,0.026726,0.034581,0.113439,0.046053,0.162495,0.079328,0.090567,0.10625,0.061308,0.081378,0.079161
763.jpg,/mnt/data1/spring/multimodal_project/data/images/763.jpg,8,8,7,0.162495,0,0.046538,0.025213,0.046961,0.026726,0.034581,0.113439,0.046053,0.162495,0.079328,0.090568,0.10625,0.061308,0.081378,0.079161
1055.jpg,/mnt/data1/spring/multimodal_project/data/images/1055.jpg,10,10,7,0.162495,0,0.046538,0.025213,0.046962,0.026726,0.034581,0.11344,0.046053,0.162495,0.079328,0.090568,0.10625,0.061308,0.081378,0.079161
648.jpg,/mnt/data1/spring/multimodal_project/data/images/648.jpg,7,7,7,0.162495,1,0.046538,0.025213,0.046962,0.026726,0.034581,0.11344,0.046053,0.162495,0.079328,0.090568,0.10625,0.061308,0.081378,0.079161
344.jpg,/mnt/data1/spring/multimodal_project/data/images/344.jpg,5,5,7,0.162495,0,0.046538,0.025213,0.046962,0.026726,0.034581,0.11344,0.046053,0.162495,0.079328,0.090568,0.10625,0.061308,0.081378,0.079161
330.jpg,/mnt/data1/spring/multimodal_project/data/images/330.jpg,5,5,7,0.162495,0,0.046538,0.025213,0.046962,0.026726,0.034581,0.11344,0.046053,0.162495,0.079328,0.090568,0.10625,0.061308,0.081378,0.079161
600.jpg,/mnt/data1/spring/multimodal_project/data/images/600.jpg,7,7,7,0.162495,1,0.046538,0.025213,0.046962,0.026726,0.034581,0.11344,0.046053,0.162495,0.079328,0.090568,0.10625,0.061308,0.081378,0.079161
525.jpg,/mnt/data1/spring/multimodal_project/data/images/525.jpg,7,7,7,0.162495,1,0.046538,0.025213,0.046962,0.026726,0.034581,0.11344,0.046053,0.162495,0.079328,0.090568,0.10625,0.061308,0.081378,0.079161
1051.jpg,/mnt/data1/spring/multimodal_project/data/images/1051.jpg,10,10,7,0.162495,0,0.046538,0.025213,0.046962,0.026726,0.034581,0.11344,0.046053,0.162495,0.079328,0.090568,0.10625,0.061308,0.081378,0.079161
1200.jpg,/mnt/data1/spring/multimodal_project/data/images/1200.jpg,12,12,7,0.162495,0,0.046538,0.025213,0.046962,0.026726,0.034581,0.113439,0.046053,0.162495,0.079328,0.090567,0.10625,0.061308,0.081378,0.079161
274.jpg,/mnt/data1/spring/multimodal_project/data/images/274.jpg,5,5,7,0.162495,0,0.046538,0.025213,0.046962,0.026726,0.034581,0.11344,0.046053,0.162495,0.079328,0.090568,0.10625,0.061308,0.081378,0.079161
1263.jpg,/mnt/data1/spring/multimodal_project/data/images/1263.jpg,12,12,7,0.162495,0,0.046538,0.025213,0.046961,0.026726,0.034581,0.113439,0.046053,0.162495,0.079328,0.090567,0.10625,0.061308,0.081378,0.079161
970.jpg,/mnt/data1/spring/multimodal_project/data/images/970.jpg,10,10,7,0.162495,0,0.046538,0.025213,0.046962,0.026726,0.034581,0.11344,0.046053,0.162495,0.079328,0.090568,0.10625,0.061308,0.081378,0.079161
154.jpg,/mnt/data1/spring/multimodal_project/data/images/154.jpg,2,2,7,0.162495,0,0.046538,0.025213,0.046961,0.026726,0.034581,0.113439,0.046053,0.162495,0.079328,0.090568,0.10625,0.061308,0.081378,0.079161
26.jpg,/mnt/data1/spring/multimodal_project/data/images/26.jpg,0,0,7,0.162495,0,0.046538,0.025213,0.046962,0.026726,0.034581,0.113439,0.046053,0.162495,0.079328,0.090568,0.10625,0.061308,0.081378,0.079161
164.jpg,/mnt/data1/spring/multimodal_project/data/images/164.jpg,3,3,7,0.162495,0,0.046538,0.025213,0.046961,0.026726,0.034581,0.113439,0.046053,0.162495,0.079328,0.090568,0.10625,0.061308,0.081378,0.079161
723.jpg,/mnt/data1/spring/multimodal_project/data/images/723.jpg,8,8,7,0.162495,0,0.046538,0.025213,0.046961,0.026726,0.034581,0.113439,0.046053,0.162495,0.079328,0.090568,0.10625,0.061308,0.081378,0.079161
877.jpg,/mnt/data1/spring/multimodal_project/data/images/877.jpg,9,9,7,0.162495,0,0.046538,0.025213,0.046962,0.026726,0.034581,0.113439,0.046053,0.162495,0.079328,0.090568,0.10625,0.061308,0.081378,0.079161
690.jpg,/mnt/data1/spring/multimodal_project/data/images/690.jpg,7,7,7,0.162495,1,0.046538,0.025213,0.046962,0.026726,0.034581,0.11344,0.046053,0.162495,0.079328,0.090568,0.10625,0.061308,0.081378,0.079161
932.jpg,/mnt/data1/spring/multimodal_project/data/images/932.jpg,9,9,7,0.162495,0,0.046538,0.025213,0.046962,0.026726,0.034581,0.113439,0.046053,0.162495,0.079328,0.090568,0.10625,0.061308,0.081378,0.079161
180.jpg,/mnt/data1/spring/multimodal_project/data/images/180.jpg,3,3,7,0.162495,0,0.046538,0.025213,0.046961,0.026726,0.034581,0.113439,0.046053,0.162495,0.079328,0.090567,0.10625,0.061308,0.081378,0.079161
1067.jpg,/mnt/data1/spring/multimodal_project/data/images/1067.jpg,10,10,7,0.162495,0,0.046538,0.025213,0.046962,0.026726,0.034581,0.11344,0.046053,0.162495,0.079328,0.090568,0.10625,0.061308,0.081378,0.079161
1019.jpg,/mnt/data1/spring/multimodal_project/data/images/1019.jpg,10,10,7,0.162495,0,0.046538,0.025213,0.046962,0.026726,0.034581,0.11344,0.046053,0.162495,0.079328,0.090568,0.10625,0.061308,0.081378,0.079161
867.jpg,/mnt/data1/spring/multimodal_project/data/images/867.jpg,9,9,7,0.162495,0,0.046538,0.025213,0.046962,0.026726,0.034581,0.11344,0.046053,0.162495,0.079328,0.090568,0.10625,0.061308,0.081378,0.079161
367.jpg,/mnt/data1/spring/multimodal_project/data/images/367.jpg,5,5,7,0.162495,0,0.046538,0.025213,0.046962,0.026726,0.034581,0.11344,0.046053,0.162495,0.079328,0.090568,0.10625,0.061308,0.081378,0.079161
1382.jpg,/mnt/data1/spring/multimodal_project/data/images/1382.jpg,13,13,7,0.162495,0,0.046538,0.025213,0.046961,0.026726,0.034581,0.113439,0.046053,0.162495,0.079328,0.090568,0.10625,0.061308,0.081378,0.079161
1291.jpg,/mnt/data1/spring/multimodal_project/data/images/1291.jpg,13,13,7,0.162495,0,0.046538,0.025213,0.046961,0.026726,0.034581,0.113439,0.046053,0.162495,0.079328,0.090568,0.10625,0.061308,0.081378,0.079161
67.jpg,/mnt/data1/spring/multimodal_project/data/images/67.jpg,1,1,7,0.162495,0,0.046538,0.025213,0.046962,0.026726,0.034581,0.113439,0.046053,0.162495,0.079328,0.090568,0.10625,0.061308,0.081378,0.079161
59.jpg,/mnt/data1/spring/multimodal_project/data/images/59.jpg,0,0,7,0.162495,0,0.046538,0.025213,0.046962,0.026726,0.034581,0.113439,0.046053,0.162495,0.079328,0.090568,0.10625,0.061308,0.081378,0.079161
1178.jpg,/mnt/data1/spring/multimodal_project/data/images/1178.jpg,12,12,7,0.162495,0,0.046538,0.025213,0.046962,0.026726,0.034581,0.113439,0.046053,0.162495,0.079328,0.090567,0.10625,0.061308,0.081378,0.079161
956.jpg,/mnt/data1/spring/multimodal_project/data/images/956.jpg,10,10,7,0.162495,0,0.046538,0.025213,0.046962,0.026726,0.034581,0.11344,0.046053,0.162495,0.079328,0.090568,0.10625,0.061308,0.081378,0.079161
510.jpg,/mnt/data1/spring/multimodal_project/data/images/510.jpg,7,7,7,0.162495,1,0.046538,0.025213,0.046961,0.026726,0.034581,0.113439,0.046053,0.162495,0.079328,0.090568,0.10625,0.061308,0.081378,0.079161
1242.jpg,/mnt/data1/spring/multimodal_project/data/images/1242.jpg,12,12,7,0.162495,0,0.046538,0.025213,0.046961,0.026726,0.034581,0.11344,0.046053,0.162495,0.079328,0.090568,0.10625,0.061308,0.081378,0.079161
1290.jpg,/mnt/data1/spring/multimodal_project/data/images/1290.jpg,13,13,7,0.162495,0,0.046538,0.025213,0.046961,0.026726,0.034581,0.113439,0.046053,0.162495,0.079328,0.090568,0.10625,0.061308,0.081378,0.079161
471.jpg,/mnt/data1/spring/multimodal_project/data/images/471.jpg,6,6,7,0.162495,0,0.046538,0.025213,0.046962,0.026726,0.034581,0.113439,0.046053,0.162495,0.079328,0.090568,0.10625,0.061308,0.081378,0.079161
494.jpg,/mnt/data1/spring/multimodal_project/data/images/494.jpg,7,7,7,0.162495,1,0.046538,0.025213,0.046962,0.026726,0.034581,0.113439,0.046053,0.162495,0.079328,0.090568,0.10625,0.061308,0.081378,0.079161
626.jpg,/mnt/data1/spring/multimodal_project/data/images/626.jpg,7,7,7,0.162495,1,0.046538,0.025213,0.046962,0.026726,0.034581,0.11344,0.046053,0.162495,0.079328,0.090568,0.10625,0.061308,0.081378,0.079161
1117.jpg,/mnt/data1/spring/multimodal_project/data/images/1117.jpg,11,11,7,0.162496,0,0.046538,0.025213,0.046961,0.026726,0.034581,0.113439,0.046053,0.162496,0.079328,0.090568,0.10625,0.061308,0.081378,0.079161
253.jpg,/mnt/data1/spring/multimodal_project/data/images/253.jpg,5,5,7,0.162495,0,0.046538,0.025213,0.046962,0.026726,0.034581,0.11344,0.046053,0.162495,0.079328,0.090568,0.10625,0.061308,0.081378,0.079161
1148.jpg,/mnt/data1/spring/multimodal_project/data/images/1148.jpg,11,11,7,0.162495,0,0.046538,0.025213,0.046962,0.026726,0.034581,0.113439,0.046053,0.162495,0.079328,0.090568,0.10625,0.061308,0.081378,0.079161
1301.jpg,/mnt/data1/spring/multimodal_project/data/images/1301.jpg,13,13,7,0.162495,0,0.046538,0.025213,0.046961,0.026726,0.034581,0.113439,0.046053,0.162495,0.079328,0.090568,0.10625,0.061308,0.081378,0.079161
281.jpg,/mnt/data1/spring/multimodal_project/data/images/281.jpg,5,5,7,0.162495,0,0.046538,0.025213,0.046962,0.026726,0.034581,0.11344,0.046053,0.162495,0.079328,0.090568,0.10625,0.061308,0.081378,0.079161
1026.jpg,/mnt/data1/spring/multimodal_project/data/images/1026.jpg,10,10,7,0.162495,0,0.046538,0.025213,0.046962,0.026726,0.034581,0.11344,0.046053,0.162495,0.079328,0.090568,0.10625,0.061308,0.081378,0.079161
1388.jpg,/mnt/data1/spring/multimodal_project/data/images/1388.jpg,13,13,7,0.162495,0,0.046538,0.025213,0.046962,0.026726,0.034581,0.11344,0.046053,0.162495,0.079328,0.090568,0.10625,0.061308,0.081378,0.079161
1013.jpg,/mnt/data1/spring/multimodal_project/data/images/1013.jpg,10,10,7,0.162495,0,0.046538,0.025213,0.046962,0.026726,0.034581,0.11344,0.046053,0.162495,0.079328,0.090568,0.10625,0.061308,0.081378,0.079161
449.jpg,/mnt/data1/spring/multimodal_project/data/images/449.jpg,6,6,7,0.162495,0,0.046538,0.025213,0.046962,0.026726,0.034581,0.113439,0.046053,0.162495,0.079328,0.090568,0.10625,0.061308,0.081378,0.079161
948.jpg,/mnt/data1/spring/multimodal_project/data/images/948.jpg,10,10,7,0.162495,0,0.046538,0.025213,0.046962,0.026726,0.034581,0.11344,0.046053,0.162495,0.079328,0.090568,0.10625,0.061308,0.081378,0.079161
165.jpg,/mnt/data1/spring/multimodal_project/data/images/165.jpg,3,3,7,0.162495,0,0.046538,0.025213,0.046961,0.026726,0.034581,0.113439,0.046053,0.162495,0.079328,0.090568,0.10625,0.061308,0.081378,0.079161
680.jpg,/mnt/data1/spring/multimodal_project/data/images/680.jpg,7,7,7,0.162495,1,0.046538,0.025213,0.046962,0.026726,0.034581,0.11344,0.046053,0.162495,0.079328,0.090568,0.10625,0.061308,0.081378,0.079161
1087.jpg,/mnt/data1/spring/multimodal_project/data/images/1087.jpg,10,10,7,0.162495,0,0.046538,0.025213,0.046961,0.026726,0.034581,0.113439,0.046053,0.162495,0.079328,0.090568,0.10625,0.061308,0.081378,0.079161
570.jpg,/mnt/data1/spring/multimodal_project/data/images/570.jpg,7,7,7,0.162495,1,0.046538,0.025213,0.046962,0.026726,0.034581,0.11344,0.046053,0.162495,0.079328,0.090568,0.10625,0.061308,0.081378,0.079161
302.jpg,/mnt/data1/spring/multimodal_project/data/images/302.jpg,5,5,7,0.162495,0,0.046538,0.025213,0.046962,0.026726,0.034581,0.11344,0.046053,0.162495,0.079328,0.090568,0.10625,0.061308,0.081378,0.079161
533.jpg,/mnt/data1/spring/multimodal_project/data/images/533.jpg,7,7,7,0.162495,1,0.046538,0.025213,0.046962,0.026726,0.034581,0.11344,0.046053,0.162495,0.079328,0.090568,0.10625,0.061308,0.081378,0.079161
1392.jpg,/mnt/data1/spring/multimodal_project/data/images/1392.jpg,13,13,7,0.162495,0,0.046538,0.025213,0.046961,0.026726,0.034581,0.113439,0.046053,0.162495,0.079328,0.090568,0.10625,0.061308,0.081378,0.079161
1267.jpg,/mnt/data1/spring/multimodal_project/data/images/1267.jpg,12,12,7,0.162495,0,0.046538,0.025213,0.046961,0.026726,0.034581,0.113439,0.046053,0.162495,0.079328,0.090567,0.10625,0.061308,0.081378,0.079161
979.jpg,/mnt/data1/spring/multimodal_project/data/images/979.jpg,10,10,7,0.162495,0,0.046538,0.025213,0.046962,0.026726,0.034581,0.11344,0.046053,0.162495,0.079328,0.090568,0.10625,0.061308,0.081378,0.079161
1070.jpg,/mnt/data1/spring/multimodal_project/data/images/1070.jpg,10,10,7,0.162495,0,0.046538,0.025213,0.046962,0.026726,0.034581,0.11344,0.046053,0.162495,0.079328,0.090568,0.10625,0.061308,0.081378,0.079161
1138.jpg,/mnt/data1/spring/multimodal_project/data/images/1138.jpg,11,11,7,0.162495,0,0.046538,0.025213,0.046961,0.026726,0.034581,0.113439,0.046053,0.162495,0.079328,0.090568,0.10625,0.061308,0.081378,0.079161
234.jpg,/mnt/data1/spring/multimodal_project/data/images/234.jpg,4,4,7,0.162495,0,0.046538,0.025213,0.046962,0.026726,0.034581,0.113439,0.046053,0.162495,0.079328,0.090568,0.10625,0.061308,0.081378,0.079161
1371.jpg,/mnt/data1/spring/multimodal_project/data/images/1371.jpg,13,13,7,0.162495,0,0.046538,0.025213,0.046962,0.026726,0.034581,0.11344,0.046053,0.162495,0.079328,0.090568,0.10625,0.061308,0.081378,0.079161
1050.jpg,/mnt/data1/spring/multimodal_project/data/images/1050.jpg,10,10,7,0.162495,0,0.046538,0.025213,0.046962,0.026726,0.034581,0.11344,0.046053,0.162495,0.079328,0.090568,0.10625,0.061308,0.081378,0.079161
1196.jpg,/mnt/data1/spring/multimodal_project/data/images/1196.jpg,12,12,7,0.162495,0,0.046538,0.025213,0.046962,0.026726,0.034581,0.113439,0.046053,0.162495,0.079328,0.090567,0.10625,0.061308,0.081378,0.079161
40.jpg,/mnt/data1/spring/multimodal_project/data/images/40.jpg,0,0,7,0.162495,0,0.046538,0.025213,0.046962,0.026726,0.034581,0.11344,0.046053,0.162495,0.079328,0.090568,0.10625,0.061308,0.081378,0.079161
593.jpg,/mnt/data1/spring/multimodal_project/data/images/593.jpg,7,7,7,0.162495,1,0.046538,0.025213,0.046962,0.026726,0.034581,0.11344,0.046053,0.162495,0.079328,0.090568,0.10625,0.061308,0.081378,0.079161
841.jpg,/mnt/data1/spring/multimodal_project/data/images/841.jpg,9,9,7,0.162495,0,0.046538,0.025213,0.046962,0.026726,0.034581,0.11344,0.046053,0.162495,0.079328,0.090568,0.10625,0.061308,0.081378,0.079161
1153.jpg,/mnt/data1/spring/multimodal_project/data/images/1153.jpg,11,11,7,0.162495,0,0.046538,0.025213,0.046962,0.026726,0.034581,0.113439,0.046053,0.162495,0.079328,0.090568,0.10625,0.061308,0.081378,0.079161
946.jpg,/mnt/data1/spring/multimodal_project/data/images/946.jpg,10,10,7,0.162495,0,0.046538,0.025213,0.046962,0.026726,0.034581,0.11344,0.046053,0.162495,0.079328,0.090568,0.10625,0.061308,0.081378,0.079161
717.jpg,/mnt/data1/spring/multimodal_project/data/images/717.jpg,8,8,7,0.162495,0,0.046538,0.025213,0.046961,0.026726,0.034581,0.113439,0.046053,0.162495,0.079328,0.090568,0.10625,0.061308,0.081378,0.079161
91.jpg,/mnt/data1/spring/multimodal_project/data/images/91.jpg,1,1,7,0.162495,0,0.046538,0.025213,0.046962,0.026726,0.034581,0.113439,0.046053,0.162495,0.079328,0.090567,0.10625,0.061308,0.081378,0.079161
229.jpg,/mnt/data1/spring/multimodal_project/data/images/229.jpg,4,4,7,0.162495,0,0.046538,0.025213,0.046962,0.026726,0.034581,0.113439,0.046053,0.162495,0.079328,0.090568,0.10625,0.061308,0.081378,0.079161
541.jpg,/mnt/data1/spring/multimodal_project/data/images/541.jpg,7,7,7,0.162495,1,0.046538,0.025213,0.046962,0.026726,0.034581,0.11344,0.046053,0.162495,0.079328,0.090568,0.10625,0.061308,0.081378,0.079161
518.jpg,/mnt/data1/spring/multimodal_project/data/images/518.jpg,7,7,7,0.162495,1,0.046538,0.025213,0.046962,0.026726,0.034581,0.113439,0.046053,0.162495,0.079328,0.090568,0.10625,0.061308,0.081378,0.079161
1163.jpg,/mnt/data1/spring/multimodal_project/data/images/1163.jpg,11,11,7,0.162495,0,0.046538,0.025213,0.046962,0.026726,0.034581,0.113439,0.046053,0.162495,0.079328,0.090568,0.10625,0.061308,0.081378,0.079161
1332.jpg,/mnt/data1/spring/multimodal_project/data/images/1332.jpg,13,13,7,0.162495,0,0.046538,0.025213,0.046962,0.026726,0.034581,0.11344,0.046053,0.162495,0.079328,0.090568,0.10625,0.061308,0.081378,0.079161
462.jpg,/mnt/data1/spring/multimodal_project/data/images/462.jpg,6,6,7,0.162495,0,0.046538,0.025213,0.046962,0.026726,0.034581,0.113439,0.046053,0.162495,0.079328,0.090568,0.10625,0.061308,0.081378,0.079161
181.jpg,/mnt/data1/spring/multimodal_project/data/images/181.jpg,3,3,7,0.162495,0,0.046538,0.025213,0.046961,0.026726,0.034581,0.113439,0.046053,0.162495,0.079328,0.090567,0.10625,0.061308,0.081378,0.079161
721.jpg,/mnt/data1/spring/multimodal_project/data/images/721.jpg,8,8,7,0.162495,0,0.046538,0.025213,0.046961,0.026726,0.034581,0.113439,0.046053,0.162495,0.079328,0.090568,0.10625,0.061308,0.081378,0.079161
282.jpg,/mnt/data1/spring/multimodal_project/data/images/282.jpg,5,5,7,0.162495,0,0.046538,0.025213,0.046962,0.026726,0.034581,0.11344,0.046053,0.162495,0.079328,0.090568,0.10625,0.061308,0.081378,0.079161
122.jpg,/mnt/data1/spring/multimodal_project/data/images/122.jpg,2,2,7,0.162495,0,0.046538,0.025213,0.046962,0.026726,0.034581,0.113439,0.046053,0.162495,0.079328,0.090568,0.10625,0.061308,0.081378,0.079161
642.jpg,/mnt/data1/spring/multimodal_project/data/images/642.jpg,7,7,7,0.162495,1,0.046538,0.025213,0.046962,0.026726,0.034581,0.11344,0.046053,0.162495,0.079328,0.090568,0.10625,0.061308,0.081378,0.079161
452.jpg,/mnt/data1/spring/multimodal_project/data/images/452.jpg,6,6,7,0.162495,0,0.046538,0.025213,0.046962,0.026726,0.034581,0.113439,0.046053,0.162495,0.079328,0.090568,0.10625,0.061308,0.081378,0.079161
174.jpg,/mnt/data1/spring/multimodal_project/data/images/174.jpg,3,3,7,0.162495,0,0.046538,0.025213,0.046961,0.026726,0.034581,0.11344,0.046053,0.162495,0.079328,0.090567,0.10625,0.061308,0.081378,0.079161
1293.jpg,/mnt/data1/spring/multimodal_project/data/images/1293.jpg,13,13,7,0.162495,0,0.046538,0.025213,0.046961,0.026726,0.034581,0.113439,0.046053,0.162495,0.079328,0.090568,0.10625,0.061308,0.081378,0.079161
476.jpg,/mnt/data1/spring/multimodal_project/data/images/476.jpg,7,7,7,0.162495,1,0.046538,0.025213,0.046961,0.026726,0.034581,0.113439,0.046053,0.162495,0.079328,0.090568,0.10625,0.061308,0.081378,0.079161
1288.jpg,/mnt/data1/spring/multimodal_project/data/images/1288.jpg,13,13,7,0.162495,0,0.046538,0.025213,0.046961,0.026726,0.034581,0.113439,0.046053,0.162495,0.079328,0.090568,0.10625,0.061308,0.081378,0.079161
989.jpg,/mnt/data1/spring/multimodal_project/data/images/989.jpg,10,10,7,0.162495,0,0.046538,0.025213,0.046962,0.026726,0.034581,0.11344,0.046053,0.162495,0.079328,0.090568,0.10625,0.061308,0.081378,0.079161
927.jpg,/mnt/data1/spring/multimodal_project/data/images/927.jpg,9,9,7,0.162495,0,0.046538,0.025213,0.046962,0.026726,0.034581,0.113439,0.046053,0.162495,0.079328,0.090568,0.10625,0.061308,0.081378,0.079161
371.jpg,/mnt/data1/spring/multimodal_project/data/images/371.jpg,5,5,7,0.162495,0,0.046538,0.025213,0.046962,0.026726,0.034581,0.11344,0.046053,0.162495,0.079328,0.090568,0.10625,0.061308,0.081378,0.079161
1264.jpg,/mnt/data1/spring/multimodal_project/data/images/1264.jpg,12,12,7,0.162495,0,0.046538,0.025213,0.046961,0.026726,0.034581,0.113439,0.046053,0.162495,0.079328,0.090567,0.10625,0.061308,0.081378,0.079161
257.jpg,/mnt/data1/spring/multimodal_project/data/images/257.jpg,5,5,7,0.162495,0,0.046538,0.025213,0.046962,0.026726,0.034581,0.11344,0.046053,0.162495,0.079328,0.090568,0.10625,0.061308,0.081378,0.079161
713.jpg,/mnt/data1/spring/multimodal_project/data/images/713.jpg,8,8,7,0.162495,0,0.046538,0.025213,0.046961,0.026726,0.034581,0.113439,0.046053,0.162495,0.079328,0.090568,0.10625,0.061308,0.081378,0.079161
761.jpg,/mnt/data1/spring/multimodal_project/data/images/761.jpg,8,8,7,0.162495,0,0.046538,0.025213,0.046961,0.026726,0.034581,0.113439,0.046053,0.162495,0.079328,0.090568,0.10625,0.061308,0.081378,0.079161
1057.jpg,/mnt/data1/spring/multimodal_project/data/images/1057.jpg,10,10,7,0.162495,0,0.046538,0.025213,0.046962,0.026726,0.034581,0.11344,0.046053,0.162495,0.079328,0.090568,0.10625,0.061308,0.081378,0.079161
1040.jpg,/mnt/data1/spring/multimodal_project/data/images/1040.jpg,10,10,7,0.162495,0,0.046538,0.025213,0.046962,0.026726,0.034581,0.11344,0.046053,0.162495,0.079328,0.090568,0.10625,0.061308,0.081378,0.079161
1243.jpg,/mnt/data1/spring/multimodal_project/data/images/1243.jpg,12,12,7,0.162495,0,0.046538,0.025213,0.046961,0.026726,0.034581,0.11344,0.046053,0.162495,0.079328,0.090568,0.10625,0.061308,0.081378,0.079161
1268.jpg,/mnt/data1/spring/multimodal_project/data/images/1268.jpg,12,12,7,0.162495,0,0.046538,0.025213,0.046961,0.026726,0.034581,0.113439,0.046053,0.162495,0.079328,0.090567,0.10625,0.061308,0.081378,0.079161
622.jpg,/mnt/data1/spring/multimodal_project/data/images/622.jpg,7,7,7,0.162495,1,0.046538,0.025213,0.046962,0.026726,0.034581,0.11344,0.046053,0.162495,0.079328,0.090568,0.10625,0.061308,0.081378,0.079161
87.jpg,/mnt/data1/spring/multimodal_project/data/images/87.jpg,1,1,7,0.162495,0,0.046538,0.025213,0.046962,0.026726,0.034581,0.113439,0.046053,0.162495,0.079328,0.090567,0.10625,0.061308,0.081378,0.079161
27.jpg,/mnt/data1/spring/multimodal_project/data/images/27.jpg,0,0,7,0.162495,0,0.046538,0.025213,0.046962,0.026726,0.034581,0.113439,0.046053,0.162495,0.079328,0.090568,0.10625,0.061308,0.081378,0.079161
108.jpg,/mnt/data1/spring/multimodal_project/data/images/108.jpg,2,2,7,0.162495,0,0.046538,0.025213,0.046961,0.026726,0.034581,0.113439,0.046053,0.162495,0.079328,0.090568,0.10625,0.061308,0.081378,0.079161
260.jpg,/mnt/data1/spring/multimodal_project/data/images/260.jpg,5,5,7,0.162495,0,0.046538,0.025213,0.046962,0.026726,0.034581,0.11344,0.046053,0.162495,0.079328,0.090568,0.10625,0.061308,0.081378,0.079161
1343.jpg,/mnt/data1/spring/multimodal_project/data/images/1343.jpg,13,13,7,0.162495,0,0.046538,0.025213,0.046962,0.026726,0.034581,0.11344,0.046053,0.162495,0.079328,0.090568,0.10625,0.061308,0.081378,0.079161
380.jpg,/mnt/data1/spring/multimodal_project/data/images/380.jpg,5,5,7,0.162495,0,0.046538,0.025213,0.046962,0.026726,0.034581,0.11344,0.046053,0.162495,0.079328,0.090568,0.10625,0.061308,0.081378,0.079161
1360.jpg,/mnt/data1/spring/multimodal_project/data/images/1360.jpg,13,13,7,0.162495,0,0.046538,0.025213,0.046962,0.026726,0.034581,0.11344,0.046053,0.162495,0.079328,0.090568,0.10625,0.061308,0.081378,0.079161
331.jpg,/mnt/data1/spring/multimodal_project/data/images/331.jpg,5,5,7,0.162495,0,0.046538,0.025213,0.046962,0.026726,0.034581,0.11344,0.046053,0.162495,0.079328,0.090568,0.10625,0.061308,0.081378,0.079161
1191.jpg,/mnt/data1/spring/multimodal_project/data/images/1191.jpg,12,12,7,0.162495,0,0.046538,0.025213,0.046962,0.026726,0.034581,0.113439,0.046053,0.162495,0.079328,0.090567,0.10625,0.061308,0.081378,0.079161
987.jpg,/mnt/data1/spring/multimodal_project/data/images/987.jpg,10,10,7,0.162495,0,0.046538,0.025213,0.046962,0.026726,0.034581,0.113439,0.046053,0.162495,0.079328,0.090568,0.10625,0.061308,0.081378,0.079161
1296.jpg,/mnt/data1/spring/multimodal_project/data/images/1296.jpg,13,13,7,0.162495,0,0.046538,0.025213,0.046961,0.026726,0.034581,0.113439,0.046053,0.162495,0.079328,0.090568,0.10625,0.061308,0.081378,0.079161
665.jpg,/mnt/data1/spring/multimodal_project/data/images/665.jpg,7,7,7,0.162495,1,0.046538,0.025213,0.046962,0.026726,0.034581,0.11344,0.046053,0.162495,0.079328,0.090568,0.10625,0.061308,0.081378,0.079161
30.jpg,/mnt/data1/spring/multimodal_project/data/images/30.jpg,0,0,7,0.162495,0,0.046538,0.025213,0.046962,0.026726,0.034581,0.11344,0.046053,0.162495,0.079328,0.090568,0.10625,0.061308,0.081378,0.079161
1041.jpg,/mnt/data1/spring/multimodal_project/data/images/1041.jpg,10,10,7,0.162495,0,0.046538,0.025213,0.046962,0.026726,0.034581,0.11344,0.046053,0.162495,0.079328,0.090568,0.10625,0.061308,0.081378,0.079161
649.jpg,/mnt/data1/spring/multimodal_project/data/images/649.jpg,7,7,7,0.162495,1,0.046538,0.025213,0.046962,0.026726,0.034581,0.11344,0.046053,0.162495,0.079328,0.090568,0.10625,0.061308,0.081378,0.079161
548.jpg,/mnt/data1/spring/multimodal_project/data/images/548.jpg,7,7,7,0.162495,1,0.046538,0.025213,0.046962,0.026726,0.034581,0.11344,0.046053,0.162495,0.079328,0.090568,0.10625,0.061308,0.081378,0.079161
1093.jpg,/mnt/data1/spring/multimodal_project/data/images/1093.jpg,11,11,7,0.162495,0,0.046538,0.025213,0.046961,0.026726,0.034581,0.113439,0.046053,0.162495,0.079328,0.090568,0.10625,0.061308,0.081378,0.079161
345.jpg,/mnt/data1/spring/multimodal_project/data/images/345.jpg,5,5,7,0.162495,0,0.046538,0.025213,0.046962,0.026726,0.034581,0.11344,0.046053,0.162495,0.079328,0.090568,0.10625,0.061308,0.081378,0.079161
337.jpg,/mnt/data1/spring/multimodal_project/data/images/337.jpg,5,5,7,0.162495,0,0.046538,0.025213,0.046962,0.026726,0.034581,0.11344,0.046053,0.162495,0.079328,0.090568,0.10625,0.061308,0.081378,0.079161
479.jpg,/mnt/data1/spring/multimodal_project/data/images/479.jpg,7,7,7,0.162495,1,0.046538,0.025213,0.046962,0.026726,0.034581,0.113439,0.046053,0.162495,0.079328,0.090568,0.10625,0.061308,0.081378,0.079161
46.jpg,/mnt/data1/spring/multimodal_project/data/images/46.jpg,0,0,7,0.162495,0,0.046538,0.025213,0.046962,0.026726,0.034581,0.113439,0.046053,0.162495,0.079328,0.090568,0.10625,0.061308,0.081378,0.079161
366.jpg,/mnt/data1/spring/multimodal_project/data/images/366.jpg,5,5,7,0.162495,0,0.046538,0.025213,0.046962,0.026726,0.034581,0.11344,0.046053,0.162495,0.079328,0.090568,0.10625,0.061308,0.081378,0.079161
1121.jpg,/mnt/data1/spring/multimodal_project/data/images/1121.jpg,11,11,7,0.162495,0,0.046538,0.025213,0.046961,0.026726,0.034581,0.113439,0.046053,0.162495,0.079328,0.090568,0.10625,0.061308,0.081378,0.079161
507.jpg,/mnt/data1/spring/multimodal_project/data/images/507.jpg,7,7,7,0.162495,1,0.046538,0.025213,0.046962,0.026726,0.034581,0.113439,0.046053,0.162495,0.079328,0.090568,0.10625,0.061308,0.081378,0.079161
1208.jpg,/mnt/data1/spring/multimodal_project/data/images/1208.jpg,12,12,7,0.162495,0,0.046538,0.025213,0.046962,0.026726,0.034581,0.113439,0.046053,0.162495,0.079328,0.090567,0.10625,0.061308,0.081378,0.079161
953.jpg,/mnt/data1/spring/multimodal_project/data/images/953.jpg,10,10,7,0.162495,0,0.046538,0.025213,0.046962,0.026726,0.034581,0.113439,0.046053,0.162495,0.079328,0.090568,0.10625,0.061308,0.081378,0.079161
1122.jpg,/mnt/data1/spring/multimodal_project/data/images/1122.jpg,11,11,7,0.162495,0,0.046538,0.025213,0.046961,0.026726,0.034581,0.113439,0.046053,0.162495,0.079328,0.090568,0.10625,0.061308,0.081378,0.079161
603.jpg,/mnt/data1/spring/multimodal_project/data/images/603.jpg,7,7,7,0.162495,1,0.046538,0.025213,0.046962,0.026726,0.034581,0.11344,0.046053,0.162495,0.079328,0.090568,0.10625,0.061308,0.081378,0.079161
31.jpg,/mnt/data1/spring/multimodal_project/data/images/31.jpg,0,0,7,0.162495,0,0.046538,0.025213,0.046962,0.026726,0.034581,0.11344,0.046053,0.162495,0.079328,0.090568,0.10625,0.061308,0.081378,0.079161
1106.jpg,/mnt/data1/spring/multimodal_project/data/images/1106.jpg,11,11,7,0.162495,0,0.046538,0.025213,0.046962,0.026726,0.034581,0.113439,0.046053,0.162495,0.079328,0.090568,0.10625,0.061308,0.081378,0.079161
935.jpg,/mnt/data1/spring/multimodal_project/data/images/935.jpg,9,9,7,0.162495,0,0.046538,0.025213,0.046962,0.026726,0.034581,0.113439,0.046053,0.162495,0.079328,0.090568,0.10625,0.061308,0.081378,0.079161
225.jpg,/mnt/data1/spring/multimodal_project/data/images/225.jpg,4,4,7,0.162495,0,0.046538,0.025213,0.046962,0.026726,0.034581,0.11344,0.046053,0.162495,0.079328,0.090568,0.10625,0.061308,0.081378,0.079161
1043.jpg,/mnt/data1/spring/multimodal_project/data/images/1043.jpg,10,10,7,0.162495,0,0.046538,0.025213,0.046962,0.026726,0.034581,0.11344,0.046053,0.162495,0.079328,0.090568,0.10625,0.061308,0.081378,0.079161
346.jpg,/mnt/data1/spring/multimodal_project/data/images/346.jpg,5,5,7,0.162495,0,0.046538,0.025213,0.046962,0.026726,0.034581,0.11344,0.046053,0.162495,0.079328,0.090568,0.10625,0.061308,0.081378,0.079161
702.jpg,/mnt/data1/spring/multimodal_project/data/images/702.jpg,8,8,7,0.162495,0,0.046538,0.025213,0.046962,0.026726,0.034581,0.113439,0.046053,0.162495,0.079328,0.090568,0.10625,0.061308,0.081378,0.079161
279.jpg,/mnt/data1/spring/multimodal_project/data/images/279.jpg,5,5,7,0.162495,0,0.046538,0.025213,0.046962,0.026726,0.034581,0.11344,0.046053,0.162495,0.079328,0.090568,0.10625,0.061308,0.081378,0.079161
283.jpg,/mnt/data1/spring/multimodal_project/data/images/283.jpg,5,5,7,0.162495,0,0.046538,0.025213,0.046962,0.026726,0.034581,0.11344,0.046053,0.162495,0.079328,0.090568,0.10625,0.061308,0.081378,0.079161
1341.jpg,/mnt/data1/spring/multimodal_project/data/images/1341.jpg,13,13,7,0.162495,0,0.046538,0.025213,0.046962,0.026726,0.034581,0.11344,0.046053,0.162495,0.079328,0.090568,0.10625,0.061308,0.081378,0.079161
135.jpg,/mnt/data1/spring/multimodal_project/data/images/135.jpg,2,2,7,0.162495,0,0.046538,0.025213,0.046961,0.026726,0.034581,0.113439,0.046053,0.162495,0.079328,0.090568,0.10625,0.061308,0.081378,0.079161
1287.jpg,/mnt/data1/spring/multimodal_project/data/images/1287.jpg,13,13,7,0.162495,0,0.046538,0.025213,0.046961,0.026726,0.034581,0.113439,0.046053,0.162495,0.079328,0.090568,0.10625,0.061308,0.081378,0.079161
1338.jpg,/mnt/data1/spring/multimodal_project/data/images/1338.jpg,13,13,7,0.162495,0,0.046538,0.025213,0.046961,0.026726,0.034581,0.113439,0.046053,0.162495,0.079328,0.090568,0.10625,0.061308,0.081378,0.079161
144.jpg,/mnt/data1/spring/multimodal_project/data/images/144.jpg,2,2,7,0.162495,0,0.046538,0.025213,0.046961,0.026726,0.034581,0.113439,0.046053,0.162495,0.079328,0.090568,0.10625,0.061308,0.081378,0.079161
532.jpg,/mnt/data1/spring/multimodal_project/data/images/532.jpg,7,7,7,0.162495,1,0.046538,0.025213,0.046962,0.026726,0.034581,0.11344,0.046053,0.162495,0.079328,0.090568,0.10625,0.061308,0.081378,0.079161
1369.jpg,/mnt/data1/spring/multimodal_project/data/images/1369.jpg,13,13,7,0.162495,0,0.046538,0.025213,0.046962,0.026726,0.034581,0.11344,0.046053,0.162495,0.079328,0.090568,0.10625,0.061308,0.081378,0.079161
1083.jpg,/mnt/data1/spring/multimodal_project/data/images/1083.jpg,10,10,7,0.162495,0,0.046538,0.025213,0.046961,0.026726,0.034581,0.113439,0.046053,0.162495,0.079328,0.090568,0.10625,0.061308,0.081378,0.079161
552.jpg,/mnt/data1/spring/multimodal_project/data/images/552.jpg,7,7,7,0.162495,1,0.046538,0.025213,0.046962,0.026726,0.034581,0.113439,0.046053,0.162495,0.079328,0.090568,0.10625,0.061308,0.081378,0.079161
623.jpg,/mnt/data1/spring/multimodal_project/data/images/623.jpg,7,7,7,0.162495,1,0.046538,0.025213,0.046962,0.026726,0.034581,0.11344,0.046053,0.162495,0.079328,0.090568,0.10625,0.061308,0.081378,0.079161
12.jpg,/mnt/data1/spring/multimodal_project/data/images/12.jpg,0,0,7,0.162495,0,0.046538,0.025213,0.046962,0.026726,0.034581,0.113439,0.046053,0.162495,0.079328,0.090568,0.10625,0.061308,0.081378,0.079161
535.jpg,/mnt/data1/spring/multimodal_project/data/images/535.jpg,7,7,7,0.162495,1,0.046538,0.025213,0.046962,0.026726,0.034581,0.11344,0.046053,0.162495,0.079328,0.090568,0.10625,0.061308,0.081378,0.079161
4.jpg,/mnt/data1/spring/multimodal_project/data/images/4.jpg,0,0,7,0.162495,0,0.046538,0.025213,0.046961,0.026726,0.034581,0.113439,0.046053,0.162495,0.079328,0.090568,0.10625,0.061308,0.081378,0.079161
139.jpg,/mnt/data1/spring/multimodal_project/data/images/139.jpg,2,2,7,0.162495,0,0.046538,0.025213,0.046961,0.026726,0.034581,0.113439,0.046053,0.162495,0.079328,0.090568,0.10625,0.061308,0.081378,0.079161
1385.jpg,/mnt/data1/spring/multimodal_project/data/images/1385.jpg,13,13,7,0.162495,0,0.046538,0.025213,0.046962,0.026726,0.034581,0.11344,0.046053,0.162495,0.079328,0.090568,0.10625,0.061308,0.081378,0.079161
821.jpg,/mnt/data1/spring/multimodal_project/data/images/821.jpg,9,9,7,0.162495,0,0.046538,0.025213,0.046961,0.026726,0.034581,0.113439,0.046053,0.162495,0.079328,0.090568,0.10625,0.061308,0.081378,0.079161
1327.jpg,/mnt/data1/spring/multimodal_project/data/images/1327.jpg,13,13,7,0.162495,0,0.046538,0.025213,0.046962,0.026726,0.034581,0.11344,0.046053,0.162495,0.079328,0.090568,0.10625,0.061308,0.081378,0.079161
74.jpg,/mnt/data1/spring/multimodal_project/data/images/74.jpg,1,1,7,0.162495,0,0.046538,0.025213,0.046961,0.026726,0.034581,0.113439,0.046053,0.162495,0.079328,0.090568,0.10625,0.061308,0.081378,0.079161
3.jpg,/mnt/data1/spring/multimodal_project/data/images/3.jpg,0,0,7,0.162495,0,0.046538,0.025213,0.046962,0.026726,0.034581,0.113439,0.046053,0.162495,0.079328,0.090568,0.10625,0.061308,0.081378,0.079161
347.jpg,/mnt/data1/spring/multimodal_project/data/images/347.jpg,5,5,7,0.162495,0,0.046538,0.025213,0.046962,0.026726,0.034581,0.11344,0.046053,0.162495,0.079328,0.090568,0.10625,0.061308,0.081378,0.079161
309.jpg,/mnt/data1/spring/multimodal_project/data/images/309.jpg,5,5,7,0.162495,0,0.046538,0.025213,0.046962,0.026726,0.034581,0.11344,0.046053,0.162495,0.079328,0.090568,0.10625,0.061308,0.081378,0.079161
25.jpg,/mnt/data1/spring/multimodal_project/data/images/25.jpg,0,0,7,0.162495,0,0.046538,0.025213,0.046962,0.026726,0.034581,0.113439,0.046053,0.162495,0.079328,0.090568,0.10625,0.061308,0.081378,0.079161
166.jpg,/mnt/data1/spring/multimodal_project/data/images/166.jpg,3,3,7,0.162495,0,0.046538,0.025213,0.046962,0.026726,0.034581,0.113439,0.046053,0.162495,0.079328,0.090568,0.10625,0.061308,0.081378,0.079161
72.jpg,/mnt/data1/spring/multimodal_project/data/images/72.jpg,1,1,7,0.162495,0,0.046538,0.025213,0.046961,0.026726,0.034581,0.113439,0.046053,0.162495,0.079328,0.090567,0.10625,0.061308,0.081378,0.079161
150.jpg,/mnt/data1/spring/multimodal_project/data/images/150.jpg,2,2,7,0.162495,0,0.046538,0.025213,0.046961,0.026726,0.034581,0.113439,0.046053,0.162495,0.079328,0.090568,0.10625,0.061308,0.081378,0.079161
869.jpg,/mnt/data1/spring/multimodal_project/data/images/869.jpg,9,9,7,0.162495,0,0.046538,0.025213,0.046962,0.026726,0.034581,0.113439,0.046053,0.162495,0.079328,0.090568,0.10625,0.061308,0.081378,0.079161
1275.jpg,/mnt/data1/spring/multimodal_project/data/images/1275.jpg,12,12,7,0.162495,0,0.046538,0.025213,0.046961,0.026726,0.034581,0.113439,0.046053,0.162495,0.079328,0.090568,0.10625,0.061308,0.081378,0.079161
413.jpg,/mnt/data1/spring/multimodal_project/data/images/413.jpg,6,6,7,0.162495,0,0.046538,0.025213,0.046961,0.026726,0.034581,0.11344,0.046053,0.162495,0.079328,0.090568,0.10625,0.061308,0.081378,0.079161
1075.jpg,/mnt/data1/spring/multimodal_project/data/images/1075.jpg,10,10,7,0.162495,0,0.046538,0.025213,0.046962,0.026726,0.034581,0.113439,0.046053,0.162495,0.079328,0.090568,0.10625,0.061308,0.081378,0.079161
1047.jpg,/mnt/data1/spring/multimodal_project/data/images/1047.jpg,10,10,7,0.162495,0,0.046538,0.025213,0.046962,0.026726,0.034581,0.11344,0.046053,0.162495,0.079328,0.090568,0.10625,0.061308,0.081378,0.079161
658.jpg,/mnt/data1/spring/multimodal_project/data/images/658.jpg,7,7,7,0.162495,1,0.046538,0.025213,0.046962,0.026726,0.034581,0.11344,0.046053,0.162495,0.079328,0.090568,0.10625,0.061308,0.081378,0.079161
704.jpg,/mnt/data1/spring/multimodal_project/data/images/704.jpg,8,8,7,0.162495,0,0.046538,0.025213,0.046962,0.026726,0.034581,0.11344,0.046053,0.162495,0.079328,0.090568,0.10625,0.061308,0.081378,0.079161
820.jpg,/mnt/data1/spring/multimodal_project/data/images/820.jpg,9,9,7,0.162495,0,0.046538,0.025213,0.046961,0.026726,0.034581,0.113439,0.046053,0.162495,0.079328,0.090568,0.10625,0.061308,0.081378,0.079161
42.jpg,/mnt/data1/spring/multimodal_project/data/images/42.jpg,0,0,7,0.162495,0,0.046538,0.025213,0.046962,0.026726,0.034581,0.11344,0.046053,0.162495,0.079328,0.090568,0.10625,0.061308,0.081378,0.079161
350.jpg,/mnt/data1/spring/multimodal_project/data/images/350.jpg,5,5,7,0.162495,0,0.046538,0.025213,0.046961,0.026726,0.034581,0.11344,0.046053,0.162495,0.079328,0.090568,0.10625,0.061308,0.081378,0.079161
312.jpg,/mnt/data1/spring/multimodal_project/data/images/312.jpg,5,5,7,0.162495,0,0.046538,0.025213,0.046962,0.026726,0.034581,0.11344,0.046053,0.162495,0.079328,0.090568,0.10625,0.061308,0.081378,0.079161
66.jpg,/mnt/data1/spring/multimodal_project/data/images/66.jpg,1,1,7,0.162495,0,0.046538,0.025213,0.046962,0.026726,0.034581,0.113439,0.046053,0.162495,0.079328,0.090568,0.10625,0.061308,0.081378,0.079161
1032.jpg,/mnt/data1/spring/multimodal_project/data/images/1032.jpg,10,10,7,0.162495,0,0.046538,0.025213,0.046962,0.026726,0.034581,0.11344,0.046053,0.162495,0.079328,0.090568,0.10625,0.061308,0.081378,0.079161
1340.jpg,/mnt/data1/spring/multimodal_project/data/images/1340.jpg,13,13,7,0.162495,0,0.046538,0.025213,0.046962,0.026726,0.034581,0.11344,0.046053,0.162495,0.079328,0.090568,0.10625,0.061308,0.081378,0.079161
332.jpg,/mnt/data1/spring/multimodal_project/data/images/332.jpg,5,5,7,0.162495,0,0.046538,0.025213,0.046962,0.026726,0.034581,0.11344,0.046053,0.162495,0.079328,0.090568,0.10625,0.061308,0.081378,0.079161
177.jpg,/mnt/data1/spring/multimodal_project/data/images/177.jpg,3,3,7,0.162496,0,0.046538,0.025213,0.046961,0.026726,0.034581,0.113439,0.046053,0.162496,0.079328,0.090567,0.10625,0.061308,0.081378,0.079161
216.jpg,/mnt/data1/spring/multimodal_project/data/images/216.jpg,4,4,7,0.162495,0,0.046538,0.025213,0.046962,0.026726,0.034581,0.113439,0.046053,0.162495,0.079328,0.090568,0.10625,0.061308,0.081378,0.079161
1169.jpg,/mnt/data1/spring/multimodal_project/data/images/1169.jpg,11,11,7,0.162495,0,0.046538,0.025213,0.046962,0.026726,0.034581,0.113439,0.046053,0.162495,0.079328,0.090568,0.10625,0.061308,0.081378,0.079161
1217.jpg,/mnt/data1/spring/multimodal_project/data/images/1217.jpg,12,12,7,0.162495,0,0.046538,0.025213,0.046961,0.026726,0.034581,0.113439,0.046053,0.162495,0.079328,0.090567,0.10625,0.061308,0.081378,0.079161
920.jpg,/mnt/data1/spring/multimodal_project/data/images/920.jpg,9,9,7,0.162495,0,0.046538,0.025213,0.046962,0.026726,0.034581,0.11344,0.046053,0.162495,0.079328,0.090568,0.10625,0.061308,0.081378,0.079161
1251.jpg,/mnt/data1/spring/multimodal_project/data/images/1251.jpg,12,12,7,0.162496,0,0.046538,0.025213,0.046961,0.026726,0.034581,0.113439,0.046053,0.162496,0.079328,0.090567,0.10625,0.061308,0.081378,0.079161
1315.jpg,/mnt/data1/spring/multimodal_project/data/images/1315.jpg,13,13,7,0.162495,0,0.046538,0.025213,0.046961,0.026726,0.034581,0.113439,0.046053,0.162495,0.079328,0.090568,0.10625,0.061308,0.081378,0.079161
1266.jpg,/mnt/data1/spring/multimodal_project/data/images/1266.jpg,12,12,7,0.162495,0,0.046538,0.025213,0.046961,0.026726,0.034581,0.113439,0.046053,0.162495,0.079328,0.090567,0.10625,0.061308,0.081378,0.079161
840.jpg,/mnt/data1/spring/multimodal_project/data/images/840.jpg,9,9,7,0.162495,0,0.046538,0.025213,0.046962,0.026726,0.034581,0.113439,0.046053,0.162495,0.079328,0.090568,0.10625,0.061308,0.081378,0.079161
1253.jpg,/mnt/data1/spring/multimodal_project/data/images/1253.jpg,12,12,7,0.162495,0,0.046538,0.025213,0.046961,0.026726,0.034581,0.113439,0.046053,0.162495,0.079328,0.090567,0.10625,0.061308,0.081378,0.079161
1347.jpg,/mnt/data1/spring/multimodal_project/data/images/1347.jpg,13,13,7,0.162495,0,0.046538,0.025213,0.046962,0.026726,0.034581,0.11344,0.046053,0.162495,0.079328,0.090568,0.10625,0.061308,0.081378,0.079161
414.jpg,/mnt/data1/spring/multimodal_project/data/images/414.jpg,6,6,7,0.162495,0,0.046538,0.025213,0.046962,0.026726,0.034581,0.113439,0.046053,0.162495,0.079328,0.090568,0.10625,0.061308,0.081378,0.079161
666.jpg,/mnt/data1/spring/multimodal_project/data/images/666.jpg,7,7,7,0.162495,1,0.046538,0.025213,0.046962,0.026726,0.034581,0.11344,0.046053,0.162495,0.079328,0.090568,0.10625,0.061308,0.081378,0.079161
1212.jpg,/mnt/data1/spring/multimodal_project/data/images/1212.jpg,12,12,7,0.162495,0,0.046538,0.025213,0.046962,0.026726,0.034581,0.113439,0.046053,0.162495,0.079328,0.090568,0.10625,0.061308,0.081378,0.079161
28.jpg,/mnt/data1/spring/multimodal_project/data/images/28.jpg,0,0,7,0.162495,0,0.046538,0.025213,0.046962,0.026726,0.034581,0.11344,0.046053,0.162495,0.079328,0.090568,0.10625,0.061308,0.081378,0.079161
1358.jpg,/mnt/data1/spring/multimodal_project/data/images/1358.jpg,13,13,7,0.162495,0,0.046538,0.025213,0.046962,0.026726,0.034581,0.113439,0.046053,0.162495,0.079328,0.090568,0.10625,0.061308,0.081378,0.079161
657.jpg,/mnt/data1/spring/multimodal_project/data/images/657.jpg,7,7,7,0.162495,1,0.046538,0.025213,0.046962,0.026726,0.034581,0.11344,0.046053,0.162495,0.079328,0.090568,0.10625,0.061308,0.081378,0.079161
152.jpg,/mnt/data1/spring/multimodal_project/data/images/152.jpg,2,2,7,0.162495,0,0.046538,0.025213,0.046961,0.026726,0.034581,0.113439,0.046053,0.162495,0.079328,0.090568,0.10625,0.061308,0.081378,0.079161
832.jpg,/mnt/data1/spring/multimodal_project/data/images/832.jpg,9,9,7,0.162495,0,0.046538,0.025213,0.046961,0.026726,0.034581,0.113439,0.046053,0.162495,0.079328,0.090568,0.10625,0.061308,0.081378,0.079161
995.jpg,/mnt/data1/spring/multimodal_project/data/images/995.jpg,10,10,7,0.162495,0,0.046538,0.025213,0.046962,0.026726,0.034581,0.11344,0.046053,0.162495,0.079328,0.090568,0.10625,0.061308,0.081378,0.079161
1168.jpg,/mnt/data1/spring/multimodal_project/data/images/1168.jpg,11,11,7,0.162495,0,0.046538,0.025213,0.046962,0.026726,0.034581,0.113439,0.046053,0.162495,0.079328,0.090567,0.10625,0.061308,0.081378,0.079161
392.jpg,/mnt/data1/spring/multimodal_project/data/images/392.jpg,5,5,7,0.162495,0,0.046538,0.025213,0.046962,0.026726,0.034581,0.11344,0.046053,0.162495,0.079328,0.090568,0.10625,0.061308,0.081378,0.079161
306.jpg,/mnt/data1/spring/multimodal_project/data/images/306.jpg,5,5,7,0.162495,0,0.046538,0.025213,0.046962,0.026726,0.034581,0.11344,0.046053,0.162495,0.079328,0.090568,0.10625,0.061308,0.081378,0.079161
605.jpg,/mnt/data1/spring/multimodal_project/data/images/605.jpg,7,7,7,0.162495,1,0.046538,0.025213,0.046961,0.026726,0.034581,0.113439,0.046053,0.162495,0.079328,0.090568,0.10625,0.061308,0.081378,0.079161
303.jpg,/mnt/data1/spring/multimodal_project/data/images/303.jpg,5,5,7,0.162495,0,0.046538,0.025213,0.046962,0.026726,0.034581,0.11344,0.046053,0.162495,0.079328,0.090568,0.10625,0.061308,0.081378,0.079161
758.jpg,/mnt/data1/spring/multimodal_project/data/images/758.jpg,8,8,7,0.162496,0,0.046538,0.025213,0.046961,0.026726,0.034581,0.113439,0.046053,0.162496,0.079328,0.090568,0.10625,0.061308,0.081378,0.079161
729.jpg,/mnt/data1/spring/multimodal_project/data/images/729.jpg,8,8,7,0.162495,0,0.046538,0.025213,0.046961,0.026726,0.034581,0.113439,0.046053,0.162495,0.079328,0.090568,0.10625,0.061308,0.081378,0.079161
790.jpg,/mnt/data1/spring/multimodal_project/data/images/790.jpg,8,8,7,0.162495,0,0.046538,0.025213,0.046961,0.026726,0.034581,0.113439,0.046053,0.162495,0.079328,0.090568,0.10625,0.061308,0.081378,0.079161
1278.jpg,/mnt/data1/spring/multimodal_project/data/images/1278.jpg,12,12,7,0.162495,0,0.046538,0.025213,0.046961,0.026726,0.034581,0.113439,0.046053,0.162495,0.079328,0.090568,0.10625,0.061308,0.081378,0.079161
1039.jpg,/mnt/data1/spring/multimodal_project/data/images/1039.jpg,10,10,7,0.162495,0,0.046538,0.025213,0.046962,0.026726,0.034581,0.11344,0.046053,0.162495,0.079328,0.090568,0.10625,0.061308,0.081378,0.079161
270.jpg,/mnt/data1/spring/multimodal_project/data/images/270.jpg,5,5,7,0.162495,0,0.046538,0.025213,0.046962,0.026726,0.034581,0.11344,0.046053,0.162495,0.079328,0.090568,0.10625,0.061308,0.081378,0.079161
375.jpg,/mnt/data1/spring/multimodal_project/data/images/375.jpg,5,5,7,0.162495,0,0.046538,0.025213,0.046962,0.026726,0.034581,0.11344,0.046053,0.162495,0.079328,0.090568,0.10625,0.061308,0.081378,0.079161
511.jpg,/mnt/data1/spring/multimodal_project/data/images/511.jpg,7,7,7,0.162495,1,0.046538,0.025213,0.046962,0.026726,0.034581,0.11344,0.046053,0.162495,0.079328,0.090568,0.10625,0.061308,0.081378,0.079161
310.jpg,/mnt/data1/spring/multimodal_project/data/images/310.jpg,5,5,7,0.162495,0,0.046538,0.025213,0.046962,0.026726,0.034581,0.11344,0.046053,0.162495,0.079328,0.090568,0.10625,0.061308,0.081378,0.079161
1205.jpg,/mnt/data1/spring/multimodal_project/data/images/1205.jpg,12,12,7,0.162495,0,0.046538,0.025213,0.046962,0.026726,0.034581,0.113439,0.046053,0.162495,0.079328,0.090567,0.10625,0.061308,0.081378,0.079161
58.jpg,/mnt/data1/spring/multimodal_project/data/images/58.jpg,0,0,7,0.162495,0,0.046538,0.025213,0.046962,0.026726,0.034581,0.11344,0.046053,0.162495,0.079328,0.090568,0.10625,0.061308,0.081378,0.079161
285.jpg,/mnt/data1/spring/multimodal_project/data/images/285.jpg,5,5,7,0.162495,0,0.046538,0.025213,0.046962,0.026726,0.034581,0.11344,0.046053,0.162495,0.079328,0.090568,0.10625,0.061308,0.081378,0.079161
441.jpg,/mnt/data1/spring/multimodal_project/data/images/441.jpg,6,6,7,0.162495,0,0.046538,0.025213,0.046962,0.026726,0.034581,0.113439,0.046053,0.162495,0.079328,0.090568,0.10625,0.061308,0.081378,0.079161
133.jpg,/mnt/data1/spring/multimodal_project/data/images/133.jpg,2,2,7,0.162495,0,0.046538,0.025213,0.046961,0.026726,0.034581,0.113439,0.046053,0.162495,0.079328,0.090568,0.10625,0.061308,0.081378,0.079161
958.jpg,/mnt/data1/spring/multimodal_project/data/images/958.jpg,10,10,7,0.162495,0,0.046538,0.025213,0.046962,0.026726,0.034581,0.11344,0.046053,0.162495,0.079328,0.090568,0.10625,0.061308,0.081378,0.079161
368.jpg,/mnt/data1/spring/multimodal_project/data/images/368.jpg,5,5,7,0.162495,0,0.046538,0.025213,0.046962,0.026726,0.034581,0.11344,0.046053,0.162495,0.079328,0.090568,0.10625,0.061308,0.081378,0.079161
547.jpg,/mnt/data1/spring/multimodal_project/data/images/547.jpg,7,7,7,0.162495,1,0.046538,0.025213,0.046962,0.026726,0.034581,0.11344,0.046053,0.162495,0.079328,0.090568,0.10625,0.061308,0.081378,0.079161
460.jpg,/mnt/data1/spring/multimodal_project/data/images/460.jpg,6,6,7,0.162495,0,0.046538,0.025213,0.046962,0.026726,0.034581,0.113439,0.046053,0.162495,0.079328,0.090568,0.10625,0.061308,0.081378,0.079161
577.jpg,/mnt/data1/spring/multimodal_project/data/images/577.jpg,7,7,7,0.162495,1,0.046538,0.025213,0.046962,0.026726,0.034581,0.11344,0.046053,0.162495,0.079328,0.090568,0.10625,0.061308,0.081378,0.079161
1187.jpg,/mnt/data1/spring/multimodal_project/data/images/1187.jpg,12,12,7,0.162495,0,0.046538,0.025213,0.046962,0.026726,0.034581,0.113439,0.046053,0.162495,0.079328,0.090567,0.10625,0.061308,0.081378,0.079161
1233.jpg,/mnt/data1/spring/multimodal_project/data/images/1233.jpg,12,12,7,0.162495,0,0.046538,0.025213,0.046961,0.026726,0.034581,0.11344,0.046053,0.162495,0.079328,0.090568,0.10625,0.061308,0.081378,0.079161
1037.jpg,/mnt/data1/spring/multimodal_project/data/images/1037.jpg,10,10,7,0.162495,0,0.046538,0.025213,0.046962,0.026726,0.034581,0.11344,0.046053,0.162495,0.079328,0.090568,0.10625,0.061308,0.081378,0.079161
771.jpg,/mnt/data1/spring/multimodal_project/data/images/771.jpg,8,8,7,0.162495,0,0.046538,0.025213,0.046961,0.026726,0.034581,0.113439,0.046053,0.162495,0.079328,0.090568,0.10625,0.061308,0.081378,0.079161
32.jpg,/mnt/data1/spring/multimodal_project/data/images/32.jpg,0,0,7,0.162495,0,0.046538,0.025213,0.046962,0.026726,0.034581,0.11344,0.046053,0.162495,0.079328,0.090568,0.10625,0.061308,0.081378,0.079161
472.jpg,/mnt/data1/spring/multimodal_project/data/images/472.jpg,6,6,7,0.162495,0,0.046538,0.025213,0.046962,0.026726,0.034581,0.113439,0.046053,0.162495,0.079328,0.090568,0.10625,0.061308,0.081378,0.079161
477.jpg,/mnt/data1/spring/multimodal_project/data/images/477.jpg,7,7,7,0.162496,1,0.046538,0.025213,0.046961,0.026726,0.034581,0.113439,0.046053,0.162496,0.079328,0.090567,0.10625,0.061308,0.081378,0.079161
1007.jpg,/mnt/data1/spring/multimodal_project/data/images/1007.jpg,10,10,7,0.162495,0,0.046538,0.025213,0.046962,0.026726,0.034581,0.11344,0.046053,0.162495,0.079328,0.090568,0.10625,0.061308,0.081378,0.079161
209.jpg,/mnt/data1/spring/multimodal_project/data/images/209.jpg,4,4,7,0.162495,0,0.046538,0.025213,0.046961,0.026726,0.034581,0.113439,0.046053,0.162495,0.079328,0.090568,0.10625,0.061308,0.081378,0.079161
1221.jpg,/mnt/data1/spring/multimodal_project/data/images/1221.jpg,12,12,7,0.162495,0,0.046538,0.025213,0.046962,0.026726,0.034581,0.113439,0.046053,0.162495,0.079328,0.090567,0.10625,0.061308,0.081378,0.079161
947.jpg,/mnt/data1/spring/multimodal_project/data/images/947.jpg,10,10,7,0.162495,0,0.046538,0.025213,0.046962,0.026726,0.034581,0.11344,0.046053,0.162495,0.079328,0.090568,0.10625,0.061308,0.081378,0.079161
436.jpg,/mnt/data1/spring/multimodal_project/data/images/436.jpg,6,6,7,0.162495,0,0.046538,0.025213,0.046962,0.026726,0.034581,0.113439,0.046053,0.162495,0.079328,0.090568,0.10625,0.061308,0.081378,0.079161
1222.jpg,/mnt/data1/spring/multimodal_project/data/images/1222.jpg,12,12,7,0.162495,0,0.046538,0.025213,0.046961,0.026726,0.034581,0.11344,0.046053,0.162495,0.079328,0.090568,0.10625,0.061308,0.081378,0.079161
280.jpg,/mnt/data1/spring/multimodal_project/data/images/280.jpg,5,5,7,0.162495,0,0.046538,0.025213,0.046962,0.026726,0.034581,0.11344,0.046053,0.162495,0.079328,0.090568,0.10625,0.061308,0.081378,0.079161
864.jpg,/mnt/data1/spring/multimodal_project/data/images/864.jpg,9,9,7,0.162495,0,0.046538,0.025213,0.046962,0.026726,0.034581,0.11344,0.046053,0.162495,0.079328,0.090568,0.10625,0.061308,0.081378,0.079161
378.jpg,/mnt/data1/spring/multimodal_project/data/images/378.jpg,5,5,7,0.162495,0,0.046538,0.025213,0.046962,0.026726,0.034581,0.11344,0.046053,0.162495,0.079328,0.090568,0.10625,0.061308,0.081378,0.079161
815.jpg,/mnt/data1/spring/multimodal_project/data/images/815.jpg,9,9,7,0.162495,0,0.046538,0.025213,0.046961,0.026726,0.034581,0.113439,0.046053,0.162495,0.079328,0.090568,0.10625,0.061308,0.081378,0.079161
1175.jpg,/mnt/data1/spring/multimodal_project/data/images/1175.jpg,12,12,7,0.162495,0,0.046538,0.025213,0.046962,0.026726,0.034581,0.113439,0.046053,0.162495,0.079328,0.090567,0.10625,0.061308,0.081378,0.079161
124.jpg,/mnt/data1/spring/multimodal_project/data/images/124.jpg,2,2,7,0.162495,0,0.046538,0.025213,0.046962,0.026726,0.034581,0.113439,0.046053,0.162495,0.079328,0.090568,0.10625,0.061308,0.081378,0.079161
816.jpg,/mnt/data1/spring/multimodal_project/data/images/816.jpg,9,9,7,0.162495,0,0.046538,0.025213,0.046961,0.026726,0.034581,0.113439,0.046053,0.162495,0.079328,0.090568,0.10625,0.061308,0.081378,0.079161
709.jpg,/mnt/data1/spring/multimodal_project/data/images/709.jpg,8,8,7,0.162495,0,0.046538,0.025213,0.046961,0.026726,0.034581,0.113439,0.046053,0.162495,0.079328,0.090568,0.10625,0.061308,0.081378,0.079161
1377.jpg,/mnt/data1/spring/multimodal_project/data/images/1377.jpg,13,13,7,0.162495,0,0.046538,0.025213,0.046962,0.026726,0.034581,0.113439,0.046053,0.162495,0.079328,0.090568,0.10625,0.061308,0.081378,0.079161
650.jpg,/mnt/data1/spring/multimodal_project/data/images/650.jpg,7,7,7,0.162495,1,0.046538,0.025213,0.046962,0.026726,0.034581,0.11344,0.046053,0.162495,0.079328,0.090568,0.10625,0.061308,0.081378,0.079161
455.jpg,/mnt/data1/spring/multimodal_project/data/images/455.jpg,6,6,7,0.162495,0,0.046538,0.025213,0.046962,0.026726,0.034581,0.113439,0.046053,0.162495,0.079328,0.090568,0.10625,0.061308,0.081378,0.079161
284.jpg,/mnt/data1/spring/multimodal_project/data/images/284.jpg,5,5,7,0.162495,0,0.046538,0.025213,0.046962,0.026726,0.034581,0.113439,0.046053,0.162495,0.079328,0.090568,0.10625,0.061308,0.081378,0.079161
629.jpg,/mnt/data1/spring/multimodal_project/data/images/629.jpg,7,7,7,0.162495,1,0.046538,0.025213,0.046962,0.026726,0.034581,0.11344,0.046053,0.162495,0.079328,0.090568,0.10625,0.061308,0.081378,0.079161
630.jpg,/mnt/data1/spring/multimodal_project/data/images/630.jpg,7,7,7,0.162495,1,0.046538,0.025213,0.046962,0.026726,0.034581,0.11344,0.046053,0.162495,0.079328,0.090568,0.10625,0.061308,0.081378,0.079161
420.jpg,/mnt/data1/spring/multimodal_project/data/images/420.jpg,6,6,7,0.162495,0,0.046538,0.025213,0.046962,0.026726,0.034581,0.113439,0.046053,0.162495,0.079328,0.090568,0.10625,0.061308,0.081378,0.079161
892.jpg,/mnt/data1/spring/multimodal_project/data/images/892.jpg,9,9,7,0.162495,0,0.046538,0.025213,0.046961,0.026726,0.034581,0.113439,0.046053,0.162495,0.079328,0.090568,0.10625,0.061308,0.081378,0.079161
993.jpg,/mnt/data1/spring/multimodal_project/data/images/993.jpg,10,10,7,0.162495,0,0.046538,0.025213,0.046962,0.026726,0.034581,0.113439,0.046053,0.162495,0.079328,0.090568,0.10625,0.061308,0.081378,0.079161
316.jpg,/mnt/data1/spring/multimodal_project/data/images/316.jpg,5,5,7,0.162495,0,0.046538,0.025213,0.046962,0.026726,0.034581,0.11344,0.046053,0.162495,0.079328,0.090568,0.10625,0.061308,0.081378,0.079161
36.jpg,/mnt/data1/spring/multimodal_project/data/images/36.jpg,0,0,7,0.162495,0,0.046538,0.025213,0.046962,0.026726,0.034581,0.11344,0.046053,0.162495,0.079328,0.090568,0.10625,0.061308,0.081378,0.079161
482.jpg,/mnt/data1/spring/multimodal_project/data/images/482.jpg,7,7,7,0.162495,1,0.046538,0.025213,0.046962,0.026726,0.034581,0.113439,0.046053,0.162495,0.079328,0.090568,0.10625,0.061308,0.081378,0.079161
722.jpg,/mnt/data1/spring/multimodal_project/data/images/722.jpg,8,8,7,0.162495,0,0.046538,0.025213,0.046961,0.026726,0.034581,0.113439,0.046053,0.162495,0.079328,0.090568,0.10625,0.061308,0.081378,0.079161
701.jpg,/mnt/data1/spring/multimodal_project/data/images/701.jpg,7,7,7,0.162495,1,0.046538,0.025213,0.046961,0.026726,0.034581,0.113439,0.046053,0.162495,0.079328,0.090568,0.10625,0.061308,0.081378,0.079161
1376.jpg,/mnt/data1/spring/multimodal_project/data/images/1376.jpg,13,13,7,0.162495,0,0.046538,0.025213,0.046962,0.026726,0.034581,0.11344,0.046053,0.162495,0.079328,0.090568,0.10625,0.061308,0.081378,0.079161
994.jpg,/mnt/data1/spring/multimodal_project/data/images/994.jpg,10,10,7,0.162495,0,0.046538,0.025213,0.046962,0.026726,0.034581,0.11344,0.046053,0.162495,0.079328,0.090568,0.10625,0.061308,0.081378,0.079161
51.jpg,/mnt/data1/spring/multimodal_project/data/images/51.jpg,0,0,7,0.162495,0,0.046538,0.025213,0.046962,0.026726,0.034581,0.11344,0.046053,0.162495,0.079328,0.090568,0.10625,0.061308,0.081378,0.079161
614.jpg,/mnt/data1/spring/multimodal_project/data/images/614.jpg,7,7,7,0.162495,1,0.046538,0.025213,0.046961,0.026726,0.034581,0.113439,0.046053,0.162495,0.079328,0.090568,0.10625,0.061308,0.081378,0.079161
250.jpg,/mnt/data1/spring/multimodal_project/data/images/250.jpg,5,5,7,0.162495,0,0.046538,0.025213,0.046962,0.026726,0.034581,0.11344,0.046053,0.162495,0.079328,0.090568,0.10625,0.061308,0.081378,0.079161
748.jpg,/mnt/data1/spring/multimodal_project/data/images/748.jpg,8,8,7,0.162495,0,0.046538,0.025213,0.046961,0.026726,0.034581,0.113439,0.046053,0.162495,0.079328,0.090568,0.10625,0.061308,0.081378,0.079161
965.jpg,/mnt/data1/spring/multimodal_project/data/images/965.jpg,10,10,7,0.162495,0,0.046538,0.025213,0.046962,0.026726,0.034581,0.11344,0.046053,0.162495,0.079328,0.090568,0.10625,0.061308,0.081378,0.079161
459.jpg,/mnt/data1/spring/multimodal_project/data/images/459.jpg,6,6,7,0.162495,0,0.046538,0.025213,0.046962,0.026726,0.034581,0.113439,0.046053,0.162495,0.079328,0.090568,0.10625,0.061308,0.081378,0.079161
313.jpg,/mnt/data1/spring/multimodal_project/data/images/313.jpg,5,5,7,0.162495,0,0.046538,0.025213,0.046962,0.026726,0.034581,0.11344,0.046053,0.162495,0.079328,0.090568,0.10625,0.061308,0.081378,0.079161
725.jpg,/mnt/data1/spring/multimodal_project/data/images/725.jpg,8,8,7,0.162495,0,0.046538,0.025213,0.046961,0.026726,0.034581,0.113439,0.046053,0.162495,0.079328,0.090568,0.10625,0.061308,0.081378,0.079161
118.jpg,/mnt/data1/spring/multimodal_project/data/images/118.jpg,2,2,7,0.162495,0,0.046538,0.025213,0.046961,0.026726,0.034581,0.113439,0.046053,0.162495,0.079328,0.090568,0.10625,0.061308,0.081378,0.079161
802.jpg,/mnt/data1/spring/multimodal_project/data/images/802.jpg,8,8,7,0.162495,0,0.046538,0.025213,0.046962,0.026726,0.034581,0.113439,0.046053,0.162495,0.079328,0.090568,0.10625,0.061308,0.081378,0.079161
969.jpg,/mnt/data1/spring/multimodal_project/data/images/969.jpg,10,10,7,0.162495,0,0.046538,0.025213,0.046962,0.026726,0.034581,0.11344,0.046053,0.162495,0.079328,0.090568,0.10625,0.061308,0.081378,0.079161
71.jpg,/mnt/data1/spring/multimodal_project/data/images/71.jpg,1,1,7,0.162495,0,0.046538,0.025213,0.046962,0.026726,0.034581,0.113439,0.046053,0.162495,0.079328,0.090568,0.10625,0.061308,0.081378,0.079161
772.jpg,/mnt/data1/spring/multimodal_project/data/images/772.jpg,8,8,7,0.162495,0,0.046538,0.025213,0.046961,0.026726,0.034581,0.113439,0.046053,0.162495,0.079328,0.090568,0.10625,0.061308,0.081378,0.079161
681.jpg,/mnt/data1/spring/multimodal_project/data/images/681.jpg,7,7,7,0.162495,1,0.046538,0.025213,0.046962,0.026726,0.034581,0.11344,0.046053,0.162495,0.079328,0.090568,0.10625,0.061308,0.081378,0.079161
107.jpg,/mnt/data1/spring/multimodal_project/data/images/107.jpg,2,2,7,0.162495,0,0.046538,0.025213,0.046961,0.026726,0.034581,0.113439,0.046053,0.162495,0.079328,0.090568,0.10625,0.061308,0.081378,0.079161
14.jpg,/mnt/data1/spring/multimodal_project/data/images/14.jpg,0,0,7,0.162495,0,0.046538,0.025213,0.046962,0.026726,0.034581,0.11344,0.046053,0.162495,0.079328,0.090568,0.10625,0.061308,0.081378,0.079161
819.jpg,/mnt/data1/spring/multimodal_project/data/images/819.jpg,9,9,7,0.162495,0,0.046538,0.025213,0.046961,0.026726,0.034581,0.113439,0.046053,0.162495,0.079328,0.090568,0.10625,0.061308,0.081378,0.079161
275.jpg,/mnt/data1/spring/multimodal_project/data/images/275.jpg,5,5,7,0.162495,0,0.046538,0.025213,0.046962,0.026726,0.034581,0.11344,0.046053,0.162495,0.079328,0.090568,0.10625,0.061308,0.081378,0.079161
288.jpg,/mnt/data1/spring/multimodal_project/data/images/288.jpg,5,5,7,0.162495,0,0.046538,0.025213,0.046962,0.026726,0.034581,0.11344,0.046053,0.162495,0.079328,0.090568,0.10625,0.061308,0.081378,0.079161
1322.jpg,/mnt/data1/spring/multimodal_project/data/images/1322.jpg,13,13,7,0.162495,0,0.046538,0.025213,0.046962,0.026726,0.034581,0.11344,0.046053,0.162495,0.079328,0.090568,0.10625,0.061308,0.081378,0.079161
1009.jpg,/mnt/data1/spring/multimodal_project/data/images/1009.jpg,10,10,7,0.162495,0,0.046538,0.025213,0.046962,0.026726,0.034581,0.11344,0.046053,0.162495,0.079328,0.090568,0.10625,0.061308,0.081378,0.079161
1240.jpg,/mnt/data1/spring/multimodal_project/data/images/1240.jpg,12,12,7,0.162495,0,0.046538,0.025213,0.046961,0.026726,0.034581,0.11344,0.046053,0.162495,0.079328,0.090568,0.10625,0.061308,0.081378,0.079161
457.jpg,/mnt/data1/spring/multimodal_project/data/images/457.jpg,6,6,7,0.162495,0,0.046538,0.025213,0.046962,0.026726,0.034581,0.113439,0.046053,0.162495,0.079328,0.090568,0.10625,0.061308,0.081378,0.079161
1046.jpg,/mnt/data1/spring/multimodal_project/data/images/1046.jpg,10,10,7,0.162495,0,0.046538,0.025213,0.046962,0.026726,0.034581,0.11344,0.046053,0.162495,0.079328,0.090568,0.10625,0.061308,0.081378,0.079161
858.jpg,/mnt/data1/spring/multimodal_project/data/images/858.jpg,9,9,7,0.162495,0,0.046538,0.025213,0.046962,0.026726,0.034581,0.113439,0.046053,0.162495,0.079328,0.090568,0.10625,0.061308,0.081378,0.079161
468.jpg,/mnt/data1/spring/multimodal_project/data/images/468.jpg,6,6,7,0.162495,0,0.046538,0.025213,0.046962,0.026726,0.034581,0.11344,0.046053,0.162495,0.079328,0.090568,0.10625,0.061308,0.081378,0.079161
491.jpg,/mnt/data1/spring/multimodal_project/data/images/491.jpg,7,7,7,0.162496,1,0.046538,0.025213,0.046961,0.026726,0.034581,0.113439,0.046053,0.162496,0.079328,0.090567,0.10625,0.061308,0.081378,0.079161
496.jpg,/mnt/data1/spring/multimodal_project/data/images/496.jpg,7,7,7,0.162495,1,0.046538,0.025213,0.046962,0.026726,0.034581,0.113439,0.046053,0.162495,0.079328,0.090567,0.10625,0.061308,0.081378,0.079161
585.jpg,/mnt/data1/spring/multimodal_project/data/images/585.jpg,7,7,7,0.162495,1,0.046538,0.025213,0.046962,0.026726,0.034581,0.11344,0.046053,0.162495,0.079328,0.090568,0.10625,0.061308,0.081378,0.079161
388.jpg,/mnt/data1/spring/multimodal_project/data/images/388.jpg,5,5,7,0.162495,0,0.046538,0.025213,0.046962,0.026726,0.034581,0.11344,0.046053,0.162495,0.079328,0.090568,0.10625,0.061308,0.081378,0.079161
627.jpg,/mnt/data1/spring/multimodal_project/data/images/627.jpg,7,7,7,0.162495,1,0.046538,0.025213,0.046962,0.026726,0.034581,0.113439,0.046053,0.162495,0.079328,0.090568,0.10625,0.061308,0.081378,0.079161
115.jpg,/mnt/data1/spring/multimodal_project/data/images/115.jpg,2,2,7,0.162495,0,0.046538,0.025213,0.046961,0.026726,0.034581,0.113439,0.046053,0.162495,0.079328,0.090568,0.10625,0.061308,0.081378,0.079161
550.jpg,/mnt/data1/spring/multimodal_project/data/images/550.jpg,7,7,7,0.162495,1,0.046538,0.025213,0.046962,0.026726,0.034581,0.11344,0.046053,0.162495,0.079328,0.090568,0.10625,0.061308,0.081378,0.079161
1144.jpg,/mnt/data1/spring/multimodal_project/data/images/1144.jpg,11,11,7,0.162495,0,0.046538,0.025213,0.046962,0.026726,0.034581,0.113439,0.046053,0.162495,0.079328,0.090568,0.10625,0.061308,0.081378,0.079161
839.jpg,/mnt/data1/spring/multimodal_project/data/images/839.jpg,9,9,7,0.162495,0,0.046538,0.025213,0.046962,0.026726,0.034581,0.11344,0.046053,0.162495,0.079328,0.090568,0.10625,0.061308,0.081378,0.079161
879.jpg,/mnt/data1/spring/multimodal_project/data/images/879.jpg,9,9,7,0.162495,0,0.046538,0.025213,0.046962,0.026726,0.034581,0.113439,0.046053,0.162495,0.079328,0.090568,0.10625,0.061308,0.081378,0.079161
1061.jpg,/mnt/data1/spring/multimodal_project/data/images/1061.jpg,10,10,7,0.162495,0,0.046538,0.025213,0.046962,0.026726,0.034581,0.11344,0.046053,0.162495,0.079328,0.090568,0.10625,0.061308,0.081378,0.079161
243.jpg,/mnt/data1/spring/multimodal_project/data/images/243.jpg,4,4,7,0.162495,0,0.046538,0.025213,0.046962,0.026726,0.034581,0.113439,0.046053,0.162495,0.079328,0.090568,0.10625,0.061308,0.081378,0.079161
1204.jpg,/mnt/data1/spring/multimodal_project/data/images/1204.jpg,12,12,7,0.162495,0,0.046538,0.025213,0.046962,0.026726,0.034581,0.113439,0.046053,0.162495,0.079328,0.090567,0.10625,0.061308,0.081378,0.079161
213.jpg,/mnt/data1/spring/multimodal_project/data/images/213.jpg,4,4,7,0.162495,0,0.046538,0.025213,0.046962,0.026726,0.034581,0.113439,0.046053,0.162495,0.079328,0.090568,0.10625,0.061308,0.081378,0.079161
844.jpg,/mnt/data1/spring/multimodal_project/data/images/844.jpg,9,9,7,0.162495,0,0.046538,0.025213,0.046962,0.026726,0.034581,0.113439,0.046053,0.162495,0.079328,0.090568,0.10625,0.061308,0.081378,0.079161
119.jpg,/mnt/data1/spring/multimodal_project/data/images/119.jpg,2,2,7,0.162495,0,0.046538,0.025213,0.046961,0.026726,0.034581,0.113439,0.046053,0.162495,0.079328,0.090568,0.10625,0.061308,0.081378,0.079161
1010.jpg,/mnt/data1/spring/multimodal_project/data/images/1010.jpg,10,10,7,0.162495,0,0.046538,0.025213,0.046962,0.026726,0.034581,0.11344,0.046053,0.162495,0.079328,0.090568,0.10625,0.061308,0.081378,0.079161
845.jpg,/mnt/data1/spring/multimodal_project/data/images/845.jpg,9,9,7,0.162495,0,0.046538,0.025213,0.046962,0.026726,0.034581,0.113439,0.046053,0.162495,0.079328,0.090568,0.10625,0.061308,0.081378,0.079161
57.jpg,/mnt/data1/spring/multimodal_project/data/images/57.jpg,0,0,7,0.162495,0,0.046538,0.025213,0.046962,0.026726,0.034581,0.11344,0.046053,0.162495,0.079328,0.090568,0.10625,0.061308,0.081378,0.079161
1100.jpg,/mnt/data1/spring/multimodal_project/data/images/1100.jpg,11,11,7,0.162496,0,0.046538,0.025213,0.046961,0.026726,0.034581,0.113439,0.046053,0.162496,0.079328,0.090568,0.10625,0.061308,0.081378,0.079161
444.jpg,/mnt/data1/spring/multimodal_project/data/images/444.jpg,6,6,7,0.162495,0,0.046538,0.025213,0.046962,0.026726,0.034581,0.113439,0.046053,0.162495,0.079328,0.090568,0.10625,0.061308,0.081378,0.079161
592.jpg,/mnt/data1/spring/multimodal_project/data/images/592.jpg,7,7,7,0.162495,1,0.046538,0.025213,0.046962,0.026726,0.034581,0.11344,0.046053,0.162495,0.079328,0.090568,0.10625,0.061308,0.081378,0.079161
1031.jpg,/mnt/data1/spring/multimodal_project/data/images/1031.jpg,10,10,7,0.162495,0,0.046538,0.025213,0.046962,0.026726,0.034581,0.11344,0.046053,0.162495,0.079328,0.090568,0.10625,0.061308,0.081378,0.079161
632.jpg,/mnt/data1/spring/multimodal_project/data/images/632.jpg,7,7,7,0.162495,1,0.046538,0.025213,0.046962,0.026726,0.034581,0.11344,0.046053,0.162495,0.079328,0.090568,0.10625,0.061308,0.081378,0.079161
981.jpg,/mnt/data1/spring/multimodal_project/data/images/981.jpg,10,10,7,0.162495,0,0.046538,0.025213,0.046962,0.026726,0.034581,0.11344,0.046053,0.162495,0.079328,0.090568,0.10625,0.061308,0.081378,0.079161
861.jpg,/mnt/data1/spring/multimodal_project/data/images/861.jpg,9,9,7,0.162495,0,0.046538,0.025213,0.046962,0.026726,0.034581,0.11344,0.046053,0.162495,0.079328,0.090568,0.10625,0.061308,0.081378,0.079161
587.jpg,/mnt/data1/spring/multimodal_project/data/images/587.jpg,7,7,7,0.162495,1,0.046538,0.025213,0.046962,0.026726,0.034581,0.11344,0.046053,0.162495,0.079328,0.090568,0.10625,0.061308,0.081378,0.079161
610.jpg,/mnt/data1/spring/multimodal_project/data/images/610.jpg,7,7,7,0.162495,1,0.046538,0.025213,0.046961,0.026726,0.034581,0.113439,0.046053,0.162495,0.079328,0.090568,0.10625,0.061308,0.081378,0.079161
706.jpg,/mnt/data1/spring/multimodal_project/data/images/706.jpg,8,8,7,0.162495,0,0.046538,0.025213,0.046961,0.026726,0.034581,0.113439,0.046053,0.162495,0.079328,0.090568,0.10625,0.061308,0.081378,0.079161
212.jpg,/mnt/data1/spring/multimodal_project/data/images/212.jpg,4,4,7,0.162495,0,0.046538,0.025213,0.046962,0.026726,0.034581,0.113439,0.046053,0.162495,0.079328,0.090568,0.10625,0.061308,0.081378,0.079161
1325.jpg,/mnt/data1/spring/multimodal_project/data/images/1325.jpg,13,13,7,0.162495,0,0.046538,0.025213,0.046962,0.026726,0.034581,0.11344,0.046053,0.162495,0.079328,0.090568,0.10625,0.061308,0.081378,0.079161
944.jpg,/mnt/data1/spring/multimodal_project/data/images/944.jpg,10,10,7,0.162495,0,0.046538,0.025213,0.046962,0.026726,0.034581,0.11344,0.046053,0.162495,0.079328,0.090568,0.10625,0.061308,0.081378,0.079161
876.jpg,/mnt/data1/spring/multimodal_project/data/images/876.jpg,9,9,7,0.162495,0,0.046538,0.025213,0.046962,0.026726,0.034581,0.113439,0.046053,0.162495,0.079328,0.090568,0.10625,0.061308,0.081378,0.079161
488.jpg,/mnt/data1/spring/multimodal_project/data/images/488.jpg,7,7,7,0.162495,1,0.046538,0.025213,0.046962,0.026726,0.034581,0.113439,0.046053,0.162495,0.079328,0.090568,0.10625,0.061308,0.081378,0.079161
247.jpg,/mnt/data1/spring/multimodal_project/data/images/247.jpg,4,4,7,0.162495,0,0.046538,0.025213,0.046962,0.026726,0.034581,0.113439,0.046053,0.162495,0.079328,0.090568,0.10625,0.061308,0.081378,0.079161
1328.jpg,/mnt/data1/spring/multimodal_project/data/images/1328.jpg,13,13,7,0.162495,0,0.046538,0.025213,0.046962,0.026726,0.034581,0.11344,0.046053,0.162495,0.079328,0.090568,0.10625,0.061308,0.081378,0.079161
695.jpg,/mnt/data1/spring/multimodal_project/data/images/695.jpg,7,7,7,0.162495,1,0.046538,0.025213,0.046962,0.026726,0.034581,0.11344,0.046053,0.162495,0.079328,0.090568,0.10625,0.061308,0.081378,0.079161
1214.jpg,/mnt/data1/spring/multimodal_project/data/images/1214.jpg,12,12,7,0.162495,0,0.046538,0.025213,0.046962,0.026726,0.034581,0.113439,0.046053,0.162495,0.079328,0.090568,0.10625,0.061308,0.081378,0.079161
1311.jpg,/mnt/data1/spring/multimodal_project/data/images/1311.jpg,13,13,7,0.162495,0,0.046538,0.025213,0.046961,0.026726,0.034581,0.113439,0.046053,0.162495,0.079328,0.090568,0.10625,0.061308,0.081378,0.079161
667.jpg,/mnt/data1/spring/multimodal_project/data/images/667.jpg,7,7,7,0.162495,1,0.046538,0.025213,0.046962,0.026726,0.034581,0.11344,0.046053,0.162495,0.079328,0.090568,0.10625,0.061308,0.081378,0.079161
1159.jpg,/mnt/data1/spring/multimodal_project/data/images/1159.jpg,11,11,7,0.162495,0,0.046538,0.025213,0.046962,0.026726,0.034581,0.113439,0.046053,0.162495,0.079328,0.090568,0.10625,0.061308,0.081378,0.079161
983.jpg,/mnt/data1/spring/multimodal_project/data/images/983.jpg,10,10,7,0.162495,0,0.046538,0.025213,0.046962,0.026726,0.034581,0.11344,0.046053,0.162495,0.079328,0.090568,0.10625,0.061308,0.081378,0.079161
396.jpg,/mnt/data1/spring/multimodal_project/data/images/396.jpg,5,5,7,0.162495,0,0.046538,0.025213,0.046962,0.026726,0.034581,0.11344,0.046053,0.162495,0.079328,0.090568,0.10625,0.061308,0.081378,0.079161
1014.jpg,/mnt/data1/spring/multimodal_project/data/images/1014.jpg,10,10,7,0.162495,0,0.046538,0.025213,0.046962,0.026726,0.034581,0.11344,0.046053,0.162495,0.079328,0.090568,0.10625,0.061308,0.081378,0.079161
365.jpg,/mnt/data1/spring/multimodal_project/data/images/365.jpg,5,5,7,0.162495,0,0.046538,0.025213,0.046962,0.026726,0.034581,0.11344,0.046053,0.162495,0.079328,0.090568,0.10625,0.061308,0.081378,0.079161
1071.jpg,/mnt/data1/spring/multimodal_project/data/images/1071.jpg,10,10,7,0.162495,0,0.046538,0.025213,0.046962,0.026726,0.034581,0.11344,0.046053,0.162495,0.079328,0.090568,0.10625,0.061308,0.081378,0.079161
1110.jpg,/mnt/data1/spring/multimodal_project/data/images/1110.jpg,11,11,7,0.162495,0,0.046538,0.025213,0.046961,0.026726,0.034581,0.113439,0.046053,0.162495,0.079328,0.090568,0.10625,0.061308,0.081378,0.079161
372.jpg,/mnt/data1/spring/multimodal_project/data/images/372.jpg,5,5,7,0.162495,0,0.046538,0.025213,0.046962,0.026726,0.034581,0.11344,0.046053,0.162495,0.079328,0.090568,0.10625,0.061308,0.081378,0.079161
631.jpg,/mnt/data1/spring/multimodal_project/data/images/631.jpg,7,7,7,0.162495,1,0.046538,0.025213,0.046962,0.026726,0.034581,0.11344,0.046053,0.162495,0.079328,0.090568,0.10625,0.061308,0.081378,0.079161
239.jpg,/mnt/data1/spring/multimodal_project/data/images/239.jpg,4,4,7,0.162495,0,0.046538,0.025213,0.046962,0.026726,0.034581,0.11344,0.046053,0.162495,0.079328,0.090568,0.10625,0.061308,0.081378,0.079161
1161.jpg,/mnt/data1/spring/multimodal_project/data/images/1161.jpg,11,11,7,0.162495,0,0.046538,0.025213,0.046962,0.026726,0.034581,0.11344,0.046053,0.162495,0.079328,0.090568,0.10625,0.061308,0.081378,0.079161
486.jpg,/mnt/data1/spring/multimodal_project/data/images/486.jpg,7,7,7,0.162495,1,0.046538,0.025213,0.046961,0.026726,0.034581,0.113439,0.046053,0.162495,0.079328,0.090568,0.10625,0.061308,0.081378,0.079161
342.jpg,/mnt/data1/spring/multimodal_project/data/images/342.jpg,5,5,7,0.162495,0,0.046538,0.025213,0.046962,0.026726,0.034581,0.11344,0.046053,0.162495,0.079328,0.090568,0.10625,0.061308,0.081378,0.079161
782.jpg,/mnt/data1/spring/multimodal_project/data/images/782.jpg,8,8,7,0.162495,0,0.046538,0.025213,0.046961,0.026726,0.034581,0.113439,0.046053,0.162495,0.079328,0.090568,0.10625,0.061308,0.081378,0.079161
673.jpg,/mnt/data1/spring/multimodal_project/data/images/673.jpg,7,7,7,0.162495,1,0.046538,0.025213,0.046962,0.026726,0.034581,0.11344,0.046053,0.162495,0.079328,0.090568,0.10625,0.061308,0.081378,0.079161
537.jpg,/mnt/data1/spring/multimodal_project/data/images/537.jpg,7,7,7,0.162495,1,0.046538,0.025213,0.046962,0.026726,0.034581,0.11344,0.046053,0.162495,0.079328,0.090568,0.10625,0.061308,0.081378,0.079161
803.jpg,/mnt/data1/spring/multimodal_project/data/images/803.jpg,8,8,7,0.162495,0,0.046538,0.025213,0.046961,0.026726,0.034581,0.11344,0.046053,0.162495,0.079328,0.090568,0.10625,0.061308,0.081378,0.079161
540.jpg,/mnt/data1/spring/multimodal_project/data/images/540.jpg,7,7,7,0.162495,1,0.046538,0.025213,0.046962,0.026726,0.034581,0.11344,0.046053,0.162495,0.079328,0.090568,0.10625,0.061308,0.081378,0.079161
1323.jpg,/mnt/data1/spring/multimodal_project/data/images/1323.jpg,13,13,7,0.162495,0,0.046538,0.025213,0.046962,0.026726,0.034581,0.11344,0.046053,0.162495,0.079328,0.090568,0.10625,0.061308,0.081378,0.079161
45.jpg,/mnt/data1/spring/multimodal_project/data/images/45.jpg,0,0,7,0.162495,0,0.046538,0.025213,0.046962,0.026726,0.034581,0.11344,0.046053,0.162495,0.079328,0.090568,0.10625,0.061308,0.081378,0.079161
1194.jpg,/mnt/data1/spring/multimodal_project/data/images/1194.jpg,12,12,7,0.162495,0,0.046538,0.025213,0.046962,0.026726,0.034581,0.113439,0.046053,0.162495,0.079328,0.090567,0.10625,0.061308,0.081378,0.079161
1321.jpg,/mnt/data1/spring/multimodal_project/data/images/1321.jpg,13,13,7,0.162495,0,0.046538,0.025213,0.046962,0.026726,0.034581,0.11344,0.046053,0.162495,0.079328,0.090568,0.10625,0.061308,0.081378,0.079161
793.jpg,/mnt/data1/spring/multimodal_project/data/images/793.jpg,8,8,7,0.162495,0,0.046538,0.025213,0.046961,0.026726,0.034581,0.11344,0.046053,0.162495,0.079328,0.090567,0.10625,0.061308,0.081378,0.079162
248.jpg,/mnt/data1/spring/multimodal_project/data/images/248.jpg,4,4,7,0.162495,0,0.046538,0.025213,0.046961,0.026726,0.034581,0.113439,0.046053,0.162495,0.079328,0.090568,0.10625,0.061308,0.081378,0.079161
1001.jpg,/mnt/data1/spring/multimodal_project/data/images/1001.jpg,10,10,7,0.162495,0,0.046538,0.025213,0.046962,0.026726,0.034581,0.11344,0.046053,0.162495,0.079328,0.090568,0.10625,0.061308,0.081378,0.079161
574.jpg,/mnt/data1/spring/multimodal_project/data/images/574.jpg,7,7,7,0.162495,1,0.046538,0.025213,0.046962,0.026726,0.034581,0.11344,0.046053,0.162495,0.079328,0.090568,0.10625,0.061308,0.081378,0.079161
167.jpg,/mnt/data1/spring/multimodal_project/data/images/167.jpg,3,3,7,0.162495,0,0.046538,0.025213,0.046962,0.026726,0.034581,0.11344,0.046053,0.162495,0.079328,0.090567,0.10625,0.061308,0.081378,0.079161
749.jpg,/mnt/data1/spring/multimodal_project/data/images/749.jpg,8,8,7,0.162495,0,0.046538,0.025213,0.046961,0.026726,0.034581,0.113439,0.046053,0.162495,0.079328,0.090568,0.10625,0.061308,0.081378,0.079161
694.jpg,/mnt/data1/spring/multimodal_project/data/images/694.jpg,7,7,7,0.162495,1,0.046538,0.025213,0.046962,0.026726,0.034581,0.11344,0.046053,0.162495,0.079328,0.090568,0.10625,0.061308,0.081378,0.079161
194.jpg,/mnt/data1/spring/multimodal_project/data/images/194.jpg,3,3,7,0.162495,0,0.046538,0.025213,0.046962,0.026726,0.034581,0.113439,0.046053,0.162495,0.079328,0.090568,0.10625,0.061308,0.081378,0.079161
470.jpg,/mnt/data1/spring/multimodal_project/data/images/470.jpg,6,6,7,0.162495,0,0.046538,0.025213,0.046962,0.026726,0.034581,0.113439,0.046053,0.162495,0.079328,0.090568,0.10625,0.061308,0.081378,0.079161
578.jpg,/mnt/data1/spring/multimodal_project/data/images/578.jpg,7,7,7,0.162495,1,0.046538,0.025213,0.046962,0.026726,0.034581,0.11344,0.046053,0.162495,0.079328,0.090568,0.10625,0.061308,0.081378,0.079161
1042.jpg,/mnt/data1/spring/multimodal_project/data/images/1042.jpg,10,10,7,0.162495,0,0.046538,0.025213,0.046962,0.026726,0.034581,0.11344,0.046053,0.162495,0.079328,0.090568,0.10625,0.061308,0.081378,0.079161
328.jpg,/mnt/data1/spring/multimodal_project/data/images/328.jpg,5,5,7,0.162495,0,0.046538,0.025213,0.046962,0.026726,0.034581,0.11344,0.046053,0.162495,0.079328,0.090568,0.10625,0.061308,0.081378,0.079161
1182.jpg,/mnt/data1/spring/multimodal_project/data/images/1182.jpg,12,12,7,0.162495,0,0.046538,0.025213,0.046962,0.026726,0.034581,0.113439,0.046053,0.162495,0.079328,0.090567,0.10625,0.061308,0.081378,0.079161
416.jpg,/mnt/data1/spring/multimodal_project/data/images/416.jpg,6,6,7,0.162495,0,0.046538,0.025213,0.046962,0.026726,0.034581,0.113439,0.046053,0.162495,0.079328,0.090568,0.10625,0.061308,0.081378,0.079161
146.jpg,/mnt/data1/spring/multimodal_project/data/images/146.jpg,2,2,7,0.162495,0,0.046538,0.025213,0.046961,0.026726,0.034581,0.113439,0.046053,0.162495,0.079328,0.090568,0.10625,0.061308,0.081378,0.079161
481.jpg,/mnt/data1/spring/multimodal_project/data/images/481.jpg,7,7,7,0.162495,1,0.046538,0.025213,0.046961,0.026726,0.034581,0.113439,0.046053,0.162495,0.079328,0.090568,0.10625,0.061308,0.081378,0.079161
573.jpg,/mnt/data1/spring/multimodal_project/data/images/573.jpg,7,7,7,0.162495,1,0.046538,0.025213,0.046962,0.026726,0.034581,0.11344,0.046053,0.162495,0.079328,0.090568,0.10625,0.061308,0.081378,0.079161
276.jpg,/mnt/data1/spring/multimodal_project/data/images/276.jpg,5,5,7,0.162495,0,0.046538,0.025213,0.046962,0.026726,0.034581,0.11344,0.046053,0.162495,0.079328,0.090568,0.10625,0.061308,0.081378,0.079161
740.jpg,/mnt/data1/spring/multimodal_project/data/images/740.jpg,8,8,7,0.162495,0,0.046538,0.025213,0.046961,0.026726,0.034581,0.113439,0.046053,0.162495,0.079328,0.090568,0.10625,0.061308,0.081378,0.079161
95.jpg,/mnt/data1/spring/multimodal_project/data/images/95.jpg,1,1,7,0.162495,0,0.046538,0.025213,0.046962,0.026726,0.034581,0.113439,0.046053,0.162495,0.079328,0.090568,0.10625,0.061308,0.081378,0.079161
700.jpg,/mnt/data1/spring/multimodal_project/data/images/700.jpg,7,7,7,0.162495,1,0.046538,0.025213,0.046961,0.026726,0.034581,0.113439,0.046053,0.162495,0.079328,0.090568,0.10625,0.061308,0.081378,0.079161
874.jpg,/mnt/data1/spring/multimodal_project/data/images/874.jpg,9,9,7,0.162495,0,0.046538,0.025213,0.046962,0.026726,0.034581,0.113439,0.046053,0.162495,0.079328,0.090568,0.10625,0.061308,0.081378,0.079161
549.jpg,/mnt/data1/spring/multimodal_project/data/images/549.jpg,7,7,7,0.162495,1,0.046538,0.025213,0.046962,0.026726,0.034581,0.11344,0.046053,0.162495,0.079328,0.090568,0.10625,0.061308,0.081378,0.079161
93.jpg,/mnt/data1/spring/multimodal_project/data/images/93.jpg,1,1,7,0.162495,0,0.046538,0.025213,0.046962,0.026726,0.034581,0.113439,0.046053,0.162495,0.079328,0.090567,0.10625,0.061308,0.081378,0.079161
271.jpg,/mnt/data1/spring/multimodal_project/data/images/271.jpg,5,5,7,0.162495,0,0.046538,0.025213,0.046962,0.026726,0.034581,0.11344,0.046053,0.162495,0.079328,0.090568,0.10625,0.061308,0.081378,0.079161
1107.jpg,/mnt/data1/spring/multimodal_project/data/images/1107.jpg,11,11,7,0.162495,0,0.046538,0.025213,0.046962,0.026726,0.034581,0.113439,0.046053,0.162495,0.079328,0.090568,0.10625,0.061308,0.081378,0.079161
501.jpg,/mnt/data1/spring/multimodal_project/data/images/501.jpg,7,7,7,0.162495,1,0.046538,0.025213,0.046962,0.026726,0.034581,0.113439,0.046053,0.162495,0.079328,0.090568,0.10625,0.061308,0.081378,0.079161
1390.jpg,/mnt/data1/spring/multimodal_project/data/images/1390.jpg,13,13,7,0.162495,0,0.046538,0.025213,0.046962,0.026726,0.034581,0.113439,0.046053,0.162495,0.079328,0.090568,0.10625,0.061308,0.081378,0.079161
90.jpg,/mnt/data1/spring/multimodal_project/data/images/90.jpg,1,1,7,0.162495,0,0.046538,0.025213,0.046962,0.026726,0.034581,0.113439,0.046053,0.162495,0.079328,0.090568,0.10625,0.061308,0.081378,0.079161
933.jpg,/mnt/data1/spring/multimodal_project/data/images/933.jpg,9,9,7,0.162495,0,0.046538,0.025213,0.046961,0.026726,0.034581,0.113439,0.046053,0.162495,0.079328,0.090568,0.10625,0.061308,0.081378,0.079161
478.jpg,/mnt/data1/spring/multimodal_project/data/images/478.jpg,7,7,7,0.162495,1,0.046538,0.025213,0.046961,0.026726,0.034581,0.113439,0.046053,0.162495,0.079328,0.090568,0.10625,0.061308,0.081378,0.079161
484.jpg,/mnt/data1/spring/multimodal_project/data/images/484.jpg,7,7,7,0.162496,1,0.046538,0.025213,0.046961,0.026726,0.034581,0.113439,0.046053,0.162496,0.079328,0.090568,0.10625,0.061308,0.081378,0.079162
777.jpg,/mnt/data1/spring/multimodal_project/data/images/777.jpg,8,8,7,0.162495,0,0.046538,0.025213,0.046961,0.026726,0.034581,0.113439,0.046053,0.162495,0.079328,0.090568,0.10625,0.061308,0.081378,0.079161
1295.jpg,/mnt/data1/spring/multimodal_project/data/images/1295.jpg,13,13,7,0.162495,0,0.046538,0.025213,0.046961,0.026726,0.034581,0.113439,0.046053,0.162495,0.079328,0.090568,0.10625,0.061308,0.081378,0.079161
653.jpg,/mnt/data1/spring/multimodal_project/data/images/653.jpg,7,7,7,0.162495,1,0.046538,0.025213,0.046962,0.026726,0.034581,0.11344,0.046053,0.162495,0.079328,0.090568,0.10625,0.061308,0.081378,0.079161
1330.jpg,/mnt/data1/spring/multimodal_project/data/images/1330.jpg,13,13,7,0.162495,0,0.046538,0.025213,0.046962,0.026726,0.034581,0.11344,0.046053,0.162495,0.079328,0.090568,0.10625,0.061308,0.081378,0.079161
1210.jpg,/mnt/data1/spring/multimodal_project/data/images/1210.jpg,12,12,7,0.162495,0,0.046538,0.025213,0.046961,0.026726,0.034581,0.113439,0.046053,0.162495,0.079328,0.090567,0.10625,0.061308,0.081378,0.079161
1247.jpg,/mnt/data1/spring/multimodal_project/data/images/1247.jpg,12,12,7,0.162495,0,0.046538,0.025213,0.046961,0.026726,0.034581,0.11344,0.046053,0.162495,0.079328,0.090568,0.10625,0.061308,0.081378,0.079161
516.jpg,/mnt/data1/spring/multimodal_project/data/images/516.jpg,7,7,7,0.162495,1,0.046538,0.025213,0.046962,0.026726,0.034581,0.11344,0.046053,0.162495,0.079328,0.090568,0.10625,0.061308,0.081378,0.079161
1113.jpg,/mnt/data1/spring/multimodal_project/data/images/1113.jpg,11,11,7,0.162495,0,0.046538,0.025213,0.046961,0.026726,0.034581,0.113439,0.046053,0.162495,0.079328,0.090568,0.10625,0.061308,0.081378,0.079161
1088.jpg,/mnt/data1/spring/multimodal_project/data/images/1088.jpg,10,10,7,0.162495,0,0.046538,0.025213,0.046962,0.026726,0.034581,0.113439,0.046053,0.162495,0.079328,0.090568,0.10625,0.061308,0.081378,0.079161
184.jpg,/mnt/data1/spring/multimodal_project/data/images/184.jpg,3,3,7,0.162495,0,0.046538,0.025213,0.046961,0.026726,0.034581,0.113439,0.046053,0.162495,0.079328,0.090568,0.10625,0.061308,0.081378,0.079161
1179.jpg,/mnt/data1/spring/multimodal_project/data/images/1179.jpg,12,12,7,0.162495,0,0.046538,0.025213,0.046962,0.026726,0.034581,0.113439,0.046053,0.162495,0.079328,0.090567,0.10625,0.061308,0.081378,0.079161
634.jpg,/mnt/data1/spring/multimodal_project/data/images/634.jpg,7,7,7,0.162495,1,0.046538,0.025213,0.046962,0.026726,0.034581,0.11344,0.046053,0.162495,0.079328,0.090568,0.10625,0.061308,0.081378,0.079161
779.jpg,/mnt/data1/spring/multimodal_project/data/images/779.jpg,8,8,7,0.162495,0,0.046538,0.025213,0.046961,0.026726,0.034581,0.113439,0.046053,0.162495,0.079328,0.090568,0.10625,0.061308,0.081378,0.079161
81.jpg,/mnt/data1/spring/multimodal_project/data/images/81.jpg,1,1,7,0.162495,0,0.046538,0.025213,0.046962,0.026726,0.034581,0.113439,0.046053,0.162495,0.079328,0.090568,0.10625,0.061308,0.081378,0.079161
442.jpg,/mnt/data1/spring/multimodal_project/data/images/442.jpg,6,6,7,0.162495,0,0.046538,0.025213,0.046962,0.026726,0.034581,0.113439,0.046053,0.162495,0.079328,0.090568,0.10625,0.061308,0.081378,0.079161
972.jpg,/mnt/data1/spring/multimodal_project/data/images/972.jpg,10,10,7,0.162495,0,0.046538,0.025213,0.046962,0.026726,0.034581,0.11344,0.046053,0.162495,0.079328,0.090568,0.10625,0.061308,0.081378,0.079161
1310.jpg,/mnt/data1/spring/multimodal_project/data/images/1310.jpg,13,13,7,0.162495,0,0.046538,0.025213,0.046961,0.026726,0.034581,0.113439,0.046053,0.162495,0.079328,0.090568,0.10625,0.061308,0.081378,0.079161
660.jpg,/mnt/data1/spring/multimodal_project/data/images/660.jpg,7,7,7,0.162495,1,0.046538,0.025213,0.046962,0.026726,0.034581,0.11344,0.046053,0.162495,0.079328,0.090568,0.10625,0.061308,0.081378,0.079161
1004.jpg,/mnt/data1/spring/multimodal_project/data/images/1004.jpg,10,10,7,0.162495,0,0.046538,0.025213,0.046962,0.026726,0.034581,0.11344,0.046053,0.162495,0.079328,0.090568,0.10625,0.061308,0.081378,0.079161
954.jpg,/mnt/data1/spring/multimodal_project/data/images/954.jpg,10,10,7,0.162495,0,0.046538,0.025213,0.046962,0.026726,0.034581,0.11344,0.046053,0.162495,0.079328,0.090568,0.10625,0.061308,0.081378,0.079161
1281.jpg,/mnt/data1/spring/multimodal_project/data/images/1281.jpg,12,12,7,0.162495,0,0.046538,0.025213,0.046962,0.026726,0.034581,0.11344,0.046053,0.162495,0.079328,0.090568,0.10625,0.061308,0.081378,0.079161
168.jpg,/mnt/data1/spring/multimodal_project/data/images/168.jpg,3,3,7,0.162495,0,0.046538,0.025213,0.046962,0.026726,0.034581,0.113439,0.046053,0.162495,0.079328,0.090568,0.10625,0.061308,0.081378,0.079161
1257.jpg,/mnt/data1/spring/multimodal_project/data/images/1257.jpg,12,12,7,0.162496,0,0.046538,0.025213,0.046961,0.026726,0.034581,0.113439,0.046053,0.162496,0.079328,0.090567,0.10625,0.061308,0.081378,0.079161
458.jpg,/mnt/data1/spring/multimodal_project/data/images/458.jpg,6,6,7,0.162495,0,0.046538,0.025213,0.046962,0.026726,0.034581,0.11344,0.046053,0.162495,0.079328,0.090568,0.10625,0.061308,0.081378,0.079161
1130.jpg,/mnt/data1/spring/multimodal_project/data/images/1130.jpg,11,11,7,0.162495,0,0.046538,0.025213,0.046961,0.026726,0.034581,0.113439,0.046053,0.162495,0.079328,0.090568,0.10625,0.061308,0.081378,0.079161
386.jpg,/mnt/data1/spring/multimodal_project/data/images/386.jpg,5,5,7,0.162495,0,0.046538,0.025213,0.046962,0.026726,0.034581,0.11344,0.046053,0.162495,0.079328,0.090568,0.10625,0.061308,0.081378,0.079161
466.jpg,/mnt/data1/spring/multimodal_project/data/images/466.jpg,6,6,7,0.162495,0,0.046538,0.025213,0.046962,0.026726,0.034581,0.113439,0.046053,0.162495,0.079328,0.090568,0.10625,0.061308,0.081378,0.079161
728.jpg,/mnt/data1/spring/multimodal_project/data/images/728.jpg,8,8,7,0.162495,0,0.046538,0.025213,0.046961,0.026726,0.034581,0.113439,0.046053,0.162495,0.079328,0.090568,0.10625,0.061308,0.081378,0.079161
837.jpg,/mnt/data1/spring/multimodal_project/data/images/837.jpg,9,9,7,0.162495,0,0.046538,0.025213,0.046961,0.026726,0.034581,0.113439,0.046053,0.162495,0.079328,0.090568,0.10625,0.061308,0.081378,0.079161
835.jpg,/mnt/data1/spring/multimodal_project/data/images/835.jpg,9,9,7,0.162495,0,0.046538,0.025213,0.046961,0.026726,0.034581,0.113439,0.046053,0.162495,0.079328,0.090568,0.10625,0.061308,0.081378,0.079161
1102.jpg,/mnt/data1/spring/multimodal_project/data/images/1102.jpg,11,11,7,0.162495,0,0.046538,0.025213,0.046961,0.026726,0.034581,0.113439,0.046053,0.162495,0.079328,0.090568,0.10625,0.061308,0.081378,0.079161
1199.jpg,/mnt/data1/spring/multimodal_project/data/images/1199.jpg,12,12,7,0.162495,0,0.046538,0.025213,0.046962,0.026726,0.034581,0.113439,0.046053,0.162495,0.079328,0.090567,0.10625,0.061308,0.081378,0.079161
720.jpg,/mnt/data1/spring/multimodal_project/data/images/720.jpg,8,8,7,0.162495,0,0.046538,0.025213,0.046961,0.026726,0.034581,0.113439,0.046053,0.162495,0.079328,0.090568,0.10625,0.061308,0.081378,0.079161
1109.jpg,/mnt/data1/spring/multimodal_project/data/images/1109.jpg,11,11,7,0.162495,0,0.046538,0.025213,0.046961,0.026726,0.034581,0.113439,0.046053,0.162495,0.079328,0.090568,0.10625,0.061308,0.081378,0.079161
5.jpg,/mnt/data1/spring/multimodal_project/data/images/5.jpg,0,0,7,0.162495,0,0.046538,0.025213,0.046962,0.026726,0.034581,0.113439,0.046053,0.162495,0.079328,0.090568,0.10625,0.061308,0.081378,0.079161
359.jpg,/mnt/data1/spring/multimodal_project/data/images/359.jpg,5,5,7,0.162495,0,0.046538,0.025213,0.046962,0.026726,0.034581,0.11344,0.046053,0.162495,0.079328,0.090568,0.10625,0.061308,0.081378,0.079161
1230.jpg,/mnt/data1/spring/multimodal_project/data/images/1230.jpg,12,12,7,0.162495,0,0.046538,0.025213,0.046961,0.026726,0.034581,0.113439,0.046053,0.162495,0.079328,0.090567,0.10625,0.061308,0.081378,0.079161
625.jpg,/mnt/data1/spring/multimodal_project/data/images/625.jpg,7,7,7,0.162495,1,0.046538,0.025213,0.046962,0.026726,0.034581,0.11344,0.046053,0.162495,0.079328,0.090568,0.10625,0.061308,0.081378,0.079161
787.jpg,/mnt/data1/spring/multimodal_project/data/images/787.jpg,8,8,7,0.162496,0,0.046538,0.025213,0.046961,0.026726,0.034581,0.113439,0.046053,0.162496,0.079328,0.090568,0.10625,0.061308,0.081378,0.079161
125.jpg,/mnt/data1/spring/multimodal_project/data/images/125.jpg,2,2,7,0.162495,0,0.046538,0.025213,0.046961,0.026726,0.034581,0.113439,0.046053,0.162495,0.079328,0.090568,0.10625,0.061308,0.081378,0.079161
379.jpg,/mnt/data1/spring/multimodal_project/data/images/379.jpg,5,5,7,0.162495,0,0.046538,0.025213,0.046962,0.026726,0.034581,0.11344,0.046053,0.162495,0.079328,0.090568,0.10625,0.061308,0.081378,0.079161
405.jpg,/mnt/data1/spring/multimodal_project/data/images/405.jpg,5,5,7,0.162495,0,0.046538,0.025213,0.046961,0.026726,0.034581,0.11344,0.046053,0.162495,0.079328,0.090568,0.10625,0.061308,0.081378,0.079161
242.jpg,/mnt/data1/spring/multimodal_project/data/images/242.jpg,4,4,7,0.162495,0,0.046538,0.025213,0.046962,0.026726,0.034581,0.113439,0.046053,0.162495,0.079328,0.090568,0.10625,0.061308,0.081378,0.079161
262.jpg,/mnt/data1/spring/multimodal_project/data/images/262.jpg,5,5,7,0.162495,0,0.046538,0.025213,0.046962,0.026726,0.034581,0.11344,0.046053,0.162495,0.079328,0.090568,0.10625,0.061308,0.081378,0.079161
82.jpg,/mnt/data1/spring/multimodal_project/data/images/82.jpg,1,1,7,0.162495,0,0.046538,0.025213,0.046962,0.026726,0.034581,0.113439,0.046053,0.162495,0.079328,0.090567,0.10625,0.061308,0.081378,0.079161
1008.jpg,/mnt/data1/spring/multimodal_project/data/images/1008.jpg,10,10,7,0.162495,0,0.046538,0.025213,0.046962,0.026726,0.034581,0.11344,0.046053,0.162495,0.079328,0.090568,0.10625,0.061308,0.081378,0.079161
1241.jpg,/mnt/data1/spring/multimodal_project/data/images/1241.jpg,12,12,7,0.162495,0,0.046538,0.025213,0.046961,0.026726,0.034581,0.11344,0.046053,0.162495,0.079328,0.090568,0.10625,0.061308,0.081378,0.079161
1368.jpg,/mnt/data1/spring/multimodal_project/data/images/1368.jpg,13,13,7,0.162495,0,0.046538,0.025213,0.046962,0.026726,0.034581,0.11344,0.046053,0.162495,0.079328,0.090568,0.10625,0.061308,0.081378,0.079161
930.jpg,/mnt/data1/spring/multimodal_project/data/images/930.jpg,9,9,7,0.162495,0,0.046538,0.025213,0.046962,0.026726,0.034581,0.113439,0.046053,0.162495,0.079328,0.090568,0.10625,0.061308,0.081378,0.079161
1104.jpg,/mnt/data1/spring/multimodal_project/data/images/1104.jpg,11,11,7,0.162495,0,0.046538,0.025213,0.046961,0.026726,0.034581,0.113439,0.046053,0.162495,0.079328,0.090568,0.10625,0.061308,0.081378,0.079161
426.jpg,/mnt/data1/spring/multimodal_project/data/images/426.jpg,6,6,7,0.162495,0,0.046538,0.025213,0.046962,0.026726,0.034581,0.113439,0.046053,0.162495,0.079328,0.090568,0.10625,0.061308,0.081378,0.079161
321.jpg,/mnt/data1/spring/multimodal_project/data/images/321.jpg,5,5,7,0.162495,0,0.046538,0.025213,0.046962,0.026726,0.034581,0.11344,0.046053,0.162495,0.079328,0.090568,0.10625,0.061308,0.081378,0.079161
1331.jpg,/mnt/data1/spring/multimodal_project/data/images/1331.jpg,13,13,7,0.162495,0,0.046538,0.025213,0.046962,0.026726,0.034581,0.11344,0.046053,0.162495,0.079328,0.090568,0.10625,0.061308,0.081378,0.079161
591.jpg,/mnt/data1/spring/multimodal_project/data/images/591.jpg,7,7,7,0.162495,1,0.046538,0.025213,0.046962,0.026726,0.034581,0.11344,0.046053,0.162495,0.079328,0.090568,0.10625,0.061308,0.081378,0.079161
808.jpg,/mnt/data1/spring/multimodal_project/data/images/808.jpg,8,8,7,0.162495,0,0.046538,0.025213,0.046961,0.026726,0.034581,0.113439,0.046053,0.162495,0.079328,0.090568,0.10625,0.061308,0.081378,0.079161
1149.jpg,/mnt/data1/spring/multimodal_project/data/images/1149.jpg,11,11,7,0.162495,0,0.046538,0.025213,0.046962,0.026726,0.034581,0.113439,0.046053,0.162495,0.079328,0.090568,0.10625,0.061308,0.081378,0.079161
101.jpg,/mnt/data1/spring/multimodal_project/data/images/101.jpg,2,2,7,0.162495,0,0.046538,0.025213,0.046961,0.026726,0.034581,0.113439,0.046053,0.162495,0.079328,0.090568,0.10625,0.061308,0.081378,0.079161
237.jpg,/mnt/data1/spring/multimodal_project/data/images/237.jpg,4,4,7,0.162495,0,0.046538,0.025213,0.046962,0.026726,0.034581,0.113439,0.046053,0.162495,0.079328,0.090568,0.10625,0.061308,0.081378,0.079161
41.jpg,/mnt/data1/spring/multimodal_project/data/images/41.jpg,0,0,7,0.162495,0,0.046538,0.025213,0.046962,0.026726,0.034581,0.113439,0.046053,0.162495,0.079328,0.090568,0.10625,0.061308,0.081378,0.079161
188.jpg,/mnt/data1/spring/multimodal_project/data/images/188.jpg,3,3,7,0.162495,0,0.046538,0.025213,0.046961,0.026726,0.034581,0.113439,0.046053,0.162495,0.079328,0.090568,0.10625,0.061308,0.081378,0.079161
291.jpg,/mnt/data1/spring/multimodal_project/data/images/291.jpg,5,5,7,0.162495,0,0.046538,0.025213,0.046962,0.026726,0.034581,0.11344,0.046053,0.162495,0.079328,0.090568,0.10625,0.061308,0.081378,0.079161
9.jpg,/mnt/data1/spring/multimodal_project/data/images/9.jpg,0,0,7,0.162496,0,0.046538,0.025213,0.046961,0.026726,0.034581,0.113439,0.046053,0.162496,0.079328,0.090568,0.10625,0.061308,0.081378,0.079162
52.jpg,/mnt/data1/spring/multimodal_project/data/images/52.jpg,0,0,7,0.162495,0,0.046538,0.025213,0.046962,0.026726,0.034581,0.11344,0.046053,0.162495,0.079328,0.090568,0.10625,0.061308,0.081378,0.079161
402.jpg,/mnt/data1/spring/multimodal_project/data/images/402.jpg,5,5,7,0.162495,0,0.046538,0.025213,0.046961,0.026726,0.034581,0.113439,0.046053,0.162495,0.079328,0.090568,0.10625,0.061308,0.081378,0.079161
1244.jpg,/mnt/data1/spring/multimodal_project/data/images/1244.jpg,12,12,7,0.162496,0,0.046538,0.025213,0.046961,0.026726,0.034581,0.113439,0.046053,0.162496,0.079328,0.090567,0.10625,0.061308,0.081378,0.079161
1353.jpg,/mnt/data1/spring/multimodal_project/data/images/1353.jpg,13,13,7,0.162495,0,0.046538,0.025213,0.046962,0.026726,0.034581,0.11344,0.046053,0.162495,0.079328,0.090568,0.10625,0.061308,0.081378,0.079161
480.jpg,/mnt/data1/spring/multimodal_project/data/images/480.jpg,7,7,7,0.162496,1,0.046538,0.025213,0.046961,0.026726,0.034581,0.113439,0.046053,0.162496,0.079328,0.090568,0.10625,0.061308,0.081378,0.079162
1277.jpg,/mnt/data1/spring/multimodal_project/data/images/1277.jpg,12,12,7,0.162495,0,0.046538,0.025213,0.046961,0.026726,0.034581,0.113439,0.046053,0.162495,0.079328,0.090568,0.10625,0.061308,0.081378,0.079161
317.jpg,/mnt/data1/spring/multimodal_project/data/images/317.jpg,5,5,7,0.162495,0,0.046538,0.025213,0.046962,0.026726,0.034581,0.11344,0.046053,0.162495,0.079328,0.090568,0.10625,0.061308,0.081378,0.079161
823.jpg,/mnt/data1/spring/multimodal_project/data/images/823.jpg,9,9,7,0.162495,0,0.046538,0.025213,0.046961,0.026726,0.034581,0.113439,0.046053,0.162495,0.079328,0.090568,0.10625,0.061308,0.081378,0.079161
1226.jpg,/mnt/data1/spring/multimodal_project/data/images/1226.jpg,12,12,7,0.162495,0,0.046538,0.025213,0.046961,0.026726,0.034581,0.11344,0.046053,0.162495,0.079328,0.090568,0.10625,0.061308,0.081378,0.079161
1005.jpg,/mnt/data1/spring/multimodal_project/data/images/1005.jpg,10,10,7,0.162495,0,0.046538,0.025213,0.046962,0.026726,0.034581,0.11344,0.046053,0.162495,0.079328,0.090568,0.10625,0.061308,0.081378,0.079161
584.jpg,/mnt/data1/spring/multimodal_project/data/images/584.jpg,7,7,7,0.162495,1,0.046538,0.025213,0.046962,0.026726,0.034581,0.11344,0.046053,0.162495,0.079328,0.090568,0.10625,0.061308,0.081378,0.079161
495.jpg,/mnt/data1/spring/multimodal_project/data/images/495.jpg,7,7,7,0.162495,1,0.046538,0.025213,0.046961,0.026726,0.034581,0.113439,0.046053,0.162495,0.079328,0.090568,0.10625,0.061308,0.081378,0.079162
1058.jpg,/mnt/data1/spring/multimodal_project/data/images/1058.jpg,10,10,7,0.162495,0,0.046538,0.025213,0.046962,0.026726,0.034581,0.11344,0.046053,0.162495,0.079328,0.090568,0.10625,0.061308,0.081378,0.079161
1141.jpg,/mnt/data1/spring/multimodal_project/data/images/1141.jpg,11,11,7,0.162495,0,0.046538,0.025213,0.046962,0.026726,0.034581,0.11344,0.046053,0.162495,0.079328,0.090568,0.10625,0.061308,0.081378,0.079161
140.jpg,/mnt/data1/spring/multimodal_project/data/images/140.jpg,2,2,7,0.162495,0,0.046538,0.025213,0.046961,0.026726,0.034581,0.113439,0.046053,0.162495,0.079328,0.090568,0.10625,0.061308,0.081378,0.079161
1085.jpg,/mnt/data1/spring/multimodal_project/data/images/1085.jpg,10,10,7,0.162495,0,0.046538,0.025213,0.046962,0.026726,0.034581,0.113439,0.046053,0.162495,0.079328,0.090568,0.10625,0.061308,0.081378,0.079161
1326.jpg,/mnt/data1/spring/multimodal_project/data/images/1326.jpg,13,13,7,0.162495,0,0.046538,0.025213,0.046961,0.026726,0.034581,0.113439,0.046053,0.162495,0.079328,0.090568,0.10625,0.061308,0.081378,0.079161
1115.jpg,/mnt/data1/spring/multimodal_project/data/images/1115.jpg,11,11,7,0.162495,0,0.046538,0.025213,0.046961,0.026726,0.034581,0.113439,0.046053,0.162495,0.079328,0.090568,0.10625,0.061308,0.081378,0.079161
48.jpg,/mnt/data1/spring/multimodal_project/data/images/48.jpg,0,0,7,0.162495,0,0.046538,0.025213,0.046962,0.026726,0.034581,0.113439,0.046053,0.162495,0.079328,0.090568,0.10625,0.061308,0.081378,0.079161
880.jpg,/mnt/data1/spring/multimodal_project/data/images/880.jpg,9,9,7,0.162495,0,0.046538,0.025213,0.046962,0.026726,0.034581,0.11344,0.046053,0.162495,0.079328,0.090568,0.10625,0.061308,0.081378,0.079161
615.jpg,/mnt/data1/spring/multimodal_project/data/images/615.jpg,7,7,7,0.162495,1,0.046538,0.025213,0.046961,0.026726,0.034581,0.113439,0.046053,0.162495,0.079328,0.090568,0.10625,0.061308,0.081378,0.079161
62.jpg,/mnt/data1/spring/multimodal_project/data/images/62.jpg,0,0,7,0.162495,0,0.046538,0.025213,0.046962,0.026726,0.034581,0.113439,0.046053,0.162495,0.079328,0.090568,0.10625,0.061308,0.081378,0.079161
299.jpg,/mnt/data1/spring/multimodal_project/data/images/299.jpg,5,5,7,0.162495,0,0.046538,0.025213,0.046962,0.026726,0.034581,0.11344,0.046053,0.162495,0.079328,0.090568,0.10625,0.061308,0.081378,0.079161
438.jpg,/mnt/data1/spring/multimodal_project/data/images/438.jpg,6,6,7,0.162495,0,0.046538,0.025213,0.046962,0.026726,0.034581,0.113439,0.046053,0.162495,0.079328,0.090568,0.10625,0.061308,0.081378,0.079161
888.jpg,/mnt/data1/spring/multimodal_project/data/images/888.jpg,9,9,7,0.162495,0,0.046538,0.025213,0.046962,0.026726,0.034581,0.11344,0.046053,0.162495,0.079328,0.090568,0.10625,0.061308,0.081378,0.079161
1033.jpg,/mnt/data1/spring/multimodal_project/data/images/1033.jpg,10,10,7,0.162495,0,0.046538,0.025213,0.046962,0.026726,0.034581,0.11344,0.046053,0.162495,0.079328,0.090568,0.10625,0.061308,0.081378,0.079161
583.jpg,/mnt/data1/spring/multimodal_project/data/images/583.jpg,7,7,7,0.162495,1,0.046538,0.025213,0.046962,0.026726,0.034581,0.11344,0.046053,0.162495,0.079328,0.090568,0.10625,0.061308,0.081378,0.079161
1011.jpg,/mnt/data1/spring/multimodal_project/data/images/1011.jpg,10,10,7,0.162495,0,0.046538,0.025213,0.046962,0.026726,0.034581,0.11344,0.046053,0.162495,0.079328,0.090568,0.10625,0.061308,0.081378,0.079161
1227.jpg,/mnt/data1/spring/multimodal_project/data/images/1227.jpg,12,12,7,0.162495,0,0.046538,0.025213,0.046961,0.026726,0.034581,0.11344,0.046053,0.162495,0.079328,0.090568,0.10625,0.061308,0.081378,0.079161
1345.jpg,/mnt/data1/spring/multimodal_project/data/images/1345.jpg,13,13,7,0.162495,0,0.046538,0.025213,0.046962,0.026726,0.034581,0.113439,0.046053,0.162495,0.079328,0.090568,0.10625,0.061308,0.081378,0.079161
514.jpg,/mnt/data1/spring/multimodal_project/data/images/514.jpg,7,7,7,0.162495,1,0.046538,0.025213,0.046962,0.026726,0.034581,0.11344,0.046053,0.162495,0.079328,0.090568,0.10625,0.061308,0.081378,0.079161
84.jpg,/mnt/data1/spring/multimodal_project/data/images/84.jpg,1,1,7,0.162495,0,0.046538,0.025213,0.046962,0.026726,0.034581,0.113439,0.046053,0.162495,0.079328,0.090568,0.10625,0.061308,0.081378,0.079161
1265.jpg,/mnt/data1/spring/multimodal_project/data/images/1265.jpg,12,12,7,0.162495,0,0.046538,0.025213,0.046961,0.026726,0.034581,0.113439,0.046053,0.162495,0.079328,0.090567,0.10625,0.061308,0.081378,0.079161
1035.jpg,/mnt/data1/spring/multimodal_project/data/images/1035.jpg,10,10,7,0.162495,0,0.046538,0.025213,0.046962,0.026726,0.034581,0.11344,0.046053,0.162495,0.079328,0.090568,0.10625,0.061308,0.081378,0.079161
1245.jpg,/mnt/data1/spring/multimodal_project/data/images/1245.jpg,12,12,7,0.162496,0,0.046538,0.025213,0.046961,0.026726,0.034581,0.113439,0.046053,0.162496,0.079328,0.090567,0.10625,0.061308,0.081378,0.079161
199.jpg,/mnt/data1/spring/multimodal_project/data/images/199.jpg,3,3,7,0.162495,0,0.046538,0.025213,0.046961,0.026726,0.034581,0.113439,0.046053,0.162495,0.079328,0.090568,0.10625,0.061308,0.081378,0.079161
519.jpg,/mnt/data1/spring/multimodal_project/data/images/519.jpg,7,7,7,0.162495,1,0.046538,0.025213,0.046962,0.026726,0.034581,0.113439,0.046053,0.162495,0.079328,0.090568,0.10625,0.061308,0.081378,0.079161
211.jpg,/mnt/data1/spring/multimodal_project/data/images/211.jpg,4,4,7,0.162495,0,0.046538,0.025213,0.046962,0.026726,0.034581,0.113439,0.046053,0.162495,0.079328,0.090568,0.10625,0.061308,0.081378,0.079161
949.jpg,/mnt/data1/spring/multimodal_project/data/images/949.jpg,10,10,7,0.162495,0,0.046538,0.025213,0.046962,0.026726,0.034581,0.11344,0.046053,0.162495,0.079328,0.090568,0.10625,0.061308,0.081378,0.079161
923.jpg,/mnt/data1/spring/multimodal_project/data/images/923.jpg,9,9,7,0.162495,0,0.046538,0.025213,0.046961,0.026726,0.034581,0.113439,0.046053,0.162495,0.079328,0.090568,0.10625,0.061308,0.081378,0.079161
705.jpg,/mnt/data1/spring/multimodal_project/data/images/705.jpg,8,8,7,0.162495,0,0.046538,0.025213,0.046961,0.026726,0.034581,0.113439,0.046053,0.162495,0.079328,0.090568,0.10625,0.061308,0.081378,0.079161
564.jpg,/mnt/data1/spring/multimodal_project/data/images/564.jpg,7,7,7,0.162495,1,0.046538,0.025213,0.046962,0.026726,0.034581,0.11344,0.046053,0.162495,0.079328,0.090568,0.10625,0.061308,0.081378,0.079161
939.jpg,/mnt/data1/spring/multimodal_project/data/images/939.jpg,10,10,7,0.162495,0,0.046538,0.025213,0.046962,0.026726,0.034581,0.11344,0.046053,0.162495,0.079328,0.090568,0.10625,0.061308,0.081378,0.079161
810.jpg,/mnt/data1/spring/multimodal_project/data/images/810.jpg,8,8,7,0.162495,0,0.046538,0.025213,0.046961,0.026726,0.034581,0.113439,0.046053,0.162495,0.079328,0.090568,0.10625,0.061308,0.081378,0.079161
322.jpg,/mnt/data1/spring/multimodal_project/data/images/322.jpg,5,5,7,0.162495,0,0.046538,0.025213,0.046962,0.026726,0.034581,0.11344,0.046053,0.162495,0.079328,0.090568,0.10625,0.061308,0.081378,0.079161
73.jpg,/mnt/data1/spring/multimodal_project/data/images/73.jpg,1,1,7,0.162495,0,0.046538,0.025213,0.046962,0.026726,0.034581,0.113439,0.046053,0.162495,0.079328,0.090568,0.10625,0.061308,0.081378,0.079161
98.jpg,/mnt/data1/spring/multimodal_project/data/images/98.jpg,2,2,7,0.162495,0,0.046538,0.025213,0.046962,0.026726,0.034581,0.113439,0.046053,0.162495,0.079328,0.090568,0.10625,0.061308,0.081378,0.079161
788.jpg,/mnt/data1/spring/multimodal_project/data/images/788.jpg,8,8,7,0.162495,0,0.046538,0.025213,0.046961,0.026726,0.034581,0.113439,0.046053,0.162495,0.079328,0.090568,0.10625,0.061308,0.081378,0.079161
300.jpg,/mnt/data1/spring/multimodal_project/data/images/300.jpg,5,5,7,0.162495,0,0.046538,0.025213,0.046962,0.026726,0.034581,0.11344,0.046053,0.162495,0.079328,0.090568,0.10625,0.061308,0.081378,0.079161
644.jpg,/mnt/data1/spring/multimodal_project/data/images/644.jpg,7,7,7,0.162495,1,0.046538,0.025213,0.046962,0.026726,0.034581,0.11344,0.046053,0.162495,0.079328,0.090568,0.10625,0.061308,0.081378,0.079161
437.jpg,/mnt/data1/spring/multimodal_project/data/images/437.jpg,6,6,7,0.162495,0,0.046538,0.025213,0.046962,0.026726,0.034581,0.113439,0.046053,0.162495,0.079328,0.090568,0.10625,0.061308,0.081378,0.079161
439.jpg,/mnt/data1/spring/multimodal_project/data/images/439.jpg,6,6,7,0.162495,0,0.046538,0.025213,0.046962,0.026726,0.034581,0.113439,0.046053,0.162495,0.079328,0.090568,0.10625,0.061308,0.081378,0.079161
576.jpg,/mnt/data1/spring/multimodal_project/data/images/576.jpg,7,7,7,0.162495,1,0.046538,0.025213,0.046962,0.026726,0.034581,0.11344,0.046053,0.162495,0.079328,0.090568,0.10625,0.061308,0.081378,0.079161
1034.jpg,/mnt/data1/spring/multimodal_project/data/images/1034.jpg,10,10,7,0.162495,0,0.046538,0.025213,0.046962,0.026726,0.034581,0.11344,0.046053,0.162495,0.079328,0.090568,0.10625,0.061308,0.081378,0.079161
498.jpg,/mnt/data1/spring/multimodal_project/data/images/498.jpg,7,7,7,0.162495,1,0.046538,0.025213,0.046962,0.026726,0.034581,0.11344,0.046053,0.162495,0.079328,0.090568,0.10625,0.061308,0.081378,0.079161
1186.jpg,/mnt/data1/spring/multimodal_project/data/images/1186.jpg,12,12,7,0.162495,0,0.046538,0.025213,0.046962,0.026726,0.034581,0.113439,0.046053,0.162495,0.079328,0.090567,0.10625,0.061308,0.081378,0.079161
646.jpg,/mnt/data1/spring/multimodal_project/data/images/646.jpg,7,7,7,0.162495,1,0.046538,0.025213,0.046962,0.026726,0.034581,0.11344,0.046053,0.162495,0.079328,0.090568,0.10625,0.061308,0.081378,0.079161
121.jpg,/mnt/data1/spring/multimodal_project/data/images/121.jpg,2,2,7,0.162495,0,0.046538,0.025213,0.046961,0.026726,0.034581,0.113439,0.046053,0.162495,0.079328,0.090568,0.10625,0.061308,0.081378,0.079161
385.jpg,/mnt/data1/spring/multimodal_project/data/images/385.jpg,5,5,7,0.162495,0,0.046538,0.025213,0.046962,0.026726,0.034581,0.11344,0.046053,0.162495,0.079328,0.090568,0.10625,0.061308,0.081378,0.079161
448.jpg,/mnt/data1/spring/multimodal_project/data/images/448.jpg,6,6,7,0.162495,0,0.046538,0.025213,0.046962,0.026726,0.034581,0.113439,0.046053,0.162495,0.079328,0.090568,0.10625,0.061308,0.081378,0.079161
842.jpg,/mnt/data1/spring/multimodal_project/data/images/842.jpg,9,9,7,0.162495,0,0.046538,0.025213,0.046962,0.026726,0.034581,0.113439,0.046053,0.162495,0.079328,0.090568,0.10625,0.061308,0.081378,0.079161
836.jpg,/mnt/data1/spring/multimodal_project/data/images/836.jpg,9,9,7,0.162495,0,0.046538,0.025213,0.046961,0.026726,0.034581,0.113439,0.046053,0.162495,0.079328,0.090568,0.10625,0.061308,0.081378,0.079161
176.jpg,/mnt/data1/spring/multimodal_project/data/images/176.jpg,3,3,7,0.162496,0,0.046538,0.025213,0.046961,0.026726,0.034581,0.113439,0.046053,0.162496,0.079328,0.090567,0.10625,0.061308,0.081378,0.079161
684.jpg,/mnt/data1/spring/multimodal_project/data/images/684.jpg,7,7,7,0.162495,1,0.046538,0.025213,0.046962,0.026726,0.034581,0.11344,0.046053,0.162495,0.079328,0.090568,0.10625,0.061308,0.081378,0.079161
960.jpg,/mnt/data1/spring/multimodal_project/data/images/960.jpg,10,10,7,0.162495,0,0.046538,0.025213,0.046962,0.026726,0.034581,0.11344,0.046053,0.162495,0.079328,0.090568,0.10625,0.061308,0.081378,0.079161
377.jpg,/mnt/data1/spring/multimodal_project/data/images/377.jpg,5,5,7,0.162495,0,0.046538,0.025213,0.046962,0.026726,0.034581,0.11344,0.046053,0.162495,0.079328,0.090568,0.10625,0.061308,0.081378,0.079161
286.jpg,/mnt/data1/spring/multimodal_project/data/images/286.jpg,5,5,7,0.162495,0,0.046538,0.025213,0.046962,0.026726,0.034581,0.11344,0.046053,0.162495,0.079328,0.090568,0.10625,0.061308,0.081378,0.079161
990.jpg,/mnt/data1/spring/multimodal_project/data/images/990.jpg,10,10,7,0.162495,0,0.046538,0.025213,0.046962,0.026726,0.034581,0.11344,0.046053,0.162495,0.079328,0.090568,0.10625,0.061308,0.081378,0.079161
353.jpg,/mnt/data1/spring/multimodal_project/data/images/353.jpg,5,5,7,0.162495,0,0.046538,0.025213,0.046962,0.026726,0.034581,0.11344,0.046053,0.162495,0.079328,0.090568,0.10625,0.061308,0.081378,0.079161
1060.jpg,/mnt/data1/spring/multimodal_project/data/images/1060.jpg,10,10,7,0.162495,0,0.046538,0.025213,0.046962,0.026726,0.034581,0.11344,0.046053,0.162495,0.079328,0.090568,0.10625,0.061308,0.081378,0.079161
586.jpg,/mnt/data1/spring/multimodal_project/data/images/586.jpg,7,7,7,0.162495,1,0.046538,0.025213,0.046962,0.026726,0.034581,0.11344,0.046053,0.162495,0.079328,0.090568,0.10625,0.061308,0.081378,0.079161
292.jpg,/mnt/data1/spring/multimodal_project/data/images/292.jpg,5,5,7,0.162495,0,0.046538,0.025213,0.046962,0.026726,0.034581,0.11344,0.046053,0.162495,0.079328,0.090568,0.10625,0.061308,0.081378,0.079161
628.jpg,/mnt/data1/spring/multimodal_project/data/images/628.jpg,7,7,7,0.162495,1,0.046538,0.025213,0.046962,0.026726,0.034581,0.11344,0.046053,0.162495,0.079328,0.090568,0.10625,0.061308,0.081378,0.079161
957.jpg,/mnt/data1/spring/multimodal_project/data/images/957.jpg,10,10,7,0.162495,0,0.046538,0.025213,0.046962,0.026726,0.034581,0.11344,0.046053,0.162495,0.079328,0.090568,0.10625,0.061308,0.081378,0.079161
544.jpg,/mnt/data1/spring/multimodal_project/data/images/544.jpg,7,7,7,0.162495,1,0.046538,0.025213,0.046962,0.026726,0.034581,0.11344,0.046053,0.162495,0.079328,0.090568,0.10625,0.061308,0.081378,0.079161
1379.jpg,/mnt/data1/spring/multimodal_project/data/images/1379.jpg,13,13,7,0.162495,0,0.046538,0.025213,0.046962,0.026726,0.034581,0.113439,0.046053,0.162495,0.079328,0.090568,0.10625,0.061308,0.081378,0.079161
1269.jpg,/mnt/data1/spring/multimodal_project/data/images/1269.jpg,12,12,7,0.162495,0,0.046538,0.025213,0.046961,0.026726,0.034581,0.113439,0.046053,0.162495,0.079328,0.090567,0.10625,0.061308,0.081378,0.079161
996.jpg,/mnt/data1/spring/multimodal_project/data/images/996.jpg,10,10,7,0.162495,0,0.046538,0.025213,0.046962,0.026726,0.034581,0.11344,0.046053,0.162495,0.079328,0.090568,0.10625,0.061308,0.081378,0.079161
596.jpg,/mnt/data1/spring/multimodal_project/data/images/596.jpg,7,7,7,0.162495,1,0.046538,0.025213,0.046961,0.026726,0.034581,0.11344,0.046053,0.162495,0.079328,0.090568,0.10625,0.061308,0.081378,0.079161
831.jpg,/mnt/data1/spring/multimodal_project/data/images/831.jpg,9,9,7,0.162495,0,0.046538,0.025213,0.046961,0.026726,0.034581,0.113439,0.046053,0.162495,0.079328,0.090568,0.10625,0.061308,0.081378,0.079161
241.jpg,/mnt/data1/spring/multimodal_project/data/images/241.jpg,4,4,7,0.162495,0,0.046538,0.025213,0.046962,0.026726,0.034581,0.113439,0.046053,0.162495,0.079328,0.090568,0.10625,0.061308,0.081378,0.079161
363.jpg,/mnt/data1/spring/multimodal_project/data/images/363.jpg,5,5,7,0.162495,0,0.046538,0.025213,0.046962,0.026726,0.034581,0.11344,0.046053,0.162495,0.079328,0.090568,0.10625,0.061308,0.081378,0.079161
1090.jpg,/mnt/data1/spring/multimodal_project/data/images/1090.jpg,11,11,7,0.162495,0,0.046538,0.025213,0.046962,0.026726,0.034581,0.11344,0.046053,0.162495,0.079328,0.090568,0.10625,0.061308,0.081378,0.079161
1190.jpg,/mnt/data1/spring/multimodal_project/data/images/1190.jpg,12,12,7,0.162495,0,0.046538,0.025213,0.046962,0.026726,0.034581,0.113439,0.046053,0.162495,0.079328,0.090567,0.10625,0.061308,0.081378,0.079161
16.jpg,/mnt/data1/spring/multimodal_project/data/images/16.jpg,0,0,7,0.162495,0,0.046538,0.025213,0.046962,0.026726,0.034581,0.11344,0.046053,0.162495,0.079328,0.090568,0.10625,0.061308,0.081378,0.079161
827.jpg,/mnt/data1/spring/multimodal_project/data/images/827.jpg,9,9,7,0.162495,0,0.046538,0.025213,0.046961,0.026726,0.034581,0.113439,0.046053,0.162495,0.079328,0.090568,0.10625,0.061308,0.081378,0.079161
523.jpg,/mnt/data1/spring/multimodal_project/data/images/523.jpg,7,7,7,0.162495,1,0.046538,0.025213,0.046962,0.026726,0.034581,0.113439,0.046053,0.162495,0.079328,0.090568,0.10625,0.061308,0.081378,0.079161
985.jpg,/mnt/data1/spring/multimodal_project/data/images/985.jpg,10,10,7,0.162495,0,0.046538,0.025213,0.046962,0.026726,0.034581,0.11344,0.046053,0.162495,0.079328,0.090568,0.10625,0.061308,0.081378,0.079161
825.jpg,/mnt/data1/spring/multimodal_project/data/images/825.jpg,9,9,7,0.162495,0,0.046538,0.025213,0.046961,0.026726,0.034581,0.113439,0.046053,0.162495,0.079328,0.090568,0.10625,0.061308,0.081378,0.079161
83.jpg,/mnt/data1/spring/multimodal_project/data/images/83.jpg,1,1,7,0.162495,0,0.046538,0.025213,0.046962,0.026726,0.034581,0.113439,0.046053,0.162495,0.079328,0.090568,0.10625,0.061308,0.081378,0.079161
571.jpg,/mnt/data1/spring/multimodal_project/data/images/571.jpg,7,7,7,0.162495,1,0.046538,0.025213,0.046962,0.026726,0.034581,0.11344,0.046053,0.162495,0.079328,0.090568,0.10625,0.061308,0.081378,0.079161
928.jpg,/mnt/data1/spring/multimodal_project/data/images/928.jpg,9,9,7,0.162495,0,0.046538,0.025213,0.046961,0.026726,0.034581,0.11344,0.046053,0.162495,0.079328,0.090568,0.10625,0.061308,0.081378,0.079161
383.jpg,/mnt/data1/spring/multimodal_project/data/images/383.jpg,5,5,7,0.162495,0,0.046538,0.025213,0.046962,0.026726,0.034581,0.11344,0.046053,0.162495,0.079328,0.090568,0.10625,0.061308,0.081378,0.079161
581.jpg,/mnt/data1/spring/multimodal_project/data/images/581.jpg,7,7,7,0.162495,1,0.046538,0.025213,0.046962,0.026726,0.034581,0.11344,0.046053,0.162495,0.079328,0.090568,0.10625,0.061308,0.081378,0.079161
1355.jpg,/mnt/data1/spring/multimodal_project/data/images/1355.jpg,13,13,7,0.162495,0,0.046538,0.025213,0.046961,0.026726,0.034581,0.113439,0.046053,0.162495,0.079328,0.090568,0.10625,0.061308,0.081378,0.079161
1316.jpg,/mnt/data1/spring/multimodal_project/data/images/1316.jpg,13,13,7,0.162495,0,0.046538,0.025213,0.046961,0.026726,0.034581,0.113439,0.046053,0.162495,0.079328,0.090568,0.10625,0.061308,0.081378,0.079161
497.jpg,/mnt/data1/spring/multimodal_project/data/images/497.jpg,7,7,7,0.162496,1,0.046538,0.025213,0.046961,0.026726,0.034581,0.113439,0.046053,0.162496,0.079328,0.090568,0.10625,0.061308,0.081378,0.079162
113.jpg,/mnt/data1/spring/multimodal_project/data/images/113.jpg,2,2,7,0.162495,0,0.046538,0.025213,0.046961,0.026726,0.034581,0.113439,0.046053,0.162495,0.079328,0.090568,0.10625,0.061308,0.081378,0.079161
530.jpg,/mnt/data1/spring/multimodal_project/data/images/530.jpg,7,7,7,0.162495,1,0.046538,0.025213,0.046962,0.026726,0.034581,0.11344,0.046053,0.162495,0.079328,0.090568,0.10625,0.061308,0.081378,0.079161
834.jpg,/mnt/data1/spring/multimodal_project/data/images/834.jpg,9,9,7,0.162495,0,0.046538,0.025213,0.046961,0.026726,0.034581,0.113439,0.046053,0.162495,0.079328,0.090568,0.10625,0.061308,0.081378,0.079161
1154.jpg,/mnt/data1/spring/multimodal_project/data/images/1154.jpg,11,11,7,0.162495,0,0.046538,0.025213,0.046962,0.026726,0.034581,0.113439,0.046053,0.162495,0.079328,0.090568,0.10625,0.061308,0.081378,0.079161
193.jpg,/mnt/data1/spring/multimodal_project/data/images/193.jpg,3,3,7,0.162495,0,0.046538,0.025213,0.046961,0.026726,0.034581,0.11344,0.046053,0.162495,0.079328,0.090567,0.10625,0.061308,0.081378,0.079161
245.jpg,/mnt/data1/spring/multimodal_project/data/images/245.jpg,4,4,7,0.162495,0,0.046538,0.025213,0.046962,0.026726,0.034581,0.11344,0.046053,0.162495,0.079328,0.090568,0.10625,0.061308,0.081378,0.079161
881.jpg,/mnt/data1/spring/multimodal_project/data/images/881.jpg,9,9,7,0.162495,0,0.046538,0.025213,0.046962,0.026726,0.034581,0.113439,0.046053,0.162495,0.079328,0.090568,0.10625,0.061308,0.081378,0.079161
1054.jpg,/mnt/data1/spring/multimodal_project/data/images/1054.jpg,10,10,7,0.162495,0,0.046538,0.025213,0.046962,0.026726,0.034581,0.11344,0.046053,0.162495,0.079328,0.090568,0.10625,0.061308,0.081378,0.079161
639.jpg,/mnt/data1/spring/multimodal_project/data/images/639.jpg,7,7,7,0.162495,1,0.046538,0.025213,0.046962,0.026726,0.034581,0.11344,0.046053,0.162495,0.079328,0.090568,0.10625,0.061308,0.081378,0.079161
608.jpg,/mnt/data1/spring/multimodal_project/data/images/608.jpg,7,7,7,0.162495,1,0.046538,0.025213,0.046961,0.026726,0.034581,0.113439,0.046053,0.162495,0.079328,0.090568,0.10625,0.061308,0.081378,0.079161
904.jpg,/mnt/data1/spring/multimodal_project/data/images/904.jpg,9,9,7,0.162495,0,0.046538,0.025213,0.046961,0.026726,0.034581,0.113439,0.046053,0.162495,0.079328,0.090568,0.10625,0.061308,0.081378,0.079161
746.jpg,/mnt/data1/spring/multimodal_project/data/images/746.jpg,8,8,7,0.162495,0,0.046538,0.025213,0.046961,0.026726,0.034581,0.113439,0.046053,0.162495,0.079328,0.090568,0.10625,0.061308,0.081378,0.079161
1003.jpg,/mnt/data1/spring/multimodal_project/data/images/1003.jpg,10,10,7,0.162495,0,0.046538,0.025213,0.046962,0.026726,0.034581,0.113439,0.046053,0.162495,0.079328,0.090568,0.10625,0.061308,0.081378,0.079161
775.jpg,/mnt/data1/spring/multimodal_project/data/images/775.jpg,8,8,7,0.162495,0,0.046538,0.025213,0.046961,0.026726,0.034581,0.113439,0.046053,0.162495,0.079328,0.090568,0.10625,0.061308,0.081378,0.079161
751.jpg,/mnt/data1/spring/multimodal_project/data/images/751.jpg,8,8,7,0.162495,0,0.046538,0.025213,0.046961,0.026726,0.034581,0.113439,0.046053,0.162495,0.079328,0.090568,0.10625,0.061308,0.081378,0.079161
1389.jpg,/mnt/data1/spring/multimodal_project/data/images/1389.jpg,13,13,7,0.162495,0,0.046538,0.025213,0.046962,0.026726,0.034581,0.113439,0.046053,0.162495,0.079328,0.090568,0.10625,0.061308,0.081378,0.079161
769.jpg,/mnt/data1/spring/multimodal_project/data/images/769.jpg,8,8,7,0.162495,0,0.046538,0.025213,0.046961,0.026726,0.034581,0.113439,0.046053,0.162495,0.079328,0.090568,0.10625,0.061308,0.081378,0.079161
752.jpg,/mnt/data1/spring/multimodal_project/data/images/752.jpg,8,8,7,0.162495,0,0.046538,0.025213,0.046961,0.026726,0.034581,0.113439,0.046053,0.162495,0.079328,0.090568,0.10625,0.061308,0.081378,0.079161
1108.jpg,/mnt/data1/spring/multimodal_project/data/images/1108.jpg,11,11,7,0.162495,0,0.046538,0.025213,0.046961,0.026726,0.034581,0.113439,0.046053,0.162495,0.079328,0.090568,0.10625,0.061308,0.081378,0.079161
804.jpg,/mnt/data1/spring/multimodal_project/data/images/804.jpg,8,8,7,0.162495,0,0.046538,0.025213,0.046962,0.026726,0.034581,0.113439,0.046053,0.162495,0.079328,0.090568,0.10625,0.061308,0.081378,0.079161
235.jpg,/mnt/data1/spring/multimodal_project/data/images/235.jpg,4,4,7,0.162495,0,0.046538,0.025213,0.046962,0.026726,0.034581,0.113439,0.046053,0.162495,0.079328,0.090568,0.10625,0.061308,0.081378,0.079161
1370.jpg,/mnt/data1/spring/multimodal_project/data/images/1370.jpg,13,13,7,0.162495,0,0.046538,0.025213,0.046962,0.026726,0.034581,0.11344,0.046053,0.162495,0.079328,0.090568,0.10625,0.061308,0.081378,0.079161
595.jpg,/mnt/data1/spring/multimodal_project/data/images/595.jpg,7,7,7,0.162495,1,0.046538,0.025213,0.046962,0.026726,0.034581,0.113439,0.046053,0.162495,0.079328,0.090568,0.10625,0.061308,0.081378,0.079161
123.jpg,/mnt/data1/spring/multimodal_project/data/images/123.jpg,2,2,7,0.162495,0,0.046538,0.025213,0.046961,0.026726,0.034581,0.113439,0.046053,0.162495,0.079328,0.090568,0.10625,0.061308,0.081378,0.079161
1283.jpg,/mnt/data1/spring/multimodal_project/data/images/1283.jpg,12,12,7,0.162495,0,0.046538,0.025213,0.046962,0.026726,0.034581,0.113439,0.046053,0.162495,0.079328,0.090568,0.10625,0.061308,0.081378,0.079161
218.jpg,/mnt/data1/spring/multimodal_project/data/images/218.jpg,4,4,7,0.162495,0,0.046538,0.025213,0.046962,0.026726,0.034581,0.113439,0.046053,0.162495,0.079328,0.090568,0.10625,0.061308,0.081378,0.079161
440.jpg,/mnt/data1/spring/multimodal_project/data/images/440.jpg,6,6,7,0.162495,0,0.046538,0.025213,0.046962,0.026726,0.034581,0.113439,0.046053,0.162495,0.079328,0.090568,0.10625,0.061308,0.081378,0.079161
739.jpg,/mnt/data1/spring/multimodal_project/data/images/739.jpg,8,8,7,0.162495,0,0.046538,0.025213,0.046961,0.026726,0.034581,0.113439,0.046053,0.162495,0.079328,0.090568,0.10625,0.061308,0.081378,0.079161
1065.jpg,/mnt/data1/spring/multimodal_project/data/images/1065.jpg,10,10,7,0.162495,0,0.046538,0.025213,0.046962,0.026726,0.034581,0.11344,0.046053,0.162495,0.079328,0.090568,0.10625,0.061308,0.081378,0.079161
795.jpg,/mnt/data1/spring/multimodal_project/data/images/795.jpg,8,8,7,0.162495,0,0.046538,0.025213,0.046961,0.026726,0.034581,0.113439,0.046053,0.162495,0.079328,0.090568,0.10625,0.061308,0.081378,0.079161
645.jpg,/mnt/data1/spring/multimodal_project/data/images/645.jpg,7,7,7,0.162495,1,0.046538,0.025213,0.046962,0.026726,0.034581,0.11344,0.046053,0.162495,0.079328,0.090568,0.10625,0.061308,0.081378,0.079161
1236.jpg,/mnt/data1/spring/multimodal_project/data/images/1236.jpg,12,12,7,0.162495,0,0.046538,0.025213,0.046961,0.026726,0.034581,0.11344,0.046053,0.162495,0.079328,0.090568,0.10625,0.061308,0.081378,0.079161
326.jpg,/mnt/data1/spring/multimodal_project/data/images/326.jpg,5,5,7,0.162495,0,0.046538,0.025213,0.046962,0.026726,0.034581,0.11344,0.046053,0.162495,0.079328,0.090568,0.10625,0.061308,0.081378,0.079161
978.jpg,/mnt/data1/spring/multimodal_project/data/images/978.jpg,10,10,7,0.162495,0,0.046538,0.025213,0.046962,0.026726,0.034581,0.11344,0.046053,0.162495,0.079328,0.090568,0.10625,0.061308,0.081378,0.079161
674.jpg,/mnt/data1/spring/multimodal_project/data/images/674.jpg,7,7,7,0.162495,1,0.046538,0.025213,0.046962,0.026726,0.034581,0.11344,0.046053,0.162495,0.079328,0.090568,0.10625,0.061308,0.081378,0.079161
391.jpg,/mnt/data1/spring/multimodal_project/data/images/391.jpg,5,5,7,0.162495,0,0.046538,0.025213,0.046962,0.026726,0.034581,0.11344,0.046053,0.162495,0.079328,0.090568,0.10625,0.061308,0.081378,0.079161
272.jpg,/mnt/data1/spring/multimodal_project/data/images/272.jpg,5,5,7,0.162495,0,0.046538,0.025213,0.046962,0.026726,0.034581,0.11344,0.046053,0.162495,0.079328,0.090568,0.10625,0.061308,0.081378,0.079161
1111.jpg,/mnt/data1/spring/multimodal_project/data/images/1111.jpg,11,11,7,0.162495,0,0.046538,0.025213,0.046961,0.026726,0.034581,0.113439,0.046053,0.162495,0.079328,0.090568,0.10625,0.061308,0.081378,0.079161
678.jpg,/mnt/data1/spring/multimodal_project/data/images/678.jpg,7,7,7,0.162495,1,0.046538,0.025213,0.046962,0.026726,0.034581,0.11344,0.046053,0.162495,0.079328,0.090568,0.10625,0.061308,0.081378,0.079161
677.jpg,/mnt/data1/spring/multimodal_project/data/images/677.jpg,7,7,7,0.162495,1,0.046538,0.025213,0.046961,0.026726,0.034581,0.113439,0.046053,0.162495,0.079328,0.090568,0.10625,0.061308,0.081378,0.079161
1307.jpg,/mnt/data1/spring/multimodal_project/data/images/1307.jpg,13,13,7,0.162495,0,0.046538,0.025213,0.046961,0.026726,0.034581,0.113439,0.046053,0.162495,0.079328,0.090568,0.10625,0.061308,0.081378,0.079161
96.jpg,/mnt/data1/spring/multimodal_project/data/images/96.jpg,1,1,7,0.162495,0,0.046538,0.025213,0.046962,0.026726,0.034581,0.113439,0.046053,0.162495,0.079328,0.090568,0.10625,0.061308,0.081378,0.079161
1136.jpg,/mnt/data1/spring/multimodal_project/data/images/1136.jpg,11,11,7,0.162495,0,0.046538,0.025213,0.046961,0.026726,0.034581,0.113439,0.046053,0.162495,0.079328,0.090568,0.10625,0.061308,0.081378,0.079161
261.jpg,/mnt/data1/spring/multimodal_project/data/images/261.jpg,5,5,7,0.162495,0,0.046538,0.025213,0.046962,0.026726,0.034581,0.11344,0.046053,0.162495,0.079328,0.090568,0.10625,0.061308,0.081378,0.079161
824.jpg,/mnt/data1/spring/multimodal_project/data/images/824.jpg,9,9,7,0.162495,0,0.046538,0.025213,0.046961,0.026726,0.034581,0.113439,0.046053,0.162495,0.079328,0.090568,0.10625,0.061308,0.081378,0.079161
922.jpg,/mnt/data1/spring/multimodal_project/data/images/922.jpg,9,9,7,0.162495,0,0.046538,0.025213,0.046962,0.026726,0.034581,0.113439,0.046053,0.162495,0.079328,0.090568,0.10625,0.061308,0.081378,0.079161
381.jpg,/mnt/data1/spring/multimodal_project/data/images/381.jpg,5,5,7,0.162495,0,0.046538,0.025213,0.046962,0.026726,0.034581,0.11344,0.046053,0.162495,0.079328,0.090568,0.10625,0.061308,0.081378,0.079161
848.jpg,/mnt/data1/spring/multimodal_project/data/images/848.jpg,9,9,7,0.162495,0,0.046538,0.025213,0.046962,0.026726,0.034581,0.11344,0.046053,0.162495,0.079328,0.090568,0.10625,0.061308,0.081378,0.079161
941.jpg,/mnt/data1/spring/multimodal_project/data/images/941.jpg,10,10,7,0.162495,0,0.046538,0.025213,0.046962,0.026726,0.034581,0.11344,0.046053,0.162495,0.079328,0.090568,0.10625,0.061308,0.081378,0.079161
559.jpg,/mnt/data1/spring/multimodal_project/data/images/559.jpg,7,7,7,0.162495,1,0.046538,0.025213,0.046962,0.026726,0.034581,0.11344,0.046053,0.162495,0.079328,0.090568,0.10625,0.061308,0.081378,0.079161
1300.jpg,/mnt/data1/spring/multimodal_project/data/images/1300.jpg,13,13,7,0.162495,0,0.046538,0.025213,0.046961,0.026726,0.034581,0.113439,0.046053,0.162495,0.079328,0.090568,0.10625,0.061308,0.081378,0.079161
1056.jpg,/mnt/data1/spring/multimodal_project/data/images/1056.jpg,10,10,7,0.162495,0,0.046538,0.025213,0.046962,0.026726,0.034581,0.11344,0.046053,0.162495,0.079328,0.090568,0.10625,0.061308,0.081378,0.079161
1363.jpg,/mnt/data1/spring/multimodal_project/data/images/1363.jpg,13,13,7,0.162495,0,0.046538,0.025213,0.046962,0.026726,0.034581,0.113439,0.046053,0.162495,0.079328,0.090568,0.10625,0.061308,0.081378,0.079161
910.jpg,/mnt/data1/spring/multimodal_project/data/images/910.jpg,9,9,7,0.162495,0,0.046538,0.025213,0.046961,0.026726,0.034581,0.113439,0.046053,0.162495,0.079328,0.090568,0.10625,0.061308,0.081378,0.079161
106.jpg,/mnt/data1/spring/multimodal_project/data/images/106.jpg,2,2,7,0.162495,0,0.046538,0.025213,0.046961,0.026726,0.034581,0.113439,0.046053,0.162495,0.079328,0.090568,0.10625,0.061308,0.081378,0.079161
1335.jpg,/mnt/data1/spring/multimodal_project/data/images/1335.jpg,13,13,7,0.162495,0,0.046538,0.025213,0.046962,0.026726,0.034581,0.11344,0.046053,0.162495,0.079328,0.090568,0.10625,0.061308,0.081378,0.079161
633.jpg,/mnt/data1/spring/multimodal_project/data/images/633.jpg,7,7,7,0.162495,1,0.046538,0.025213,0.046962,0.026726,0.034581,0.11344,0.046053,0.162495,0.079328,0.090568,0.10625,0.061308,0.081378,0.079161
263.jpg,/mnt/data1/spring/multimodal_project/data/images/263.jpg,5,5,7,0.162495,0,0.046538,0.025213,0.046962,0.026726,0.034581,0.11344,0.046053,0.162495,0.079328,0.090568,0.10625,0.061308,0.081378,0.079161
624.jpg,/mnt/data1/spring/multimodal_project/data/images/624.jpg,7,7,7,0.162495,1,0.046538,0.025213,0.046962,0.026726,0.034581,0.11344,0.046053,0.162495,0.079328,0.090568,0.10625,0.061308,0.081378,0.079161
35.jpg,/mnt/data1/spring/multimodal_project/data/images/35.jpg,0,0,7,0.162495,0,0.046538,0.025213,0.046962,0.026726,0.034581,0.113439,0.046053,0.162495,0.079328,0.090568,0.10625,0.061308,0.081378,0.079161
1197.jpg,/mnt/data1/spring/multimodal_project/data/images/1197.jpg,12,12,7,0.162495,0,0.046538,0.025213,0.046962,0.026726,0.034581,0.113439,0.046053,0.162495,0.079328,0.090567,0.10625,0.061308,0.081378,0.079161
937.jpg,/mnt/data1/spring/multimodal_project/data/images/937.jpg,9,9,7,0.162495,0,0.046538,0.025213,0.046962,0.026726,0.034581,0.113439,0.046053,0.162495,0.079328,0.090568,0.10625,0.061308,0.081378,0.079161
621.jpg,/mnt/data1/spring/multimodal_project/data/images/621.jpg,7,7,7,0.162495,1,0.046538,0.025213,0.046962,0.026726,0.034581,0.11344,0.046053,0.162495,0.079328,0.090568,0.10625,0.061308,0.081378,0.079161
143.jpg,/mnt/data1/spring/multimodal_project/data/images/143.jpg,2,2,7,0.162495,0,0.046538,0.025213,0.046961,0.026726,0.034581,0.113439,0.046053,0.162495,0.079328,0.090568,0.10625,0.061308,0.081378,0.079161
1223.jpg,/mnt/data1/spring/multimodal_project/data/images/1223.jpg,12,12,7,0.162495,0,0.046538,0.025213,0.046961,0.026726,0.034581,0.113439,0.046053,0.162495,0.079328,0.090568,0.10625,0.061308,0.081378,0.079161
431.jpg,/mnt/data1/spring/multimodal_project/data/images/431.jpg,6,6,7,0.162495,0,0.046538,0.025213,0.046962,0.026726,0.034581,0.113439,0.046053,0.162495,0.079328,0.090568,0.10625,0.061308,0.081378,0.079161
226.jpg,/mnt/data1/spring/multimodal_project/data/images/226.jpg,4,4,7,0.162495,0,0.046538,0.025213,0.046962,0.026726,0.034581,0.113439,0.046053,0.162495,0.079328,0.090568,0.10625,0.061308,0.081378,0.079161
925.jpg,/mnt/data1/spring/multimodal_project/data/images/925.jpg,9,9,7,0.162495,0,0.046538,0.025213,0.046962,0.026726,0.034581,0.113439,0.046053,0.162495,0.079328,0.090568,0.10625,0.061308,0.081378,0.079161
103.jpg,/mnt/data1/spring/multimodal_project/data/images/103.jpg,2,2,7,0.162495,0,0.046538,0.025213,0.046961,0.026726,0.034581,0.113439,0.046053,0.162495,0.079328,0.090568,0.10625,0.061308,0.081378,0.079161
1274.jpg,/mnt/data1/spring/multimodal_project/data/images/1274.jpg,12,12,7,0.162495,0,0.046538,0.025213,0.046962,0.026726,0.034581,0.113439,0.046053,0.162495,0.079328,0.090568,0.10625,0.061308,0.081378,0.079161
929.jpg,/mnt/data1/spring/multimodal_project/data/images/929.jpg,9,9,7,0.162496,0,0.046538,0.025213,0.046961,0.026726,0.034581,0.11344,0.046053,0.162496,0.079328,0.090568,0.10625,0.061308,0.081378,0.079161
24.jpg,/mnt/data1/spring/multimodal_project/data/images/24.jpg,0,0,7,0.162495,0,0.046538,0.025213,0.046962,0.026726,0.034581,0.11344,0.046053,0.162495,0.079328,0.090568,0.10625,0.061308,0.081378,0.079161
715.jpg,/mnt/data1/spring/multimodal_project/data/images/715.jpg,8,8,7,0.162495,0,0.046538,0.025213,0.046961,0.026726,0.034581,0.113439,0.046053,0.162495,0.079328,0.090568,0.10625,0.061308,0.081378,0.079161
1036.jpg,/mnt/data1/spring/multimodal_project/data/images/1036.jpg,10,10,7,0.162495,0,0.046538,0.025213,0.046962,0.026726,0.034581,0.11344,0.046053,0.162495,0.079328,0.090568,0.10625,0.061308,0.081378,0.079161
1271.jpg,/mnt/data1/spring/multimodal_project/data/images/1271.jpg,12,12,7,0.162495,0,0.046538,0.025213,0.046961,0.026726,0.034581,0.11344,0.046053,0.162495,0.079328,0.090568,0.10625,0.061308,0.081378,0.079161
896.jpg,/mnt/data1/spring/multimodal_project/data/images/896.jpg,9,9,7,0.162495,0,0.046538,0.025213,0.046961,0.026726,0.034581,0.113439,0.046053,0.162495,0.079328,0.090568,0.10625,0.061308,0.081378,0.079161
528.jpg,/mnt/data1/spring/multimodal_project/data/images/528.jpg,7,7,7,0.162495,1,0.046538,0.025213,0.046962,0.026726,0.034581,0.11344,0.046053,0.162495,0.079328,0.090568,0.10625,0.061308,0.081378,0.079161
314.jpg,/mnt/data1/spring/multimodal_project/data/images/314.jpg,5,5,7,0.162495,0,0.046538,0.025213,0.046962,0.026726,0.034581,0.11344,0.046053,0.162495,0.079328,0.090568,0.10625,0.061308,0.081378,0.079161
206.jpg,/mnt/data1/spring/multimodal_project/data/images/206.jpg,4,4,7,0.162495,0,0.046538,0.025213,0.046962,0.026726,0.034581,0.113439,0.046053,0.162495,0.079328,0.090568,0.10625,0.061308,0.081378,0.079161
155.jpg,/mnt/data1/spring/multimodal_project/data/images/155.jpg,2,2,7,0.162495,0,0.046538,0.025213,0.046961,0.026726,0.034581,0.113439,0.046053,0.162495,0.079328,0.090568,0.10625,0.061308,0.081378,0.079161
662.jpg,/mnt/data1/spring/multimodal_project/data/images/662.jpg,7,7,7,0.162495,1,0.046538,0.025213,0.046962,0.026726,0.034581,0.11344,0.046053,0.162495,0.079328,0.090568,0.10625,0.061308,0.081378,0.079161
10.jpg,/mnt/data1/spring/multimodal_project/data/images/10.jpg,0,0,7,0.162495,0,0.046538,0.025213,0.046962,0.026726,0.034581,0.113439,0.046053,0.162495,0.079328,0.090568,0.10625,0.061308,0.081378,0.079161
635.jpg,/mnt/data1/spring/multimodal_project/data/images/635.jpg,7,7,7,0.162495,1,0.046538,0.025213,0.046962,0.026726,0.034581,0.11344,0.046053,0.162495,0.079328,0.090568,0.10625,0.061308,0.081378,0.079161
214.jpg,/mnt/data1/spring/multimodal_project/data/images/214.jpg,4,4,7,0.162495,0,0.046538,0.025213,0.046962,0.026726,0.034581,0.113439,0.046053,0.162495,0.079328,0.090568,0.10625,0.061308,0.081378,0.079161
1279.jpg,/mnt/data1/spring/multimodal_project/data/images/1279.jpg,12,12,7,0.162495,0,0.046538,0.025213,0.046962,0.026726,0.034581,0.11344,0.046053,0.162495,0.079328,0.090568,0.10625,0.061308,0.081378,0.079161
1384.jpg,/mnt/data1/spring/multimodal_project/data/images/1384.jpg,13,13,7,0.162495,0,0.046538,0.025213,0.046961,0.026726,0.034581,0.113439,0.046053,0.162495,0.079328,0.090568,0.10625,0.061308,0.081378,0.079161
992.jpg,/mnt/data1/spring/multimodal_project/data/images/992.jpg,10,10,7,0.162495,0,0.046538,0.025213,0.046962,0.026726,0.034581,0.11344,0.046053,0.162495,0.079328,0.090568,0.10625,0.061308,0.081378,0.079161
843.jpg,/mnt/data1/spring/multimodal_project/data/images/843.jpg,9,9,7,0.162495,0,0.046538,0.025213,0.046962,0.026726,0.034581,0.113439,0.046053,0.162495,0.079328,0.090568,0.10625,0.061308,0.081378,0.079161
670.jpg,/mnt/data1/spring/multimodal_project/data/images/670.jpg,7,7,7,0.162495,1,0.046538,0.025213,0.046962,0.026726,0.034581,0.11344,0.046053,0.162495,0.079328,0.090568,0.10625,0.061308,0.081378,0.079161
407.jpg,/mnt/data1/spring/multimodal_project/data/images/407.jpg,5,5,7,0.162495,0,0.046538,0.025213,0.046961,0.026726,0.034581,0.113439,0.046053,0.162495,0.079328,0.090567,0.10625,0.061308,0.081378,0.079161
855.jpg,/mnt/data1/spring/multimodal_project/data/images/855.jpg,9,9,7,0.162495,0,0.046538,0.025213,0.046962,0.026726,0.034581,0.113439,0.046053,0.162495,0.079328,0.090568,0.10625,0.061308,0.081378,0.079161
1145.jpg,/mnt/data1/spring/multimodal_project/data/images/1145.jpg,11,11,7,0.162495,0,0.046538,0.025213,0.046962,0.026726,0.034581,0.113439,0.046053,0.162495,0.079328,0.090568,0.10625,0.061308,0.081378,0.079161
502.jpg,/mnt/data1/spring/multimodal_project/data/images/502.jpg,7,7,7,0.162495,1,0.046538,0.025213,0.046962,0.026726,0.034581,0.113439,0.046053,0.162495,0.079328,0.090568,0.10625,0.061308,0.081378,0.079161
1202.jpg,/mnt/data1/spring/multimodal_project/data/images/1202.jpg,12,12,7,0.162495,0,0.046538,0.025213,0.046962,0.026726,0.034581,0.113439,0.046053,0.162495,0.079328,0.090567,0.10625,0.061308,0.081378,0.079161
580.jpg,/mnt/data1/spring/multimodal_project/data/images/580.jpg,7,7,7,0.162495,1,0.046538,0.025213,0.046962,0.026726,0.034581,0.11344,0.046053,0.162495,0.079328,0.090568,0.10625,0.061308,0.081378,0.079161
117.jpg,/mnt/data1/spring/multimodal_project/data/images/117.jpg,2,2,7,0.162495,0,0.046538,0.025213,0.046961,0.026726,0.034581,0.113439,0.046053,0.162495,0.079328,0.090568,0.10625,0.061308,0.081378,0.079161
364.jpg,/mnt/data1/spring/multimodal_project/data/images/364.jpg,5,5,7,0.162495,0,0.046538,0.025213,0.046962,0.026726,0.034581,0.11344,0.046053,0.162495,0.079328,0.090568,0.10625,0.061308,0.081378,0.079161
747.jpg,/mnt/data1/spring/multimodal_project/data/images/747.jpg,8,8,7,0.162495,0,0.046538,0.025213,0.046961,0.026726,0.034581,0.113439,0.046053,0.162495,0.079328,0.090568,0.10625,0.061308,0.081378,0.079161
543.jpg,/mnt/data1/spring/multimodal_project/data/images/543.jpg,7,7,7,0.162495,1,0.046538,0.025213,0.046962,0.026726,0.034581,0.11344,0.046053,0.162495,0.079328,0.090568,0.10625,0.061308,0.081378,0.079161
912.jpg,/mnt/data1/spring/multimodal_project/data/images/912.jpg,9,9,7,0.162495,0,0.046538,0.025213,0.046961,0.026726,0.034581,0.113439,0.046053,0.162495,0.079328,0.090568,0.10625,0.061308,0.081378,0.079161
160.jpg,/mnt/data1/spring/multimodal_project/data/images/160.jpg,2,2,7,0.162495,0,0.046538,0.025213,0.046961,0.026726,0.034581,0.113439,0.046053,0.162495,0.079328,0.090568,0.10625,0.061308,0.081378,0.079161
691.jpg,/mnt/data1/spring/multimodal_project/data/images/691.jpg,7,7,7,0.162495,1,0.046538,0.025213,0.046962,0.026726,0.034581,0.11344,0.046053,0.162495,0.079328,0.090568,0.10625,0.061308,0.081378,0.079161
905.jpg,/mnt/data1/spring/multimodal_project/data/images/905.jpg,9,9,7,0.162495,0,0.046538,0.025213,0.046961,0.026726,0.034581,0.113439,0.046053,0.162495,0.079328,0.090568,0.10625,0.061308,0.081378,0.079161
238.jpg,/mnt/data1/spring/multimodal_project/data/images/238.jpg,4,4,7,0.162495,0,0.046538,0.025213,0.046962,0.026726,0.034581,0.113439,0.046053,0.162495,0.079328,0.090568,0.10625,0.061308,0.081378,0.079161
1189.jpg,/mnt/data1/spring/multimodal_project/data/images/1189.jpg,12,12,7,0.162495,0,0.046538,0.025213,0.046962,0.026726,0.034581,0.113439,0.046053,0.162495,0.079328,0.090567,0.10625,0.061308,0.081378,0.079161
1352.jpg,/mnt/data1/spring/multimodal_project/data/images/1352.jpg,13,13,7,0.162495,0,0.046538,0.025213,0.046962,0.026726,0.034581,0.11344,0.046053,0.162495,0.079328,0.090568,0.10625,0.061308,0.081378,0.079161
567.jpg,/mnt/data1/spring/multimodal_project/data/images/567.jpg,7,7,7,0.162495,1,0.046538,0.025213,0.046962,0.026726,0.034581,0.11344,0.046053,0.162495,0.079328,0.090568,0.10625,0.061308,0.081378,0.079161
360.jpg,/mnt/data1/spring/multimodal_project/data/images/360.jpg,5,5,7,0.162495,0,0.046538,0.025213,0.046962,0.026726,0.034581,0.11344,0.046053,0.162495,0.079328,0.090568,0.10625,0.061308,0.081378,0.079161
333.jpg,/mnt/data1/spring/multimodal_project/data/images/333.jpg,5,5,7,0.162495,0,0.046538,0.025213,0.046962,0.026726,0.034581,0.11344,0.046053,0.162495,0.079328,0.090568,0.10625,0.061308,0.081378,0.079161
1080.jpg,/mnt/data1/spring/multimodal_project/data/images/1080.jpg,10,10,7,0.162495,0,0.046538,0.025213,0.046961,0.026726,0.034581,0.113439,0.046053,0.162495,0.079328,0.090568,0.10625,0.061308,0.081378,0.079161
172.jpg,/mnt/data1/spring/multimodal_project/data/images/172.jpg,3,3,7,0.162496,0,0.046538,0.025213,0.046961,0.026726,0.034581,0.113439,0.046053,0.162496,0.079328,0.090567,0.10625,0.061308,0.081378,0.079161
735.jpg,/mnt/data1/spring/multimodal_project/data/images/735.jpg,8,8,7,0.162495,0,0.046538,0.025213,0.046961,0.026726,0.034581,0.113439,0.046053,0.162495,0.079328,0.090568,0.10625,0.061308,0.081378,0.079161
409.jpg,/mnt/data1/spring/multimodal_project/data/images/409.jpg,5,5,7,0.162495,0,0.046538,0.025213,0.046961,0.026726,0.034581,0.11344,0.046053,0.162495,0.079328,0.090568,0.10625,0.061308,0.081378,0.079161
647.jpg,/mnt/data1/spring/multimodal_project/data/images/647.jpg,7,7,7,0.162495,1,0.046538,0.025213,0.046962,0.026726,0.034581,0.11344,0.046053,0.162495,0.079328,0.090568,0.10625,0.061308,0.081378,0.079161
297.jpg,/mnt/data1/spring/multimodal_project/data/images/297.jpg,5,5,7,0.162495,0,0.046538,0.025213,0.046962,0.026726,0.034581,0.11344,0.046053,0.162495,0.079328,0.090568,0.10625,0.061308,0.081378,0.079161
1174.jpg,/mnt/data1/spring/multimodal_project/data/images/1174.jpg,12,12,7,0.162495,0,0.046538,0.025213,0.046962,0.026726,0.034581,0.113439,0.046053,0.162495,0.079328,0.090567,0.10625,0.061308,0.081378,0.079161
311.jpg,/mnt/data1/spring/multimodal_project/data/images/311.jpg,5,5,7,0.162495,0,0.046538,0.025213,0.046962,0.026726,0.034581,0.11344,0.046053,0.162495,0.079328,0.090568,0.10625,0.061308,0.081378,0.079161
456.jpg,/mnt/data1/spring/multimodal_project/data/images/456.jpg,6,6,7,0.162495,0,0.046538,0.025213,0.046962,0.026726,0.034581,0.113439,0.046053,0.162495,0.079328,0.090568,0.10625,0.061308,0.081378,0.079161
246.jpg,/mnt/data1/spring/multimodal_project/data/images/246.jpg,4,4,7,0.162495,0,0.046538,0.025213,0.046961,0.026726,0.034581,0.113439,0.046053,0.162495,0.079328,0.090568,0.10625,0.061308,0.081378,0.079161
190.jpg,/mnt/data1/spring/multimodal_project/data/images/190.jpg,3,3,7,0.162495,0,0.046538,0.025213,0.046961,0.026726,0.034581,0.113439,0.046053,0.162495,0.079328,0.090568,0.10625,0.061308,0.081378,0.079161
714.jpg,/mnt/data1/spring/multimodal_project/data/images/714.jpg,8,8,7,0.162495,0,0.046538,0.025213,0.046961,0.026726,0.034581,0.113439,0.046053,0.162495,0.079328,0.090568,0.10625,0.061308,0.081378,0.079161
112.jpg,/mnt/data1/spring/multimodal_project/data/images/112.jpg,2,2,7,0.162495,0,0.046538,0.025213,0.046961,0.026726,0.034581,0.113439,0.046053,0.162495,0.079328,0.090568,0.10625,0.061308,0.081378,0.079161
538.jpg,/mnt/data1/spring/multimodal_project/data/images/538.jpg,7,7,7,0.162495,1,0.046538,0.025213,0.046962,0.026726,0.034581,0.11344,0.046053,0.162495,0.079328,0.090568,0.10625,0.061308,0.081378,0.079161
68.jpg,/mnt/data1/spring/multimodal_project/data/images/68.jpg,1,1,7,0.162495,0,0.046538,0.025213,0.046961,0.026726,0.034581,0.113439,0.046053,0.162495,0.079328,0.090568,0.10625,0.061308,0.081378,0.079161
1378.jpg,/mnt/data1/spring/multimodal_project/data/images/1378.jpg,13,13,7,0.162495,0,0.046538,0.025213,0.046962,0.026726,0.034581,0.113439,0.046053,0.162495,0.079328,0.090568,0.10625,0.061308,0.081378,0.079161
88.jpg,/mnt/data1/spring/multimodal_project/data/images/88.jpg,1,1,7,0.162495,0,0.046538,0.025213,0.046962,0.026726,0.034581,0.113439,0.046053,0.162495,0.079328,0.090567,0.10625,0.061308,0.081378,0.079161
558.jpg,/mnt/data1/spring/multimodal_project/data/images/558.jpg,7,7,7,0.162495,1,0.046538,0.025213,0.046962,0.026726,0.034581,0.11344,0.046053,0.162495,0.079328,0.090568,0.10625,0.061308,0.081378,0.079161
998.jpg,/mnt/data1/spring/multimodal_project/data/images/998.jpg,10,10,7,0.162495,0,0.046538,0.025213,0.046962,0.026726,0.034581,0.113439,0.046053,0.162495,0.079328,0.090568,0.10625,0.061308,0.081378,0.079161
997.jpg,/mnt/data1/spring/multimodal_project/data/images/997.jpg,10,10,7,0.162495,0,0.046538,0.025213,0.046962,0.026726,0.034581,0.11344,0.046053,0.162495,0.079328,0.090568,0.10625,0.061308,0.081378,0.079161
327.jpg,/mnt/data1/spring/multimodal_project/data/images/327.jpg,5,5,7,0.162495,0,0.046538,0.025213,0.046962,0.026726,0.034581,0.11344,0.046053,0.162495,0.079328,0.090568,0.10625,0.061308,0.081378,0.079161
909.jpg,/mnt/data1/spring/multimodal_project/data/images/909.jpg,9,9,7,0.162495,0,0.046538,0.025213,0.046961,0.026726,0.034581,0.113439,0.046053,0.162495,0.079328,0.090568,0.10625,0.061308,0.081378,0.079161
1318.jpg,/mnt/data1/spring/multimodal_project/data/images/1318.jpg,13,13,7,0.162495,0,0.046538,0.025213,0.046961,0.026726,0.034581,0.113439,0.046053,0.162495,0.079328,0.090568,0.10625,0.061308,0.081378,0.079161
1198.jpg,/mnt/data1/spring/multimodal_project/data/images/1198.jpg,12,12,7,0.162495,0,0.046538,0.025213,0.046962,0.026726,0.034581,0.113439,0.046053,0.162495,0.079328,0.090567,0.10625,0.061308,0.081378,0.079161
561.jpg,/mnt/data1/spring/multimodal_project/data/images/561.jpg,7,7,7,0.162495,1,0.046538,0.025213,0.046962,0.026726,0.034581,0.11344,0.046053,0.162495,0.079328,0.090568,0.10625,0.061308,0.081378,0.079161
926.jpg,/mnt/data1/spring/multimodal_project/data/images/926.jpg,9,9,7,0.162495,0,0.046538,0.025213,0.046962,0.026726,0.034581,0.113439,0.046053,0.162495,0.079328,0.090568,0.10625,0.061308,0.081378,0.079161
711.jpg,/mnt/data1/spring/multimodal_project/data/images/711.jpg,8,8,7,0.162495,0,0.046538,0.025213,0.046961,0.026726,0.034581,0.113439,0.046053,0.162495,0.079328,0.090568,0.10625,0.061308,0.081378,0.079161
1249.jpg,/mnt/data1/spring/multimodal_project/data/images/1249.jpg,12,12,7,0.162495,0,0.046538,0.025213,0.046961,0.026726,0.034581,0.113439,0.046053,0.162495,0.079328,0.090567,0.10625,0.061308,0.081378,0.079161
1336.jpg,/mnt/data1/spring/multimodal_project/data/images/1336.jpg,13,13,7,0.162495,0,0.046538,0.025213,0.046962,0.026726,0.034581,0.11344,0.046053,0.162495,0.079328,0.090568,0.10625,0.061308,0.081378,0.079161
277.jpg,/mnt/data1/spring/multimodal_project/data/images/277.jpg,5,5,7,0.162495,0,0.046538,0.025213,0.046962,0.026726,0.034581,0.11344,0.046053,0.162495,0.079328,0.090568,0.10625,0.061308,0.081378,0.079161
244.jpg,/mnt/data1/spring/multimodal_project/data/images/244.jpg,4,4,7,0.162495,0,0.046538,0.025213,0.046961,0.026726,0.034581,0.113439,0.046053,0.162495,0.079328,0.090568,0.10625,0.061308,0.081378,0.079161
39.jpg,/mnt/data1/spring/multimodal_project/data/images/39.jpg,0,0,7,0.162495,0,0.046538,0.025213,0.046962,0.026726,0.034581,0.11344,0.046053,0.162495,0.079328,0.090568,0.10625,0.061308,0.081378,0.079161
446.jpg,/mnt/data1/spring/multimodal_project/data/images/446.jpg,6,6,7,0.162495,0,0.046538,0.025213,0.046962,0.026726,0.034581,0.113439,0.046053,0.162495,0.079328,0.090568,0.10625,0.061308,0.081378,0.079161
759.jpg,/mnt/data1/spring/multimodal_project/data/images/759.jpg,8,8,7,0.162495,0,0.046538,0.025213,0.046961,0.026726,0.034581,0.113439,0.046053,0.162495,0.079328,0.090568,0.10625,0.061308,0.081378,0.079161
222.jpg,/mnt/data1/spring/multimodal_project/data/images/222.jpg,4,4,7,0.162495,0,0.046538,0.025213,0.046962,0.026726,0.034581,0.113439,0.046053,0.162495,0.079328,0.090568,0.10625,0.061308,0.081378,0.079161
417.jpg,/mnt/data1/spring/multimodal_project/data/images/417.jpg,6,6,7,0.162495,0,0.046538,0.025213,0.046962,0.026726,0.034581,0.113439,0.046053,0.162495,0.079328,0.090568,0.10625,0.061308,0.081378,0.079161
1074.jpg,/mnt/data1/spring/multimodal_project/data/images/1074.jpg,10,10,7,0.162495,0,0.046538,0.025213,0.046962,0.026726,0.034581,0.113439,0.046053,0.162495,0.079328,0.090568,0.10625,0.061308,0.081378,0.079161
1234.jpg,/mnt/data1/spring/multimodal_project/data/images/1234.jpg,12,12,7,0.162495,0,0.046538,0.025213,0.046961,0.026726,0.034581,0.113439,0.046053,0.162495,0.079328,0.090568,0.10625,0.061308,0.081378,0.079161
78.jpg,/mnt/data1/spring/multimodal_project/data/images/78.jpg,1,1,7,0.162495,0,0.046538,0.025213,0.046961,0.026726,0.034581,0.113439,0.046053,0.162495,0.079328,0.090568,0.10625,0.061308,0.081378,0.079161
430.jpg,/mnt/data1/spring/multimodal_project/data/images/430.jpg,6,6,7,0.162495,0,0.046538,0.025213,0.046962,0.026726,0.034581,0.113439,0.046053,0.162495,0.079328,0.090568,0.10625,0.061308,0.081378,0.079161
357.jpg,/mnt/data1/spring/multimodal_project/data/images/357.jpg,5,5,7,0.162495,0,0.046538,0.025213,0.046962,0.026726,0.034581,0.11344,0.046053,0.162495,0.079328,0.090568,0.10625,0.061308,0.081378,0.079161
100.jpg,/mnt/data1/spring/multimodal_project/data/images/100.jpg,2,2,7,0.162495,0,0.046538,0.025213,0.046961,0.026726,0.034581,0.113439,0.046053,0.162495,0.079328,0.090568,0.10625,0.061308,0.081378,0.079161
1164.jpg,/mnt/data1/spring/multimodal_project/data/images/1164.jpg,11,11,7,0.162495,0,0.046538,0.025213,0.046962,0.026726,0.034581,0.113439,0.046053,0.162495,0.079328,0.090568,0.10625,0.061308,0.081378,0.079161
1152.jpg,/mnt/data1/spring/multimodal_project/data/images/1152.jpg,11,11,7,0.162495,0,0.046538,0.025213,0.046962,0.026726,0.034581,0.11344,0.046053,0.162495,0.079328,0.090568,0.10625,0.061308,0.081378,0.079161
432.jpg,/mnt/data1/spring/multimodal_project/data/images/432.jpg,6,6,7,0.162495,0,0.046538,0.025213,0.046962,0.026726,0.034581,0.113439,0.046053,0.162495,0.079328,0.090568,0.10625,0.061308,0.081378,0.079161
931.jpg,/mnt/data1/spring/multimodal_project/data/images/931.jpg,9,9,7,0.162495,0,0.046538,0.025213,0.046962,0.026726,0.034581,0.113439,0.046053,0.162495,0.079328,0.090568,0.10625,0.061308,0.081378,0.079161
1302.jpg,/mnt/data1/spring/multimodal_project/data/images/1302.jpg,13,13,7,0.162495,0,0.046538,0.025213,0.046961,0.026726,0.034581,0.113439,0.046053,0.162495,0.079328,0.090568,0.10625,0.061308,0.081378,0.079161
233.jpg,/mnt/data1/spring/multimodal_project/data/images/233.jpg,4,4,7,0.162495,0,0.046538,0.025213,0.046962,0.026726,0.034581,0.113439,0.046053,0.162495,0.079328,0.090568,0.10625,0.061308,0.081378,0.079161
637.jpg,/mnt/data1/spring/multimodal_project/data/images/637.jpg,7,7,7,0.162495,1,0.046538,0.025213,0.046962,0.026726,0.034581,0.11344,0.046053,0.162495,0.079328,0.090568,0.10625,0.061308,0.081378,0.079161
227.jpg,/mnt/data1/spring/multimodal_project/data/images/227.jpg,4,4,7,0.162495,0,0.046538,0.025213,0.046962,0.026726,0.034581,0.113439,0.046053,0.162495,0.079328,0.090568,0.10625,0.061308,0.081378,0.079161
873.jpg,/mnt/data1/spring/multimodal_project/data/images/873.jpg,9,9,7,0.162495,0,0.046538,0.025213,0.046962,0.026726,0.034581,0.113439,0.046053,0.162495,0.079328,0.090568,0.10625,0.061308,0.081378,0.079161
13.jpg,/mnt/data1/spring/multimodal_project/data/images/13.jpg,0,0,7,0.162495,0,0.046538,0.025213,0.046962,0.026726,0.034581,0.11344,0.046053,0.162495,0.079328,0.090568,0.10625,0.061308,0.081378,0.079161
